2026/08/23 18:15:23 にビルドを開始しました。
ログの詳細度は次のように設定されています: Detailed。     0>プロセス = "C:\Program Files\dotnet\dotnet.exe"
       MSBuild 実行可能ファイルのパス = "C:\Program Files\dotnet\sdk\10.0.301\MSBuild.exe"
       コマンド ライン引数 = "C:\Program Files\dotnet\sdk\10.0.301\MSBuild.exe -maxcpucount --verbosity:m -tlp:default=auto --property:Platform=x64 --property:NuGetInteractive=true --restoreProperty:Platform=x64 --restoreProperty:NuGetInteractive=true --restoreProperty:EnableDefaultCompileItems=false --restoreProperty:EnableDefaultEmbeddedResourceItems=false --restoreProperty:EnableDefaultNoneItems=false --nologo Archivio/Archivio.csproj -fl -flp:logfile=build.log -consoleloggerparameters:Summary -restore -distributedlogger:Microsoft.DotNet.Cli.Commands.MSBuild.MSBuildLogger,C:\Program Files\dotnet\sdk\10.0.301\dotnet.dll*Microsoft.DotNet.Cli.Commands.MSBuild.MSBuildForwardingLogger,C:\Program Files\dotnet\sdk\10.0.301\dotnet.dll -tlp:DISABLENODEDISPLAY"
       現在のディレクトリ = "C:\Users\tuoza\source\repos\Archivio"
       MSBuild バージョン = "18.6.4+96856fd72"
       Windows レジストリ キー LongPathsEnabled に基づいて、LongPaths 機能は有効です。
       Windows レジストリ キー VerifiedAndReputablePolicyState に基づいて、SAC 状態 = 0: オフ。
       SDK "Microsoft.NET.Sdk" は、"DefaultSdkResolver" リゾルバーによって場所 "C:\Program Files\dotnet\sdk\10.0.301\Sdks\Microsoft.NET.Sdk\Sdk" とバージョン"" に正常に解決されました。
       C:\Program Files\dotnet\sdk\10.0.301\Sdks\Microsoft.NET.Sdk\Sdk\Sdk.props(49,11): message : 環境から展開された 'C:\Program Files\dotnet\sdk\10.0.301\' 値を持つプロパティ 'MSBuildExtensionsPath'。
       C:\Program Files\dotnet\sdk\10.0.301\Current\Microsoft.Common.props(60,5): message : プロパティの再代入: $(MSBuildProjectExtensionsPath)="C:\Users\tuoza\source\repos\Archivio\Archivio\obj\" (以前の値: "obj\") C:\Program Files\dotnet\sdk\10.0.301\Current\Microsoft.Common.props (60,5)
       C:\Program Files\dotnet\sdk\10.0.301\Current\Microsoft.Common.props(84,119): message : 環境から展開された 'C:\Users\tuoza\AppData\Local\Microsoft\MSBuild' 値を持つプロパティ 'MSBuildUserExtensionsPath'。
       "Platform" プロパティはグローバル プロパティであり、変更できません。
       Evaluation 中にアセンブリが読み込まれました: System.Threading.Tasks.Parallel, Version=10.0.0.0, Culture=neutral, PublicKeyToken=b03f5f7f11d50a3a (場所: C:\Program Files\dotnet\shared\Microsoft.NETCore.App\10.0.11\System.Threading.Tasks.Parallel.dll、MVID: 83d8dd75-ecb2-4bc3-8824-f728f46df590、AssemblyLoadContext: Default)
       "Platform" プロパティはグローバル プロパティであり、変更できません。
       C:\Program Files\dotnet\sdk\10.0.301\Sdks\Microsoft.NET.Sdk\targets\Microsoft.NET.Sdk.props(90,5): message : プロパティの再代入: $(AssemblySearchPaths)="{CandidateAssemblyFiles};{HintPathFromItem}" (以前の値: "{CandidateAssemblyFiles}") C:\Program Files\dotnet\sdk\10.0.301\Sdks\Microsoft.NET.Sdk\targets\Microsoft.NET.Sdk.props (90,5)
       C:\Program Files\dotnet\sdk\10.0.301\Sdks\Microsoft.NET.Sdk\targets\Microsoft.NET.Sdk.props(91,5): message : プロパティの再代入: $(AssemblySearchPaths)="{CandidateAssemblyFiles};{HintPathFromItem};{TargetFrameworkDirectory}" (以前の値: "{CandidateAssemblyFiles};{HintPathFromItem}") C:\Program Files\dotnet\sdk\10.0.301\Sdks\Microsoft.NET.Sdk\targets\Microsoft.NET.Sdk.props (91,5)
       C:\Program Files\dotnet\sdk\10.0.301\Sdks\Microsoft.NET.Sdk\targets\Microsoft.NET.Sdk.props(92,5): message : プロパティの再代入: $(AssemblySearchPaths)="{CandidateAssemblyFiles};{HintPathFromItem};{TargetFrameworkDirectory};{RawFileName}" (以前の値: "{CandidateAssemblyFiles};{HintPathFromItem};{TargetFrameworkDirectory}") C:\Program Files\dotnet\sdk\10.0.301\Sdks\Microsoft.NET.Sdk\targets\Microsoft.NET.Sdk.props (92,5)
       "DefaultSdkResolver" リゾルバーが SDK "Microsoft.NET.SDK.WorkloadAutoImportPropsLocator" を解決しようとしました。
       警告: null
       エラー: MSB4276: ディレクトリ "Microsoft.NET.SDK.WorkloadAutoImportPropsLocator" が存在しなかったため、既定の SDK リゾルバーは SDK "C:\Program Files\dotnet\sdk\10.0.301\Sdks\Microsoft.NET.SDK.WorkloadAutoImportPropsLocator\Sdk" を解決できませんでした。
       Evaluation 中にアセンブリが読み込まれました: Microsoft.Build.NuGetSdkResolver, Version=7.6.0.0, Culture=neutral, PublicKeyToken=31bf3856ad364e35 (場所: C:\Program Files\dotnet\sdk\10.0.301\Microsoft.Build.NuGetSdkResolver.dll、MVID: e5583d1f-c737-42f8-bfb8-ad354e87f69c、AssemblyLoadContext: MSBuild plugin C:\Program Files\dotnet\sdk\10.0.301\Microsoft.Build.NuGetSdkResolver.dll)
       Evaluation 中にアセンブリが読み込まれました: System.Reflection.Metadata, Version=10.0.0.0, Culture=neutral, PublicKeyToken=b03f5f7f11d50a3a (場所: C:\Program Files\dotnet\shared\Microsoft.NETCore.App\10.0.11\System.Reflection.Metadata.dll、MVID: dd0822ff-6d8f-40a1-a966-4b9e170e0e76、AssemblyLoadContext: Default)
       Evaluation 中にアセンブリが読み込まれました: NuGet.Common, Version=7.6.0.0, Culture=neutral, PublicKeyToken=31bf3856ad364e35 (場所: C:\Program Files\dotnet\sdk\10.0.301\NuGet.Common.dll、MVID: 53441cde-b7f3-4aae-afad-7f9b356c0065、AssemblyLoadContext: MSBuild plugin C:\Program Files\dotnet\sdk\10.0.301\Microsoft.Build.NuGetSdkResolver.dll)
       Evaluation 中にアセンブリが読み込まれました: Microsoft.NET.Sdk.WorkloadMSBuildSdkResolver, Version=10.0.301.0, Culture=neutral, PublicKeyToken=31bf3856ad364e35 (場所: C:\Program Files\dotnet\sdk\10.0.301\Microsoft.NET.Sdk.WorkloadMSBuildSdkResolver.dll、MVID: d9ce0dd4-5bc7-4dce-b0be-842f9569f80b、AssemblyLoadContext: MSBuild plugin C:\Program Files\dotnet\sdk\10.0.301\Microsoft.NET.Sdk.WorkloadMSBuildSdkResolver.dll)
       Evaluation 中にアセンブリが読み込まれました: Microsoft.DotNet.Cli.CoreUtils, Version=10.0.301.0, Culture=neutral, PublicKeyToken=adb9793829ddae60 (場所: C:\Program Files\dotnet\sdk\10.0.301\Microsoft.DotNet.Cli.CoreUtils.dll、MVID: 80d59bd3-ec3e-412c-9711-762ea86c8a4b、AssemblyLoadContext: MSBuild plugin C:\Program Files\dotnet\sdk\10.0.301\Microsoft.NET.Sdk.WorkloadMSBuildSdkResolver.dll)
       Evaluation 中にアセンブリが読み込まれました: Microsoft.NET.Sdk.WorkloadManifestReader, Version=10.0.301.0, Culture=neutral, PublicKeyToken=adb9793829ddae60 (場所: C:\Program Files\dotnet\sdk\10.0.301\Microsoft.NET.Sdk.WorkloadManifestReader.dll、MVID: 15d75c63-d5d4-417b-8929-77940bae9164、AssemblyLoadContext: MSBuild plugin C:\Program Files\dotnet\sdk\10.0.301\Microsoft.NET.Sdk.WorkloadMSBuildSdkResolver.dll)
       Evaluation 中にアセンブリが読み込まれました: Microsoft.Deployment.DotNet.Releases, Version=2.0.0.0, Culture=neutral, PublicKeyToken=31bf3856ad364e35 (場所: C:\Program Files\dotnet\sdk\10.0.301\Microsoft.Deployment.DotNet.Releases.dll、MVID: 2c0d9534-e211-4d4d-9419-0799af0445a8、AssemblyLoadContext: MSBuild plugin C:\Program Files\dotnet\sdk\10.0.301\Microsoft.NET.Sdk.WorkloadMSBuildSdkResolver.dll)
       SDK "Microsoft.NET.SDK.WorkloadAutoImportPropsLocator" は、"Microsoft.DotNet.MSBuildWorkloadSdkResolver" リゾルバーによって場所 "C:\Program Files\dotnet\packs\Microsoft.Android.Sdk.Windows\36.1.43\Sdk" とバージョン"null" に正常に解決されました。
       C:\Users\tuoza\source\repos\Archivio\Archivio\Archivio.csproj(6,9): message : プロパティの再代入: $(OutputType)="WinExe" (以前の値: "Library") C:\Users\tuoza\source\repos\Archivio\Archivio\Archivio.csproj (6,9)
       C:\Users\tuoza\source\repos\Archivio\Archivio\Archivio.csproj(23,9): message : プロパティの再代入: $(Platforms)="x86;x64;ARM64" (以前の値: "AnyCPU") C:\Users\tuoza\source\repos\Archivio\Archivio\Archivio.csproj (23,9)
       Evaluation 中にアセンブリが読み込まれました: NuGet.Frameworks, Version=7.6.0.0, Culture=neutral, PublicKeyToken=31bf3856ad364e35 (場所: C:\Program Files\dotnet\sdk\10.0.301\NuGet.Frameworks.dll、MVID: f139722d-71e1-4dbe-a663-31903f3d4ab1、AssemblyLoadContext: Assembly.LoadFile(C:\Program Files\dotnet\sdk\10.0.301\NuGet.Frameworks.dll))
       C:\Users\tuoza\source\repos\Archivio\Archivio\Archivio.csproj(52,9): message : プロパティの再代入: $(NoWarn)="1701;1702;NU1701" (以前の値: "1701;1702") C:\Users\tuoza\source\repos\Archivio\Archivio\Archivio.csproj (52,9)
       "Platform" プロパティはグローバル プロパティであり、変更できません。
       "Platform" プロパティはグローバル プロパティであり、変更できません。
       C:\Program Files\dotnet\sdk\10.0.301\Sdks\Microsoft.NET.Sdk\targets\Microsoft.NET.TargetFrameworkInference.targets(84,5): message : プロパティの再代入: $(TargetPlatformIdentifier)="Windows" (以前の値: "windows") C:\Program Files\dotnet\sdk\10.0.301\Sdks\Microsoft.NET.Sdk\targets\Microsoft.NET.TargetFrameworkInference.targets (84,5)
       C:\Program Files\dotnet\sdk\10.0.301\Sdks\Microsoft.NET.Sdk\targets\Microsoft.NET.DefaultOutputPaths.targets(127,5): message : プロパティの再代入: $(DefaultItemExcludes)=";bin\x64\Debug\/**;obj\x64\Debug\/**" (以前の値: ";bin\x64\Debug\/**") C:\Program Files\dotnet\sdk\10.0.301\Sdks\Microsoft.NET.Sdk\targets\Microsoft.NET.DefaultOutputPaths.targets (127,5)
       C:\Program Files\dotnet\sdk\10.0.301\Sdks\Microsoft.NET.Sdk\targets\Microsoft.NET.DefaultOutputPaths.targets(142,5): message : プロパティの再代入: $(OutputPath)="bin\x64\Debug\net10.0-windows10.0.19041.0\" (以前の値: "bin\x64\Debug\") C:\Program Files\dotnet\sdk\10.0.301\Sdks\Microsoft.NET.Sdk\targets\Microsoft.NET.DefaultOutputPaths.targets (142,5)
       C:\Program Files\dotnet\sdk\10.0.301\Sdks\Microsoft.NET.Sdk\targets\Microsoft.NET.DefaultOutputPaths.targets(147,5): message : プロパティの再代入: $(IntermediateOutputPath)="obj\x64\Debug\net10.0-windows10.0.19041.0\" (以前の値: "obj\x64\Debug\") C:\Program Files\dotnet\sdk\10.0.301\Sdks\Microsoft.NET.Sdk\targets\Microsoft.NET.DefaultOutputPaths.targets (147,5)
       "DefaultSdkResolver" リゾルバーが SDK "Microsoft.NET.SDK.WorkloadManifestTargetsLocator" を解決しようとしました。
       警告: null
       エラー: MSB4276: ディレクトリ "Microsoft.NET.SDK.WorkloadManifestTargetsLocator" が存在しなかったため、既定の SDK リゾルバーは SDK "C:\Program Files\dotnet\sdk\10.0.301\Sdks\Microsoft.NET.SDK.WorkloadManifestTargetsLocator\Sdk" を解決できませんでした。
       SDK "Microsoft.NET.SDK.WorkloadManifestTargetsLocator" は、"Microsoft.DotNet.MSBuildWorkloadSdkResolver" リゾルバーによって場所 "C:\Program Files\dotnet\sdk-manifests\10.0.100\microsoft.net.sdk.android\36.1.43" とバージョン"null" に正常に解決されました。
       C:\Program Files\dotnet\sdk\10.0.301\Sdks\Microsoft.NET.Sdk\targets\Microsoft.NET.RuntimeIdentifierInference.targets(401,5): message : プロパティの再代入: $(IntermediateOutputPath)="obj\x64\Debug\net10.0-windows10.0.19041.0\win-x64\" (以前の値: "obj\x64\Debug\net10.0-windows10.0.19041.0\") C:\Program Files\dotnet\sdk\10.0.301\Sdks\Microsoft.NET.Sdk\targets\Microsoft.NET.RuntimeIdentifierInference.targets (401,5)
       C:\Program Files\dotnet\sdk\10.0.301\Sdks\Microsoft.NET.Sdk\targets\Microsoft.NET.RuntimeIdentifierInference.targets(402,5): message : プロパティの再代入: $(OutputPath)="bin\x64\Debug\net10.0-windows10.0.19041.0\win-x64\" (以前の値: "bin\x64\Debug\net10.0-windows10.0.19041.0\") C:\Program Files\dotnet\sdk\10.0.301\Sdks\Microsoft.NET.Sdk\targets\Microsoft.NET.RuntimeIdentifierInference.targets (402,5)
       C:\Program Files\dotnet\sdk\10.0.301\Sdks\Microsoft.NET.Sdk\targets\Microsoft.NET.Sdk.BeforeCommon.targets(379,5): message : プロパティの再代入: $(RoslynTargetsPath)="C:\Program Files\dotnet\sdk\10.0.301\Sdks\Microsoft.NET.Sdk\targets\..\..\..\Roslyn" (以前の値: "C:\Program Files\dotnet\sdk\10.0.301\Roslyn") C:\Program Files\dotnet\sdk\10.0.301\Sdks\Microsoft.NET.Sdk\targets\Microsoft.NET.Sdk.BeforeCommon.targets (379,5)
       C:\Program Files\dotnet\sdk\10.0.301\Roslyn\Microsoft.Managed.Core.targets(6,5): message : プロパティの再代入: $(_BuildTasksDirectory)="C:\Program Files\dotnet\sdk\10.0.301\Sdks\Microsoft.NET.Sdk\targets\..\..\..\Roslyn\" (以前の値: "C:\Program Files\dotnet\sdk\10.0.301\Roslyn\") C:\Program Files\dotnet\sdk\10.0.301\Roslyn\Microsoft.Managed.Core.targets (6,5)
       C:\Program Files\dotnet\sdk\10.0.301\Roslyn\Microsoft.CSharp.Core.targets(213,5): message : プロパティの再代入: $(CommandLineArgsForDesignTimeEvaluation)="-langversion:latest -define:TRACE" (以前の値: "-langversion:latest") C:\Program Files\dotnet\sdk\10.0.301\Roslyn\Microsoft.CSharp.Core.targets (213,5)
       Evaluation 中にアセンブリが読み込まれました: Microsoft.Build.Utilities.Core, Version=15.1.0.0, Culture=neutral, PublicKeyToken=b03f5f7f11d50a3a (場所: C:\Program Files\dotnet\sdk\10.0.301\Microsoft.Build.Utilities.Core.dll、MVID: 95ec2b21-9bd7-4894-b501-9ea3df055feb、AssemblyLoadContext: Default)
       "Platform" プロパティはグローバル プロパティであり、変更できません。
       C:\Program Files\dotnet\sdk\10.0.301\Microsoft.Common.CurrentVersion.targets(175,5): message : プロパティの再代入: $(_DebugSymbolsProduced)="true" (以前の値: "false") C:\Program Files\dotnet\sdk\10.0.301\Microsoft.Common.CurrentVersion.targets (175,5)
       C:\Program Files\dotnet\sdk\10.0.301\Microsoft.Common.CurrentVersion.targets(185,5): message : プロパティの再代入: $(_DocumentationFileProduced)="false" (以前の値: "true") C:\Program Files\dotnet\sdk\10.0.301\Microsoft.Common.CurrentVersion.targets (185,5)
       C:\Program Files\dotnet\sdk\10.0.301\Microsoft.Common.CurrentVersion.targets(393,5): message : プロパティの再代入: $(MSBuildCopyMarkerName)="Archivio.csproj.Up2Date" (以前の値: "Archivio.csproj") C:\Program Files\dotnet\sdk\10.0.301\Microsoft.Common.CurrentVersion.targets (393,5)
       C:\Program Files\dotnet\sdk\10.0.301\Microsoft.Common.CurrentVersion.targets(528,5): message : プロパティの再代入: $(ProcessorArchitecture)="amd64" (以前の値: "x64") C:\Program Files\dotnet\sdk\10.0.301\Microsoft.Common.CurrentVersion.targets (528,5)
       C:\Program Files\dotnet\sdk\10.0.301\Microsoft.Common.CurrentVersion.targets(580,5): message : プロパティの再代入: $(DelaySign)="" (以前の値: "false") C:\Program Files\dotnet\sdk\10.0.301\Microsoft.Common.CurrentVersion.targets (580,5)
       C:\Program Files\dotnet\sdk\10.0.301\Microsoft.Common.CurrentVersion.targets(2622,5): message : 環境から展開された 'C:\Users\tuoza\AppData\Local' 値を持つプロパティ 'LOCALAPPDATA'。
       C:\Program Files\dotnet\sdk\10.0.301\Microsoft.Common.CurrentVersion.targets(3950,5): message : プロパティの再代入: $(_SGenGenerateSerializationAssembliesConfig)="Auto" (以前の値: "") C:\Program Files\dotnet\sdk\10.0.301\Microsoft.Common.CurrentVersion.targets (3950,5)
       C:\Program Files\dotnet\sdk\10.0.301\Microsoft.Common.CurrentVersion.targets(3951,5): message : プロパティの再代入: $(_SGenGenerateSerializationAssembliesConfig)="Off" (以前の値: "Auto") C:\Program Files\dotnet\sdk\10.0.301\Microsoft.Common.CurrentVersion.targets (3951,5)
       C:\Program Files\dotnet\sdk\10.0.301\Microsoft.Common.CurrentVersion.targets(5162,5): message : プロパティの再代入: $(_TargetsThatPrepareProjectReferences)="
       C:\Program Files\dotnet\sdk\10.0.301\Microsoft.Common.CurrentVersion.targets(5162,5): message :       AssignProjectConfiguration;
       C:\Program Files\dotnet\sdk\10.0.301\Microsoft.Common.CurrentVersion.targets(5162,5): message :       _SplitProjectReferencesByFileExistence
       C:\Program Files\dotnet\sdk\10.0.301\Microsoft.Common.CurrentVersion.targets(5162,5): message :     " (以前の値: "_SplitProjectReferencesByFileExistence") C:\Program Files\dotnet\sdk\10.0.301\Microsoft.Common.CurrentVersion.targets (5162,5)
       C:\Program Files\dotnet\sdk\10.0.301\Microsoft.Common.CurrentVersion.targets(6975,5): message : 環境から展開された 'C:\Program Files\dotnet\sdk\10.0.301' 値を持つプロパティ 'MSBuildExtensionsPath32'。
       "NuGetInteractive" プロパティはグローバル プロパティであり、変更できません。
       C:\Program Files\dotnet\sdk\10.0.301\Sdks\Microsoft.NET.Sdk\targets\Microsoft.PackageDependencyResolution.targets(24,5): message : プロパティの再代入: $(ProjectAssetsFile)="C:\Users\tuoza\source\repos\Archivio\Archivio\obj\project.assets.json" (以前の値: "C:\Users\tuoza\source\repos\Archivio\Archivio\obj\/project.assets.json") C:\Program Files\dotnet\sdk\10.0.301\Sdks\Microsoft.NET.Sdk\targets\Microsoft.PackageDependencyResolution.targets (24,5)
       C:\Program Files\dotnet\sdk\10.0.301\Sdks\Microsoft.NET.Sdk\targets\Microsoft.PackageDependencyResolution.targets(29,5): message : プロパティの再代入: $(ProjectAssetsCacheFile)="C:\Users\tuoza\source\repos\Archivio\Archivio\obj\x64\Debug\net10.0-windows10.0.19041.0\win-x64\Archivio.assets.cache" (以前の値: "obj\x64\Debug\net10.0-windows10.0.19041.0\win-x64\Archivio.assets.cache") C:\Program Files\dotnet\sdk\10.0.301\Sdks\Microsoft.NET.Sdk\targets\Microsoft.PackageDependencyResolution.targets (29,5)
       C:\Program Files\dotnet\sdk\10.0.301\Sdks\Microsoft.NET.Sdk\targets\Microsoft.PackageDependencyResolution.targets(80,5): message : プロパティの再代入: $(ResolveAssemblyReferencesDependsOn)="
       C:\Program Files\dotnet\sdk\10.0.301\Sdks\Microsoft.NET.Sdk\targets\Microsoft.PackageDependencyResolution.targets(80,5): message :       
       C:\Program Files\dotnet\sdk\10.0.301\Sdks\Microsoft.NET.Sdk\targets\Microsoft.PackageDependencyResolution.targets(80,5): message :       ResolveProjectReferences;
       C:\Program Files\dotnet\sdk\10.0.301\Sdks\Microsoft.NET.Sdk\targets\Microsoft.PackageDependencyResolution.targets(80,5): message :       FindInvalidProjectReferences;
       C:\Program Files\dotnet\sdk\10.0.301\Sdks\Microsoft.NET.Sdk\targets\Microsoft.PackageDependencyResolution.targets(80,5): message :       GetFrameworkPaths;
       C:\Program Files\dotnet\sdk\10.0.301\Sdks\Microsoft.NET.Sdk\targets\Microsoft.PackageDependencyResolution.targets(80,5): message :       GetReferenceAssemblyPaths;
       C:\Program Files\dotnet\sdk\10.0.301\Sdks\Microsoft.NET.Sdk\targets\Microsoft.PackageDependencyResolution.targets(80,5): message :       PrepareForBuild;
       C:\Program Files\dotnet\sdk\10.0.301\Sdks\Microsoft.NET.Sdk\targets\Microsoft.PackageDependencyResolution.targets(80,5): message :       ResolveSDKReferences;
       C:\Program Files\dotnet\sdk\10.0.301\Sdks\Microsoft.NET.Sdk\targets\Microsoft.PackageDependencyResolution.targets(80,5): message :       ExpandSDKReferences;
       C:\Program Files\dotnet\sdk\10.0.301\Sdks\Microsoft.NET.Sdk\targets\Microsoft.PackageDependencyResolution.targets(80,5): message :     ;
       C:\Program Files\dotnet\sdk\10.0.301\Sdks\Microsoft.NET.Sdk\targets\Microsoft.PackageDependencyResolution.targets(80,5): message :       ResolvePackageDependenciesForBuild;
       C:\Program Files\dotnet\sdk\10.0.301\Sdks\Microsoft.NET.Sdk\targets\Microsoft.PackageDependencyResolution.targets(80,5): message :       _HandlePackageFileConflicts;
       C:\Program Files\dotnet\sdk\10.0.301\Sdks\Microsoft.NET.Sdk\targets\Microsoft.PackageDependencyResolution.targets(80,5): message :     " (以前の値: "
       C:\Program Files\dotnet\sdk\10.0.301\Sdks\Microsoft.NET.Sdk\targets\Microsoft.PackageDependencyResolution.targets(80,5): message :       ResolveProjectReferences;
       C:\Program Files\dotnet\sdk\10.0.301\Sdks\Microsoft.NET.Sdk\targets\Microsoft.PackageDependencyResolution.targets(80,5): message :       FindInvalidProjectReferences;
       C:\Program Files\dotnet\sdk\10.0.301\Sdks\Microsoft.NET.Sdk\targets\Microsoft.PackageDependencyResolution.targets(80,5): message :       GetFrameworkPaths;
       C:\Program Files\dotnet\sdk\10.0.301\Sdks\Microsoft.NET.Sdk\targets\Microsoft.PackageDependencyResolution.targets(80,5): message :       GetReferenceAssemblyPaths;
       C:\Program Files\dotnet\sdk\10.0.301\Sdks\Microsoft.NET.Sdk\targets\Microsoft.PackageDependencyResolution.targets(80,5): message :       PrepareForBuild;
       C:\Program Files\dotnet\sdk\10.0.301\Sdks\Microsoft.NET.Sdk\targets\Microsoft.PackageDependencyResolution.targets(80,5): message :       ResolveSDKReferences;
       C:\Program Files\dotnet\sdk\10.0.301\Sdks\Microsoft.NET.Sdk\targets\Microsoft.PackageDependencyResolution.targets(80,5): message :       ExpandSDKReferences;
       C:\Program Files\dotnet\sdk\10.0.301\Sdks\Microsoft.NET.Sdk\targets\Microsoft.PackageDependencyResolution.targets(80,5): message :     ") C:\Program Files\dotnet\sdk\10.0.301\Sdks\Microsoft.NET.Sdk\targets\Microsoft.PackageDependencyResolution.targets (80,5)
       C:\Program Files\dotnet\sdk\10.0.301\Sdks\Microsoft.NET.Sdk\targets\Microsoft.PackageDependencyResolution.targets(86,5): message : プロパティの再代入: $(PrepareResourcesDependsOn)="
       C:\Program Files\dotnet\sdk\10.0.301\Sdks\Microsoft.NET.Sdk\targets\Microsoft.PackageDependencyResolution.targets(86,5): message :       ResolvePackageDependenciesForBuild;
       C:\Program Files\dotnet\sdk\10.0.301\Sdks\Microsoft.NET.Sdk\targets\Microsoft.PackageDependencyResolution.targets(86,5): message :       _HandlePackageFileConflicts;
       C:\Program Files\dotnet\sdk\10.0.301\Sdks\Microsoft.NET.Sdk\targets\Microsoft.PackageDependencyResolution.targets(86,5): message :       
       C:\Program Files\dotnet\sdk\10.0.301\Sdks\Microsoft.NET.Sdk\targets\Microsoft.PackageDependencyResolution.targets(86,5): message :       ;
       C:\Program Files\dotnet\sdk\10.0.301\Sdks\Microsoft.NET.Sdk\targets\Microsoft.PackageDependencyResolution.targets(86,5): message :       PrepareResourceNames;
       C:\Program Files\dotnet\sdk\10.0.301\Sdks\Microsoft.NET.Sdk\targets\Microsoft.PackageDependencyResolution.targets(86,5): message :       ResGen;
       C:\Program Files\dotnet\sdk\10.0.301\Sdks\Microsoft.NET.Sdk\targets\Microsoft.PackageDependencyResolution.targets(86,5): message :       CompileLicxFiles
       C:\Program Files\dotnet\sdk\10.0.301\Sdks\Microsoft.NET.Sdk\targets\Microsoft.PackageDependencyResolution.targets(86,5): message :     
       C:\Program Files\dotnet\sdk\10.0.301\Sdks\Microsoft.NET.Sdk\targets\Microsoft.PackageDependencyResolution.targets(86,5): message :     " (以前の値: "
       C:\Program Files\dotnet\sdk\10.0.301\Sdks\Microsoft.NET.Sdk\targets\Microsoft.PackageDependencyResolution.targets(86,5): message :       ;
       C:\Program Files\dotnet\sdk\10.0.301\Sdks\Microsoft.NET.Sdk\targets\Microsoft.PackageDependencyResolution.targets(86,5): message :       PrepareResourceNames;
       C:\Program Files\dotnet\sdk\10.0.301\Sdks\Microsoft.NET.Sdk\targets\Microsoft.PackageDependencyResolution.targets(86,5): message :       ResGen;
       C:\Program Files\dotnet\sdk\10.0.301\Sdks\Microsoft.NET.Sdk\targets\Microsoft.PackageDependencyResolution.targets(86,5): message :       CompileLicxFiles
       C:\Program Files\dotnet\sdk\10.0.301\Sdks\Microsoft.NET.Sdk\targets\Microsoft.PackageDependencyResolution.targets(86,5): message :     ") C:\Program Files\dotnet\sdk\10.0.301\Sdks\Microsoft.NET.Sdk\targets\Microsoft.PackageDependencyResolution.targets (86,5)
       "EnableDefaultCompileItems" プロパティはグローバル プロパティであり、変更できません。
       "EnableDefaultEmbeddedResourceItems" プロパティはグローバル プロパティであり、変更できません。
       "EnableDefaultNoneItems" プロパティはグローバル プロパティであり、変更できません。
       C:\Program Files\dotnet\sdk\10.0.301\Sdks\Microsoft.NET.Sdk\targets\Microsoft.NET.Sdk.DefaultItems.targets(35,5): message : プロパティの再代入: $(DefaultItemExcludes)=";bin\x64\Debug\/**;obj\x64\Debug\/**;bin\/**" (以前の値: ";bin\x64\Debug\/**;obj\x64\Debug\/**") C:\Program Files\dotnet\sdk\10.0.301\Sdks\Microsoft.NET.Sdk\targets\Microsoft.NET.Sdk.DefaultItems.targets (35,5)
       C:\Program Files\dotnet\sdk\10.0.301\Sdks\Microsoft.NET.Sdk\targets\Microsoft.NET.Sdk.DefaultItems.targets(37,5): message : プロパティの再代入: $(DefaultItemExcludes)=";bin\x64\Debug\/**;obj\x64\Debug\/**;bin\/**;obj\/**" (以前の値: ";bin\x64\Debug\/**;obj\x64\Debug\/**;bin\/**") C:\Program Files\dotnet\sdk\10.0.301\Sdks\Microsoft.NET.Sdk\targets\Microsoft.NET.Sdk.DefaultItems.targets (37,5)
       C:\Program Files\dotnet\sdk\10.0.301\Sdks\Microsoft.NET.Sdk\targets\Microsoft.NET.Sdk.DefaultItems.targets(41,5): message : プロパティの再代入: $(DefaultItemExcludes)=";bin\x64\Debug\/**;obj\x64\Debug\/**;bin\/**;obj\/**;bin\Debug\net10.0-windows10.0.19041.0\win-x64\publish\/**" (以前の値: ";bin\x64\Debug\/**;obj\x64\Debug\/**;bin\/**;obj\/**") C:\Program Files\dotnet\sdk\10.0.301\Sdks\Microsoft.NET.Sdk\targets\Microsoft.NET.Sdk.DefaultItems.targets (41,5)
       C:\Program Files\dotnet\sdk\10.0.301\Sdks\Microsoft.NET.Sdk\targets\Microsoft.NET.Sdk.DefaultItems.targets(44,5): message : プロパティの再代入: $(DefaultItemExcludes)=";bin\x64\Debug\/**;obj\x64\Debug\/**;bin\/**;obj\/**;bin\Debug\net10.0-windows10.0.19041.0\win-x64\publish\/**;**/*.user" (以前の値: ";bin\x64\Debug\/**;obj\x64\Debug\/**;bin\/**;obj\/**;bin\Debug\net10.0-windows10.0.19041.0\win-x64\publish\/**") C:\Program Files\dotnet\sdk\10.0.301\Sdks\Microsoft.NET.Sdk\targets\Microsoft.NET.Sdk.DefaultItems.targets (44,5)
       C:\Program Files\dotnet\sdk\10.0.301\Sdks\Microsoft.NET.Sdk\targets\Microsoft.NET.Sdk.DefaultItems.targets(45,5): message : プロパティの再代入: $(DefaultItemExcludes)=";bin\x64\Debug\/**;obj\x64\Debug\/**;bin\/**;obj\/**;bin\Debug\net10.0-windows10.0.19041.0\win-x64\publish\/**;**/*.user;**/*.*proj" (以前の値: ";bin\x64\Debug\/**;obj\x64\Debug\/**;bin\/**;obj\/**;bin\Debug\net10.0-windows10.0.19041.0\win-x64\publish\/**;**/*.user") C:\Program Files\dotnet\sdk\10.0.301\Sdks\Microsoft.NET.Sdk\targets\Microsoft.NET.Sdk.DefaultItems.targets (45,5)
       C:\Program Files\dotnet\sdk\10.0.301\Sdks\Microsoft.NET.Sdk\targets\Microsoft.NET.Sdk.DefaultItems.targets(46,5): message : プロパティの再代入: $(DefaultItemExcludes)=";bin\x64\Debug\/**;obj\x64\Debug\/**;bin\/**;obj\/**;bin\Debug\net10.0-windows10.0.19041.0\win-x64\publish\/**;**/*.user;**/*.*proj;**/*.sln" (以前の値: ";bin\x64\Debug\/**;obj\x64\Debug\/**;bin\/**;obj\/**;bin\Debug\net10.0-windows10.0.19041.0\win-x64\publish\/**;**/*.user;**/*.*proj") C:\Program Files\dotnet\sdk\10.0.301\Sdks\Microsoft.NET.Sdk\targets\Microsoft.NET.Sdk.DefaultItems.targets (46,5)
       C:\Program Files\dotnet\sdk\10.0.301\Sdks\Microsoft.NET.Sdk\targets\Microsoft.NET.Sdk.DefaultItems.targets(47,5): message : プロパティの再代入: $(DefaultItemExcludes)=";bin\x64\Debug\/**;obj\x64\Debug\/**;bin\/**;obj\/**;bin\Debug\net10.0-windows10.0.19041.0\win-x64\publish\/**;**/*.user;**/*.*proj;**/*.sln;**/*.slnx" (以前の値: ";bin\x64\Debug\/**;obj\x64\Debug\/**;bin\/**;obj\/**;bin\Debug\net10.0-windows10.0.19041.0\win-x64\publish\/**;**/*.user;**/*.*proj;**/*.sln") C:\Program Files\dotnet\sdk\10.0.301\Sdks\Microsoft.NET.Sdk\targets\Microsoft.NET.Sdk.DefaultItems.targets (47,5)
       C:\Program Files\dotnet\sdk\10.0.301\Sdks\Microsoft.NET.Sdk\targets\Microsoft.NET.Sdk.DefaultItems.targets(48,5): message : プロパティの再代入: $(DefaultItemExcludes)=";bin\x64\Debug\/**;obj\x64\Debug\/**;bin\/**;obj\/**;bin\Debug\net10.0-windows10.0.19041.0\win-x64\publish\/**;**/*.user;**/*.*proj;**/*.sln;**/*.slnx;**/*.vssscc" (以前の値: ";bin\x64\Debug\/**;obj\x64\Debug\/**;bin\/**;obj\/**;bin\Debug\net10.0-windows10.0.19041.0\win-x64\publish\/**;**/*.user;**/*.*proj;**/*.sln;**/*.slnx") C:\Program Files\dotnet\sdk\10.0.301\Sdks\Microsoft.NET.Sdk\targets\Microsoft.NET.Sdk.DefaultItems.targets (48,5)
       C:\Program Files\dotnet\sdk\10.0.301\Sdks\Microsoft.NET.Sdk\targets\Microsoft.NET.Sdk.DefaultItems.targets(49,5): message : プロパティの再代入: $(DefaultItemExcludes)=";bin\x64\Debug\/**;obj\x64\Debug\/**;bin\/**;obj\/**;bin\Debug\net10.0-windows10.0.19041.0\win-x64\publish\/**;**/*.user;**/*.*proj;**/*.sln;**/*.slnx;**/*.vssscc;**/.DS_Store" (以前の値: ";bin\x64\Debug\/**;obj\x64\Debug\/**;bin\/**;obj\/**;bin\Debug\net10.0-windows10.0.19041.0\win-x64\publish\/**;**/*.user;**/*.*proj;**/*.sln;**/*.slnx;**/*.vssscc") C:\Program Files\dotnet\sdk\10.0.301\Sdks\Microsoft.NET.Sdk\targets\Microsoft.NET.Sdk.DefaultItems.targets (49,5)
       C:\Program Files\dotnet\sdk\10.0.301\Sdks\Microsoft.NET.Sdk\targets\Microsoft.NET.Sdk.FrameworkReferenceResolution.targets(14,5): message : プロパティの再代入: $(ResolveAssemblyReferencesDependsOn)="
       C:\Program Files\dotnet\sdk\10.0.301\Sdks\Microsoft.NET.Sdk\targets\Microsoft.NET.Sdk.FrameworkReferenceResolution.targets(14,5): message :       
       C:\Program Files\dotnet\sdk\10.0.301\Sdks\Microsoft.NET.Sdk\targets\Microsoft.NET.Sdk.FrameworkReferenceResolution.targets(14,5): message :       
       C:\Program Files\dotnet\sdk\10.0.301\Sdks\Microsoft.NET.Sdk\targets\Microsoft.NET.Sdk.FrameworkReferenceResolution.targets(14,5): message :       ResolveProjectReferences;
       C:\Program Files\dotnet\sdk\10.0.301\Sdks\Microsoft.NET.Sdk\targets\Microsoft.NET.Sdk.FrameworkReferenceResolution.targets(14,5): message :       FindInvalidProjectReferences;
       C:\Program Files\dotnet\sdk\10.0.301\Sdks\Microsoft.NET.Sdk\targets\Microsoft.NET.Sdk.FrameworkReferenceResolution.targets(14,5): message :       GetFrameworkPaths;
       C:\Program Files\dotnet\sdk\10.0.301\Sdks\Microsoft.NET.Sdk\targets\Microsoft.NET.Sdk.FrameworkReferenceResolution.targets(14,5): message :       GetReferenceAssemblyPaths;
       C:\Program Files\dotnet\sdk\10.0.301\Sdks\Microsoft.NET.Sdk\targets\Microsoft.NET.Sdk.FrameworkReferenceResolution.targets(14,5): message :       PrepareForBuild;
       C:\Program Files\dotnet\sdk\10.0.301\Sdks\Microsoft.NET.Sdk\targets\Microsoft.NET.Sdk.FrameworkReferenceResolution.targets(14,5): message :       ResolveSDKReferences;
       C:\Program Files\dotnet\sdk\10.0.301\Sdks\Microsoft.NET.Sdk\targets\Microsoft.NET.Sdk.FrameworkReferenceResolution.targets(14,5): message :       ExpandSDKReferences;
       C:\Program Files\dotnet\sdk\10.0.301\Sdks\Microsoft.NET.Sdk\targets\Microsoft.NET.Sdk.FrameworkReferenceResolution.targets(14,5): message :     ;
       C:\Program Files\dotnet\sdk\10.0.301\Sdks\Microsoft.NET.Sdk\targets\Microsoft.NET.Sdk.FrameworkReferenceResolution.targets(14,5): message :       ResolvePackageDependenciesForBuild;
       C:\Program Files\dotnet\sdk\10.0.301\Sdks\Microsoft.NET.Sdk\targets\Microsoft.NET.Sdk.FrameworkReferenceResolution.targets(14,5): message :       _HandlePackageFileConflicts;
       C:\Program Files\dotnet\sdk\10.0.301\Sdks\Microsoft.NET.Sdk\targets\Microsoft.NET.Sdk.FrameworkReferenceResolution.targets(14,5): message :     ;
       C:\Program Files\dotnet\sdk\10.0.301\Sdks\Microsoft.NET.Sdk\targets\Microsoft.NET.Sdk.FrameworkReferenceResolution.targets(14,5): message :       ResolveTargetingPackAssets;
       C:\Program Files\dotnet\sdk\10.0.301\Sdks\Microsoft.NET.Sdk\targets\Microsoft.NET.Sdk.FrameworkReferenceResolution.targets(14,5): message :     " (以前の値: "
       C:\Program Files\dotnet\sdk\10.0.301\Sdks\Microsoft.NET.Sdk\targets\Microsoft.NET.Sdk.FrameworkReferenceResolution.targets(14,5): message :       
       C:\Program Files\dotnet\sdk\10.0.301\Sdks\Microsoft.NET.Sdk\targets\Microsoft.NET.Sdk.FrameworkReferenceResolution.targets(14,5): message :       ResolveProjectReferences;
       C:\Program Files\dotnet\sdk\10.0.301\Sdks\Microsoft.NET.Sdk\targets\Microsoft.NET.Sdk.FrameworkReferenceResolution.targets(14,5): message :       FindInvalidProjectReferences;
       C:\Program Files\dotnet\sdk\10.0.301\Sdks\Microsoft.NET.Sdk\targets\Microsoft.NET.Sdk.FrameworkReferenceResolution.targets(14,5): message :       GetFrameworkPaths;
       C:\Program Files\dotnet\sdk\10.0.301\Sdks\Microsoft.NET.Sdk\targets\Microsoft.NET.Sdk.FrameworkReferenceResolution.targets(14,5): message :       GetReferenceAssemblyPaths;
       C:\Program Files\dotnet\sdk\10.0.301\Sdks\Microsoft.NET.Sdk\targets\Microsoft.NET.Sdk.FrameworkReferenceResolution.targets(14,5): message :       PrepareForBuild;
       C:\Program Files\dotnet\sdk\10.0.301\Sdks\Microsoft.NET.Sdk\targets\Microsoft.NET.Sdk.FrameworkReferenceResolution.targets(14,5): message :       ResolveSDKReferences;
       C:\Program Files\dotnet\sdk\10.0.301\Sdks\Microsoft.NET.Sdk\targets\Microsoft.NET.Sdk.FrameworkReferenceResolution.targets(14,5): message :       ExpandSDKReferences;
       C:\Program Files\dotnet\sdk\10.0.301\Sdks\Microsoft.NET.Sdk\targets\Microsoft.NET.Sdk.FrameworkReferenceResolution.targets(14,5): message :     ;
       C:\Program Files\dotnet\sdk\10.0.301\Sdks\Microsoft.NET.Sdk\targets\Microsoft.NET.Sdk.FrameworkReferenceResolution.targets(14,5): message :       ResolvePackageDependenciesForBuild;
       C:\Program Files\dotnet\sdk\10.0.301\Sdks\Microsoft.NET.Sdk\targets\Microsoft.NET.Sdk.FrameworkReferenceResolution.targets(14,5): message :       _HandlePackageFileConflicts;
       C:\Program Files\dotnet\sdk\10.0.301\Sdks\Microsoft.NET.Sdk\targets\Microsoft.NET.Sdk.FrameworkReferenceResolution.targets(14,5): message :     ") C:\Program Files\dotnet\sdk\10.0.301\Sdks\Microsoft.NET.Sdk\targets\Microsoft.NET.Sdk.FrameworkReferenceResolution.targets (14,5)
       C:\Program Files\dotnet\sdk\10.0.301\Sdks\Microsoft.NET.Sdk\targets\Microsoft.NET.Sdk.targets(44,5): message : プロパティの再代入: $(_GenerateRuntimeConfigurationPropertyInputsCache)="C:\Users\tuoza\source\repos\Archivio\Archivio\obj\x64\Debug\net10.0-windows10.0.19041.0\win-x64\Archivio.genruntimeconfig.cache" (以前の値: "obj\x64\Debug\net10.0-windows10.0.19041.0\win-x64\Archivio.genruntimeconfig.cache") C:\Program Files\dotnet\sdk\10.0.301\Sdks\Microsoft.NET.Sdk\targets\Microsoft.NET.Sdk.targets (44,5)
       C:\Program Files\dotnet\sdk\10.0.301\Sdks\Microsoft.NET.Sdk\targets\Microsoft.NET.Sdk.targets(46,5): message : プロパティの再代入: $(_GeneratePublishDependencyFilePropertyInputsCache)="C:\Users\tuoza\source\repos\Archivio\Archivio\obj\x64\Debug\net10.0-windows10.0.19041.0\win-x64\Archivio.genpublishdeps.cache" (以前の値: "obj\x64\Debug\net10.0-windows10.0.19041.0\win-x64\Archivio.genpublishdeps.cache") C:\Program Files\dotnet\sdk\10.0.301\Sdks\Microsoft.NET.Sdk\targets\Microsoft.NET.Sdk.targets (46,5)
       C:\Program Files\dotnet\sdk\10.0.301\Sdks\Microsoft.NET.Sdk\targets\Microsoft.NET.Sdk.targets(48,5): message : プロパティの再代入: $(_GenerateSingleFileBundlePropertyInputsCache)="C:\Users\tuoza\source\repos\Archivio\Archivio\obj\x64\Debug\net10.0-windows10.0.19041.0\win-x64\Archivio.genbundle.cache" (以前の値: "obj\x64\Debug\net10.0-windows10.0.19041.0\win-x64\Archivio.genbundle.cache") C:\Program Files\dotnet\sdk\10.0.301\Sdks\Microsoft.NET.Sdk\targets\Microsoft.NET.Sdk.targets (48,5)
       C:\Program Files\dotnet\sdk\10.0.301\Sdks\Microsoft.NET.Sdk\targets\Microsoft.NET.Sdk.targets(81,5): message : プロパティの再代入: $(GenerateRuntimeConfigDevFile)="false" (以前の値: "true") C:\Program Files\dotnet\sdk\10.0.301\Sdks\Microsoft.NET.Sdk\targets\Microsoft.NET.Sdk.targets (81,5)
       C:\Program Files\dotnet\sdk\10.0.301\Sdks\Microsoft.NET.Sdk\targets\Microsoft.NET.Sdk.targets(97,5): message : 環境から展開された 'C:\Users\tuoza' 値を持つプロパティ 'HOME'。
       C:\Program Files\dotnet\sdk\10.0.301\Sdks\Microsoft.NET.Sdk\targets\Microsoft.NET.Sdk.targets(98,5): message : 環境から展開された 'C:\Users\tuoza' 値を持つプロパティ 'USERPROFILE'。
       C:\Program Files\dotnet\sdk\10.0.301\Sdks\Microsoft.NET.Sdk\targets\Microsoft.NET.Sdk.targets(99,5): message : プロパティの再代入: $(_DefaultUserProfileRuntimeStorePath)="C:\Users\tuoza\.dotnet\store" (以前の値: "C:\Users\tuoza") C:\Program Files\dotnet\sdk\10.0.301\Sdks\Microsoft.NET.Sdk\targets\Microsoft.NET.Sdk.targets (99,5)
       C:\Program Files\dotnet\sdk\10.0.301\Sdks\Microsoft.NET.Sdk\targets\Microsoft.NET.Sdk.targets(144,5): message : プロパティの再代入: $(AvailablePlatforms)="Any CPU,x86,x64,ARM32" (以前の値: "Any CPU,x86,x64") C:\Program Files\dotnet\sdk\10.0.301\Sdks\Microsoft.NET.Sdk\targets\Microsoft.NET.Sdk.targets (144,5)
       C:\Program Files\dotnet\sdk\10.0.301\Sdks\Microsoft.NET.Sdk\targets\Microsoft.NET.Sdk.targets(148,5): message : プロパティの再代入: $(AvailablePlatforms)="Any CPU,x86,x64,ARM32,ARM64" (以前の値: "Any CPU,x86,x64,ARM32") C:\Program Files\dotnet\sdk\10.0.301\Sdks\Microsoft.NET.Sdk\targets\Microsoft.NET.Sdk.targets (148,5)
       C:\Program Files\dotnet\sdk\10.0.301\Sdks\Microsoft.NET.Sdk\targets\Microsoft.NET.Sdk.targets(204,5): message : プロパティの再代入: $(CoreBuildDependsOn)="
       C:\Program Files\dotnet\sdk\10.0.301\Sdks\Microsoft.NET.Sdk\targets\Microsoft.NET.Sdk.targets(204,5): message :       _CheckForBuildWithNoBuild;
       C:\Program Files\dotnet\sdk\10.0.301\Sdks\Microsoft.NET.Sdk\targets\Microsoft.NET.Sdk.targets(204,5): message :       
       C:\Program Files\dotnet\sdk\10.0.301\Sdks\Microsoft.NET.Sdk\targets\Microsoft.NET.Sdk.targets(204,5): message :       BuildOnlySettings;
       C:\Program Files\dotnet\sdk\10.0.301\Sdks\Microsoft.NET.Sdk\targets\Microsoft.NET.Sdk.targets(204,5): message :       PrepareForBuild;
       C:\Program Files\dotnet\sdk\10.0.301\Sdks\Microsoft.NET.Sdk\targets\Microsoft.NET.Sdk.targets(204,5): message :       PreBuildEvent;
       C:\Program Files\dotnet\sdk\10.0.301\Sdks\Microsoft.NET.Sdk\targets\Microsoft.NET.Sdk.targets(204,5): message :       ResolveReferences;
       C:\Program Files\dotnet\sdk\10.0.301\Sdks\Microsoft.NET.Sdk\targets\Microsoft.NET.Sdk.targets(204,5): message :       PrepareResources;
       C:\Program Files\dotnet\sdk\10.0.301\Sdks\Microsoft.NET.Sdk\targets\Microsoft.NET.Sdk.targets(204,5): message :       ResolveKeySource;
       C:\Program Files\dotnet\sdk\10.0.301\Sdks\Microsoft.NET.Sdk\targets\Microsoft.NET.Sdk.targets(204,5): message :       Compile;
       C:\Program Files\dotnet\sdk\10.0.301\Sdks\Microsoft.NET.Sdk\targets\Microsoft.NET.Sdk.targets(204,5): message :       ExportWindowsMDFile;
       C:\Program Files\dotnet\sdk\10.0.301\Sdks\Microsoft.NET.Sdk\targets\Microsoft.NET.Sdk.targets(204,5): message :       UnmanagedUnregistration;
       C:\Program Files\dotnet\sdk\10.0.301\Sdks\Microsoft.NET.Sdk\targets\Microsoft.NET.Sdk.targets(204,5): message :       GenerateSerializationAssemblies;
       C:\Program Files\dotnet\sdk\10.0.301\Sdks\Microsoft.NET.Sdk\targets\Microsoft.NET.Sdk.targets(204,5): message :       CreateSatelliteAssemblies;
       C:\Program Files\dotnet\sdk\10.0.301\Sdks\Microsoft.NET.Sdk\targets\Microsoft.NET.Sdk.targets(204,5): message :       GenerateManifests;
       C:\Program Files\dotnet\sdk\10.0.301\Sdks\Microsoft.NET.Sdk\targets\Microsoft.NET.Sdk.targets(204,5): message :       GetTargetPath;
       C:\Program Files\dotnet\sdk\10.0.301\Sdks\Microsoft.NET.Sdk\targets\Microsoft.NET.Sdk.targets(204,5): message :       PrepareForRun;
       C:\Program Files\dotnet\sdk\10.0.301\Sdks\Microsoft.NET.Sdk\targets\Microsoft.NET.Sdk.targets(204,5): message :       UnmanagedRegistration;
       C:\Program Files\dotnet\sdk\10.0.301\Sdks\Microsoft.NET.Sdk\targets\Microsoft.NET.Sdk.targets(204,5): message :       IncrementalClean;
       C:\Program Files\dotnet\sdk\10.0.301\Sdks\Microsoft.NET.Sdk\targets\Microsoft.NET.Sdk.targets(204,5): message :       PostBuildEvent
       C:\Program Files\dotnet\sdk\10.0.301\Sdks\Microsoft.NET.Sdk\targets\Microsoft.NET.Sdk.targets(204,5): message :     ;
       C:\Program Files\dotnet\sdk\10.0.301\Sdks\Microsoft.NET.Sdk\targets\Microsoft.NET.Sdk.targets(204,5): message :       GenerateBuildDependencyFile;
       C:\Program Files\dotnet\sdk\10.0.301\Sdks\Microsoft.NET.Sdk\targets\Microsoft.NET.Sdk.targets(204,5): message :       GenerateBuildRuntimeConfigurationFiles
       C:\Program Files\dotnet\sdk\10.0.301\Sdks\Microsoft.NET.Sdk\targets\Microsoft.NET.Sdk.targets(204,5): message :     " (以前の値: "
       C:\Program Files\dotnet\sdk\10.0.301\Sdks\Microsoft.NET.Sdk\targets\Microsoft.NET.Sdk.targets(204,5): message :       BuildOnlySettings;
       C:\Program Files\dotnet\sdk\10.0.301\Sdks\Microsoft.NET.Sdk\targets\Microsoft.NET.Sdk.targets(204,5): message :       PrepareForBuild;
       C:\Program Files\dotnet\sdk\10.0.301\Sdks\Microsoft.NET.Sdk\targets\Microsoft.NET.Sdk.targets(204,5): message :       PreBuildEvent;
       C:\Program Files\dotnet\sdk\10.0.301\Sdks\Microsoft.NET.Sdk\targets\Microsoft.NET.Sdk.targets(204,5): message :       ResolveReferences;
       C:\Program Files\dotnet\sdk\10.0.301\Sdks\Microsoft.NET.Sdk\targets\Microsoft.NET.Sdk.targets(204,5): message :       PrepareResources;
       C:\Program Files\dotnet\sdk\10.0.301\Sdks\Microsoft.NET.Sdk\targets\Microsoft.NET.Sdk.targets(204,5): message :       ResolveKeySource;
       C:\Program Files\dotnet\sdk\10.0.301\Sdks\Microsoft.NET.Sdk\targets\Microsoft.NET.Sdk.targets(204,5): message :       Compile;
       C:\Program Files\dotnet\sdk\10.0.301\Sdks\Microsoft.NET.Sdk\targets\Microsoft.NET.Sdk.targets(204,5): message :       ExportWindowsMDFile;
       C:\Program Files\dotnet\sdk\10.0.301\Sdks\Microsoft.NET.Sdk\targets\Microsoft.NET.Sdk.targets(204,5): message :       UnmanagedUnregistration;
       C:\Program Files\dotnet\sdk\10.0.301\Sdks\Microsoft.NET.Sdk\targets\Microsoft.NET.Sdk.targets(204,5): message :       GenerateSerializationAssemblies;
       C:\Program Files\dotnet\sdk\10.0.301\Sdks\Microsoft.NET.Sdk\targets\Microsoft.NET.Sdk.targets(204,5): message :       CreateSatelliteAssemblies;
       C:\Program Files\dotnet\sdk\10.0.301\Sdks\Microsoft.NET.Sdk\targets\Microsoft.NET.Sdk.targets(204,5): message :       GenerateManifests;
       C:\Program Files\dotnet\sdk\10.0.301\Sdks\Microsoft.NET.Sdk\targets\Microsoft.NET.Sdk.targets(204,5): message :       GetTargetPath;
       C:\Program Files\dotnet\sdk\10.0.301\Sdks\Microsoft.NET.Sdk\targets\Microsoft.NET.Sdk.targets(204,5): message :       PrepareForRun;
       C:\Program Files\dotnet\sdk\10.0.301\Sdks\Microsoft.NET.Sdk\targets\Microsoft.NET.Sdk.targets(204,5): message :       UnmanagedRegistration;
       C:\Program Files\dotnet\sdk\10.0.301\Sdks\Microsoft.NET.Sdk\targets\Microsoft.NET.Sdk.targets(204,5): message :       IncrementalClean;
       C:\Program Files\dotnet\sdk\10.0.301\Sdks\Microsoft.NET.Sdk\targets\Microsoft.NET.Sdk.targets(204,5): message :       PostBuildEvent
       C:\Program Files\dotnet\sdk\10.0.301\Sdks\Microsoft.NET.Sdk\targets\Microsoft.NET.Sdk.targets(204,5): message :     ") C:\Program Files\dotnet\sdk\10.0.301\Sdks\Microsoft.NET.Sdk\targets\Microsoft.NET.Sdk.targets (204,5)
       C:\Program Files\dotnet\sdk\10.0.301\Sdks\Microsoft.NET.Sdk\targets\Microsoft.NET.Sdk.targets(213,5): message : プロパティの再代入: $(CoreCleanDependsOn)="
       C:\Program Files\dotnet\sdk\10.0.301\Sdks\Microsoft.NET.Sdk\targets\Microsoft.NET.Sdk.targets(213,5): message :       _SdkBeforeClean;
       C:\Program Files\dotnet\sdk\10.0.301\Sdks\Microsoft.NET.Sdk\targets\Microsoft.NET.Sdk.targets(213,5): message :       
       C:\Program Files\dotnet\sdk\10.0.301\Sdks\Microsoft.NET.Sdk\targets\Microsoft.NET.Sdk.targets(213,5): message :     " (以前の値: "") C:\Program Files\dotnet\sdk\10.0.301\Sdks\Microsoft.NET.Sdk\targets\Microsoft.NET.Sdk.targets (213,5)
       C:\Program Files\dotnet\sdk\10.0.301\Sdks\Microsoft.NET.Sdk\targets\Microsoft.NET.Sdk.targets(220,5): message : プロパティの再代入: $(RebuildDependsOn)="
       C:\Program Files\dotnet\sdk\10.0.301\Sdks\Microsoft.NET.Sdk\targets\Microsoft.NET.Sdk.targets(220,5): message :       _SdkBeforeRebuild;
       C:\Program Files\dotnet\sdk\10.0.301\Sdks\Microsoft.NET.Sdk\targets\Microsoft.NET.Sdk.targets(220,5): message :       
       C:\Program Files\dotnet\sdk\10.0.301\Sdks\Microsoft.NET.Sdk\targets\Microsoft.NET.Sdk.targets(220,5): message :       BeforeRebuild;
       C:\Program Files\dotnet\sdk\10.0.301\Sdks\Microsoft.NET.Sdk\targets\Microsoft.NET.Sdk.targets(220,5): message :       Clean;
       C:\Program Files\dotnet\sdk\10.0.301\Sdks\Microsoft.NET.Sdk\targets\Microsoft.NET.Sdk.targets(220,5): message :       Build;
       C:\Program Files\dotnet\sdk\10.0.301\Sdks\Microsoft.NET.Sdk\targets\Microsoft.NET.Sdk.targets(220,5): message :       AfterRebuild;
       C:\Program Files\dotnet\sdk\10.0.301\Sdks\Microsoft.NET.Sdk\targets\Microsoft.NET.Sdk.targets(220,5): message :     
       C:\Program Files\dotnet\sdk\10.0.301\Sdks\Microsoft.NET.Sdk\targets\Microsoft.NET.Sdk.targets(220,5): message :     " (以前の値: "
       C:\Program Files\dotnet\sdk\10.0.301\Sdks\Microsoft.NET.Sdk\targets\Microsoft.NET.Sdk.targets(220,5): message :       BeforeRebuild;
       C:\Program Files\dotnet\sdk\10.0.301\Sdks\Microsoft.NET.Sdk\targets\Microsoft.NET.Sdk.targets(220,5): message :       Clean;
       C:\Program Files\dotnet\sdk\10.0.301\Sdks\Microsoft.NET.Sdk\targets\Microsoft.NET.Sdk.targets(220,5): message :       Build;
       C:\Program Files\dotnet\sdk\10.0.301\Sdks\Microsoft.NET.Sdk\targets\Microsoft.NET.Sdk.targets(220,5): message :       AfterRebuild;
       C:\Program Files\dotnet\sdk\10.0.301\Sdks\Microsoft.NET.Sdk\targets\Microsoft.NET.Sdk.targets(220,5): message :     ") C:\Program Files\dotnet\sdk\10.0.301\Sdks\Microsoft.NET.Sdk\targets\Microsoft.NET.Sdk.targets (220,5)
       C:\Program Files\dotnet\sdk\10.0.301\Sdks\Microsoft.NET.Sdk\targets\Microsoft.NET.Sdk.targets(799,5): message : プロパティの再代入: $(CompileDependsOn)="
       C:\Program Files\dotnet\sdk\10.0.301\Sdks\Microsoft.NET.Sdk\targets\Microsoft.NET.Sdk.targets(799,5): message :       
       C:\Program Files\dotnet\sdk\10.0.301\Sdks\Microsoft.NET.Sdk\targets\Microsoft.NET.Sdk.targets(799,5): message :       ResolveReferences;
       C:\Program Files\dotnet\sdk\10.0.301\Sdks\Microsoft.NET.Sdk\targets\Microsoft.NET.Sdk.targets(799,5): message :       ResolveKeySource;
       C:\Program Files\dotnet\sdk\10.0.301\Sdks\Microsoft.NET.Sdk\targets\Microsoft.NET.Sdk.targets(799,5): message :       SetWin32ManifestProperties;
       C:\Program Files\dotnet\sdk\10.0.301\Sdks\Microsoft.NET.Sdk\targets\Microsoft.NET.Sdk.targets(799,5): message :       _SetPreferNativeArm64Win32ManifestProperties;
       C:\Program Files\dotnet\sdk\10.0.301\Sdks\Microsoft.NET.Sdk\targets\Microsoft.NET.Sdk.targets(799,5): message :       FindReferenceAssembliesForReferences;
       C:\Program Files\dotnet\sdk\10.0.301\Sdks\Microsoft.NET.Sdk\targets\Microsoft.NET.Sdk.targets(799,5): message :       _GenerateCompileInputs;
       C:\Program Files\dotnet\sdk\10.0.301\Sdks\Microsoft.NET.Sdk\targets\Microsoft.NET.Sdk.targets(799,5): message :       BeforeCompile;
       C:\Program Files\dotnet\sdk\10.0.301\Sdks\Microsoft.NET.Sdk\targets\Microsoft.NET.Sdk.targets(799,5): message :       _TimeStampBeforeCompile;
       C:\Program Files\dotnet\sdk\10.0.301\Sdks\Microsoft.NET.Sdk\targets\Microsoft.NET.Sdk.targets(799,5): message :       _GenerateCompileDependencyCache;
       C:\Program Files\dotnet\sdk\10.0.301\Sdks\Microsoft.NET.Sdk\targets\Microsoft.NET.Sdk.targets(799,5): message :       CoreCompile;
       C:\Program Files\dotnet\sdk\10.0.301\Sdks\Microsoft.NET.Sdk\targets\Microsoft.NET.Sdk.targets(799,5): message :       _TimeStampAfterCompile;
       C:\Program Files\dotnet\sdk\10.0.301\Sdks\Microsoft.NET.Sdk\targets\Microsoft.NET.Sdk.targets(799,5): message :       AfterCompile;
       C:\Program Files\dotnet\sdk\10.0.301\Sdks\Microsoft.NET.Sdk\targets\Microsoft.NET.Sdk.targets(799,5): message :     ;
       C:\Program Files\dotnet\sdk\10.0.301\Sdks\Microsoft.NET.Sdk\targets\Microsoft.NET.Sdk.targets(799,5): message :       _CreateAppHost;
       C:\Program Files\dotnet\sdk\10.0.301\Sdks\Microsoft.NET.Sdk\targets\Microsoft.NET.Sdk.targets(799,5): message :       _CreateComHost;
       C:\Program Files\dotnet\sdk\10.0.301\Sdks\Microsoft.NET.Sdk\targets\Microsoft.NET.Sdk.targets(799,5): message :       _GetIjwHostPaths;
       C:\Program Files\dotnet\sdk\10.0.301\Sdks\Microsoft.NET.Sdk\targets\Microsoft.NET.Sdk.targets(799,5): message :     " (以前の値: "
       C:\Program Files\dotnet\sdk\10.0.301\Sdks\Microsoft.NET.Sdk\targets\Microsoft.NET.Sdk.targets(799,5): message :       ResolveReferences;
       C:\Program Files\dotnet\sdk\10.0.301\Sdks\Microsoft.NET.Sdk\targets\Microsoft.NET.Sdk.targets(799,5): message :       ResolveKeySource;
       C:\Program Files\dotnet\sdk\10.0.301\Sdks\Microsoft.NET.Sdk\targets\Microsoft.NET.Sdk.targets(799,5): message :       SetWin32ManifestProperties;
       C:\Program Files\dotnet\sdk\10.0.301\Sdks\Microsoft.NET.Sdk\targets\Microsoft.NET.Sdk.targets(799,5): message :       _SetPreferNativeArm64Win32ManifestProperties;
       C:\Program Files\dotnet\sdk\10.0.301\Sdks\Microsoft.NET.Sdk\targets\Microsoft.NET.Sdk.targets(799,5): message :       FindReferenceAssembliesForReferences;
       C:\Program Files\dotnet\sdk\10.0.301\Sdks\Microsoft.NET.Sdk\targets\Microsoft.NET.Sdk.targets(799,5): message :       _GenerateCompileInputs;
       C:\Program Files\dotnet\sdk\10.0.301\Sdks\Microsoft.NET.Sdk\targets\Microsoft.NET.Sdk.targets(799,5): message :       BeforeCompile;
       C:\Program Files\dotnet\sdk\10.0.301\Sdks\Microsoft.NET.Sdk\targets\Microsoft.NET.Sdk.targets(799,5): message :       _TimeStampBeforeCompile;
       C:\Program Files\dotnet\sdk\10.0.301\Sdks\Microsoft.NET.Sdk\targets\Microsoft.NET.Sdk.targets(799,5): message :       _GenerateCompileDependencyCache;
       C:\Program Files\dotnet\sdk\10.0.301\Sdks\Microsoft.NET.Sdk\targets\Microsoft.NET.Sdk.targets(799,5): message :       CoreCompile;
       C:\Program Files\dotnet\sdk\10.0.301\Sdks\Microsoft.NET.Sdk\targets\Microsoft.NET.Sdk.targets(799,5): message :       _TimeStampAfterCompile;
       C:\Program Files\dotnet\sdk\10.0.301\Sdks\Microsoft.NET.Sdk\targets\Microsoft.NET.Sdk.targets(799,5): message :       AfterCompile;
       C:\Program Files\dotnet\sdk\10.0.301\Sdks\Microsoft.NET.Sdk\targets\Microsoft.NET.Sdk.targets(799,5): message :     ") C:\Program Files\dotnet\sdk\10.0.301\Sdks\Microsoft.NET.Sdk\targets\Microsoft.NET.Sdk.targets (799,5)
       C:\Program Files\dotnet\sdk\10.0.301\Sdks\Microsoft.NET.Sdk\targets\Microsoft.NET.Sdk.targets(1131,5): message : プロパティの再代入: $(CreateSatelliteAssembliesDependsOn)="
       C:\Program Files\dotnet\sdk\10.0.301\Sdks\Microsoft.NET.Sdk\targets\Microsoft.NET.Sdk.targets(1131,5): message :       
       C:\Program Files\dotnet\sdk\10.0.301\Sdks\Microsoft.NET.Sdk\targets\Microsoft.NET.Sdk.targets(1131,5): message :       ;
       C:\Program Files\dotnet\sdk\10.0.301\Sdks\Microsoft.NET.Sdk\targets\Microsoft.NET.Sdk.targets(1131,5): message :       _GenerateSatelliteAssemblyInputs;
       C:\Program Files\dotnet\sdk\10.0.301\Sdks\Microsoft.NET.Sdk\targets\Microsoft.NET.Sdk.targets(1131,5): message :       ComputeIntermediateSatelliteAssemblies;
       C:\Program Files\dotnet\sdk\10.0.301\Sdks\Microsoft.NET.Sdk\targets\Microsoft.NET.Sdk.targets(1131,5): message :       GenerateSatelliteAssemblies
       C:\Program Files\dotnet\sdk\10.0.301\Sdks\Microsoft.NET.Sdk\targets\Microsoft.NET.Sdk.targets(1131,5): message :     ;
       C:\Program Files\dotnet\sdk\10.0.301\Sdks\Microsoft.NET.Sdk\targets\Microsoft.NET.Sdk.targets(1131,5): message :       CoreGenerateSatelliteAssemblies
       C:\Program Files\dotnet\sdk\10.0.301\Sdks\Microsoft.NET.Sdk\targets\Microsoft.NET.Sdk.targets(1131,5): message :     " (以前の値: "
       C:\Program Files\dotnet\sdk\10.0.301\Sdks\Microsoft.NET.Sdk\targets\Microsoft.NET.Sdk.targets(1131,5): message :       ;
       C:\Program Files\dotnet\sdk\10.0.301\Sdks\Microsoft.NET.Sdk\targets\Microsoft.NET.Sdk.targets(1131,5): message :       _GenerateSatelliteAssemblyInputs;
       C:\Program Files\dotnet\sdk\10.0.301\Sdks\Microsoft.NET.Sdk\targets\Microsoft.NET.Sdk.targets(1131,5): message :       ComputeIntermediateSatelliteAssemblies;
       C:\Program Files\dotnet\sdk\10.0.301\Sdks\Microsoft.NET.Sdk\targets\Microsoft.NET.Sdk.targets(1131,5): message :       GenerateSatelliteAssemblies
       C:\Program Files\dotnet\sdk\10.0.301\Sdks\Microsoft.NET.Sdk\targets\Microsoft.NET.Sdk.targets(1131,5): message :     ") C:\Program Files\dotnet\sdk\10.0.301\Sdks\Microsoft.NET.Sdk\targets\Microsoft.NET.Sdk.targets (1131,5)
       Evaluation 中にアセンブリが読み込まれました: System.Collections.NonGeneric, Version=10.0.0.0, Culture=neutral, PublicKeyToken=b03f5f7f11d50a3a (場所: C:\Program Files\dotnet\shared\Microsoft.NETCore.App\10.0.11\System.Collections.NonGeneric.dll、MVID: e25d2d34-bd24-45ac-9813-ff9bc4129d70、AssemblyLoadContext: Default)
       C:\Program Files\dotnet\sdk\10.0.301\Sdks\Microsoft.SourceLink.GitLab\build\Microsoft.SourceLink.GitLab.targets(12,5): message : プロパティの再代入: $(SourceLinkUrlInitializerTargets)=";_InitializeGitHubSourceLinkUrl;_InitializeGitLabSourceLinkUrl" (以前の値: ";_InitializeGitHubSourceLinkUrl") C:\Program Files\dotnet\sdk\10.0.301\Sdks\Microsoft.SourceLink.GitLab\build\Microsoft.SourceLink.GitLab.targets (12,5)
       C:\Program Files\dotnet\sdk\10.0.301\Sdks\Microsoft.SourceLink.GitLab\build\Microsoft.SourceLink.GitLab.targets(13,5): message : プロパティの再代入: $(SourceControlManagerUrlTranslationTargets)=";TranslateGitHubUrlsInSourceControlInformation;TranslateGitLabUrlsInSourceControlInformation" (以前の値: ";TranslateGitHubUrlsInSourceControlInformation") C:\Program Files\dotnet\sdk\10.0.301\Sdks\Microsoft.SourceLink.GitLab\build\Microsoft.SourceLink.GitLab.targets (13,5)
       C:\Program Files\dotnet\sdk\10.0.301\Sdks\Microsoft.SourceLink.AzureRepos.Git\build\Microsoft.SourceLink.AzureRepos.Git.targets(12,5): message : プロパティの再代入: $(SourceLinkUrlInitializerTargets)=";_InitializeGitHubSourceLinkUrl;_InitializeGitLabSourceLinkUrl;_InitializeAzureReposGitSourceLinkUrl" (以前の値: ";_InitializeGitHubSourceLinkUrl;_InitializeGitLabSourceLinkUrl") C:\Program Files\dotnet\sdk\10.0.301\Sdks\Microsoft.SourceLink.AzureRepos.Git\build\Microsoft.SourceLink.AzureRepos.Git.targets (12,5)
       C:\Program Files\dotnet\sdk\10.0.301\Sdks\Microsoft.SourceLink.AzureRepos.Git\build\Microsoft.SourceLink.AzureRepos.Git.targets(13,5): message : プロパティの再代入: $(SourceControlManagerUrlTranslationTargets)=";TranslateGitHubUrlsInSourceControlInformation;TranslateGitLabUrlsInSourceControlInformation;TranslateAzureReposGitUrlsInSourceControlInformation" (以前の値: ";TranslateGitHubUrlsInSourceControlInformation;TranslateGitLabUrlsInSourceControlInformation") C:\Program Files\dotnet\sdk\10.0.301\Sdks\Microsoft.SourceLink.AzureRepos.Git\build\Microsoft.SourceLink.AzureRepos.Git.targets (13,5)
       C:\Program Files\dotnet\sdk\10.0.301\Sdks\Microsoft.SourceLink.Bitbucket.Git\build\Microsoft.SourceLink.Bitbucket.Git.targets(12,5): message : プロパティの再代入: $(SourceLinkUrlInitializerTargets)=";_InitializeGitHubSourceLinkUrl;_InitializeGitLabSourceLinkUrl;_InitializeAzureReposGitSourceLinkUrl;_InitializeBitbucketGitSourceLinkUrl" (以前の値: ";_InitializeGitHubSourceLinkUrl;_InitializeGitLabSourceLinkUrl;_InitializeAzureReposGitSourceLinkUrl") C:\Program Files\dotnet\sdk\10.0.301\Sdks\Microsoft.SourceLink.Bitbucket.Git\build\Microsoft.SourceLink.Bitbucket.Git.targets (12,5)
       C:\Program Files\dotnet\sdk\10.0.301\Sdks\Microsoft.SourceLink.Bitbucket.Git\build\Microsoft.SourceLink.Bitbucket.Git.targets(13,5): message : プロパティの再代入: $(SourceControlManagerUrlTranslationTargets)=";TranslateGitHubUrlsInSourceControlInformation;TranslateGitLabUrlsInSourceControlInformation;TranslateAzureReposGitUrlsInSourceControlInformation;TranslateBitbucketGitUrlsInSourceControlInformation" (以前の値: ";TranslateGitHubUrlsInSourceControlInformation;TranslateGitLabUrlsInSourceControlInformation;TranslateAzureReposGitUrlsInSourceControlInformation") C:\Program Files\dotnet\sdk\10.0.301\Sdks\Microsoft.SourceLink.Bitbucket.Git\build\Microsoft.SourceLink.Bitbucket.Git.targets (13,5)
       C:\Program Files\dotnet\sdk\10.0.301\Sdks\Microsoft.NET.Sdk\targets\Microsoft.NET.DesignerSupport.targets(21,5): message : プロパティの再代入: $(DesignerRuntimeImplementationProjectOutputGroupDependsOn)="
       C:\Program Files\dotnet\sdk\10.0.301\Sdks\Microsoft.NET.Sdk\targets\Microsoft.NET.DesignerSupport.targets(21,5): message :       
       C:\Program Files\dotnet\sdk\10.0.301\Sdks\Microsoft.NET.Sdk\targets\Microsoft.NET.DesignerSupport.targets(21,5): message :       ;
       C:\Program Files\dotnet\sdk\10.0.301\Sdks\Microsoft.NET.Sdk\targets\Microsoft.NET.DesignerSupport.targets(21,5): message :       
       C:\Program Files\dotnet\sdk\10.0.301\Sdks\Microsoft.NET.Sdk\targets\Microsoft.NET.DesignerSupport.targets(21,5): message :       ;
       C:\Program Files\dotnet\sdk\10.0.301\Sdks\Microsoft.NET.Sdk\targets\Microsoft.NET.DesignerSupport.targets(21,5): message :       BuildOnlySettings;
       C:\Program Files\dotnet\sdk\10.0.301\Sdks\Microsoft.NET.Sdk\targets\Microsoft.NET.DesignerSupport.targets(21,5): message :       PrepareForBuild;
       C:\Program Files\dotnet\sdk\10.0.301\Sdks\Microsoft.NET.Sdk\targets\Microsoft.NET.DesignerSupport.targets(21,5): message :       AssignTargetPaths;
       C:\Program Files\dotnet\sdk\10.0.301\Sdks\Microsoft.NET.Sdk\targets\Microsoft.NET.DesignerSupport.targets(21,5): message :       ResolveReferences
       C:\Program Files\dotnet\sdk\10.0.301\Sdks\Microsoft.NET.Sdk\targets\Microsoft.NET.DesignerSupport.targets(21,5): message :     
       C:\Program Files\dotnet\sdk\10.0.301\Sdks\Microsoft.NET.Sdk\targets\Microsoft.NET.DesignerSupport.targets(21,5): message :     ;
       C:\Program Files\dotnet\sdk\10.0.301\Sdks\Microsoft.NET.Sdk\targets\Microsoft.NET.DesignerSupport.targets(21,5): message :       _GenerateDesignerDepsFile;
       C:\Program Files\dotnet\sdk\10.0.301\Sdks\Microsoft.NET.Sdk\targets\Microsoft.NET.DesignerSupport.targets(21,5): message :       _GenerateDesignerRuntimeConfigFile;
       C:\Program Files\dotnet\sdk\10.0.301\Sdks\Microsoft.NET.Sdk\targets\Microsoft.NET.DesignerSupport.targets(21,5): message :       GetCopyToOutputDirectoryItems;
       C:\Program Files\dotnet\sdk\10.0.301\Sdks\Microsoft.NET.Sdk\targets\Microsoft.NET.DesignerSupport.targets(21,5): message :       _GatherDesignerShadowCopyFiles;
       C:\Program Files\dotnet\sdk\10.0.301\Sdks\Microsoft.NET.Sdk\targets\Microsoft.NET.DesignerSupport.targets(21,5): message :     " (以前の値: "
       C:\Program Files\dotnet\sdk\10.0.301\Sdks\Microsoft.NET.Sdk\targets\Microsoft.NET.DesignerSupport.targets(21,5): message :       ;
       C:\Program Files\dotnet\sdk\10.0.301\Sdks\Microsoft.NET.Sdk\targets\Microsoft.NET.DesignerSupport.targets(21,5): message :       
       C:\Program Files\dotnet\sdk\10.0.301\Sdks\Microsoft.NET.Sdk\targets\Microsoft.NET.DesignerSupport.targets(21,5): message :       ;
       C:\Program Files\dotnet\sdk\10.0.301\Sdks\Microsoft.NET.Sdk\targets\Microsoft.NET.DesignerSupport.targets(21,5): message :       BuildOnlySettings;
       C:\Program Files\dotnet\sdk\10.0.301\Sdks\Microsoft.NET.Sdk\targets\Microsoft.NET.DesignerSupport.targets(21,5): message :       PrepareForBuild;
       C:\Program Files\dotnet\sdk\10.0.301\Sdks\Microsoft.NET.Sdk\targets\Microsoft.NET.DesignerSupport.targets(21,5): message :       AssignTargetPaths;
       C:\Program Files\dotnet\sdk\10.0.301\Sdks\Microsoft.NET.Sdk\targets\Microsoft.NET.DesignerSupport.targets(21,5): message :       ResolveReferences
       C:\Program Files\dotnet\sdk\10.0.301\Sdks\Microsoft.NET.Sdk\targets\Microsoft.NET.DesignerSupport.targets(21,5): message :     
       C:\Program Files\dotnet\sdk\10.0.301\Sdks\Microsoft.NET.Sdk\targets\Microsoft.NET.DesignerSupport.targets(21,5): message :     ") C:\Program Files\dotnet\sdk\10.0.301\Sdks\Microsoft.NET.Sdk\targets\Microsoft.NET.DesignerSupport.targets (21,5)
       C:\Program Files\dotnet\sdk\10.0.301\Sdks\Microsoft.NET.Sdk\targets\Microsoft.NET.Sdk.CSharp.targets(31,5): message : プロパティの再代入: $(DefineConstants)="TRACE;DEBUG" (以前の値: "TRACE") C:\Program Files\dotnet\sdk\10.0.301\Sdks\Microsoft.NET.Sdk\targets\Microsoft.NET.Sdk.CSharp.targets (31,5)
       C:\Program Files\dotnet\sdk\10.0.301\Sdks\Microsoft.NET.Sdk\targets\Microsoft.NET.Sdk.CSharp.targets(45,5): message : プロパティの再代入: $(WarningsAsErrors)=";NU1605;SYSLIB0011" (以前の値: ";NU1605") C:\Program Files\dotnet\sdk\10.0.301\Sdks\Microsoft.NET.Sdk\targets\Microsoft.NET.Sdk.CSharp.targets (45,5)
       C:\Program Files\dotnet\sdk\10.0.301\Sdks\Microsoft.NET.Sdk\targets\Microsoft.NET.Windows.targets(239,5): message : プロパティの再代入: $(_RunCsWinRTGeneratorPropertyInputsCachePath)="C:\Users\tuoza\source\repos\Archivio\Archivio\obj\x64\Debug\net10.0-windows10.0.19041.0\win-x64\Archivio.cswinrtgen.cache" (以前の値: "obj\x64\Debug\net10.0-windows10.0.19041.0\win-x64\Archivio.cswinrtgen.cache") C:\Program Files\dotnet\sdk\10.0.301\Sdks\Microsoft.NET.Sdk\targets\Microsoft.NET.Windows.targets (239,5)
       C:\Program Files\dotnet\sdk\10.0.301\NuGet.Build.Tasks.Pack.targets(34,5): message : プロパティの再代入: $(PackageDescription)="Package Description" (以前の値: "") C:\Program Files\dotnet\sdk\10.0.301\NuGet.Build.Tasks.Pack.targets (34,5)
       C:\Program Files\dotnet\sdk\10.0.301\NuGet.Build.Tasks.Pack.targets(59,5): message : プロパティの再代入: $(GenerateNuspecDependsOn)="Build;_LoadPackInputItems; _GetTargetFrameworksOutput; _WalkEachTargetPerFramework; _GetPackageFiles; " (以前の値: "_LoadPackInputItems; _GetTargetFrameworksOutput; _WalkEachTargetPerFramework; _GetPackageFiles; ") C:\Program Files\dotnet\sdk\10.0.301\NuGet.Build.Tasks.Pack.targets (59,5)
       C:\Program Files\dotnet\sdk\10.0.301\Sdks\Microsoft.NET.Sdk\Sdk\Sdk.targets(59,5): message : プロパティの再代入: $(_IsNotSetContainersTargetsDir)="true" (以前の値: "false") C:\Program Files\dotnet\sdk\10.0.301\Sdks\Microsoft.NET.Sdk\Sdk\Sdk.targets (59,5)
       C:\Program Files\dotnet\sdk\10.0.301\Containers\build\Microsoft.NET.Build.Containers.targets(5,5): message : プロパティの再代入: $(_IsSDKContainerAllowedVersion)="true" (以前の値: "false") C:\Program Files\dotnet\sdk\10.0.301\Containers\build\Microsoft.NET.Build.Containers.targets (5,5)
       C:\Program Files\dotnet\sdk\10.0.301\Containers\build\Microsoft.NET.Build.Containers.targets(15,5): message : プロパティの再代入: $(_ContainerIsTargetingNet8TFM)="true" (以前の値: "false") C:\Program Files\dotnet\sdk\10.0.301\Containers\build\Microsoft.NET.Build.Containers.targets (15,5)
       プロジェクト "C:\Program Files\dotnet\sdk\10.0.301\Microsoft.Common.CurrentVersion.targets" のターゲット "ResolveFrameworkReferences" をプロジェクト "C:\Program Files\dotnet\sdk\10.0.301\Sdks\Microsoft.NET.Sdk\targets\Microsoft.NET.Sdk.FrameworkReferenceResolution.targets" からのターゲット "ResolveFrameworkReferences" でオーバーライドしています。
       プロジェクト "C:\Program Files\dotnet\sdk\10.0.301\Microsoft.Common.CurrentVersion.targets" のターゲット "GenerateSupportedTargetFrameworkAlias" をプロジェクト "C:\Program Files\dotnet\sdk\10.0.301\Sdks\Microsoft.NET.Sdk\targets\Microsoft.NET.Sdk.targets" からのターゲット "GenerateSupportedTargetFrameworkAlias" でオーバーライドしています。
       プロジェクト "C:\Program Files\dotnet\sdk\10.0.301\Microsoft.Common.CurrentVersion.targets" のターゲット "GetReferenceAssemblyPaths" をプロジェクト "C:\Program Files\dotnet\sdk\10.0.301\Sdks\Microsoft.NET.Sdk\targets\Microsoft.NET.DisableStandardFrameworkResolution.targets" からのターゲット "GetReferenceAssemblyPaths" でオーバーライドしています。
       プロジェクト "C:\Program Files\dotnet\sdk\10.0.301\Microsoft.Common.CurrentVersion.targets" のターゲット "GetFrameworkPaths" をプロジェクト "C:\Program Files\dotnet\sdk\10.0.301\Sdks\Microsoft.NET.Sdk\targets\Microsoft.NET.DisableStandardFrameworkResolution.targets" からのターゲット "GetFrameworkPaths" でオーバーライドしています。
       プロジェクト "C:\Program Files\dotnet\sdk\10.0.301\Microsoft.Common.CurrentVersion.targets" のターゲット "DesignerRuntimeImplementationProjectOutputGroup" をプロジェクト "C:\Program Files\dotnet\sdk\10.0.301\Sdks\Microsoft.NET.Sdk\targets\Microsoft.NET.DesignerSupport.targets" からのターゲット "DesignerRuntimeImplementationProjectOutputGroup" でオーバーライドしています。
       プロジェクト "C:\Program Files\dotnet\sdk\10.0.301\Microsoft.Common.CurrentVersion.targets" のターゲット "Publish" をプロジェクト "C:\Program Files\dotnet\sdk\10.0.301\Sdks\Microsoft.NET.Sdk\targets\Microsoft.NET.Publish.targets" からのターゲット "Publish" でオーバーライドしています。
       プロジェクト "C:\Program Files\dotnet\sdk\10.0.301\Sdks\Microsoft.NET.Sdk\targets\Microsoft.NET.CrossGen.targets" のターゲット "ResolveReadyToRunCompilers" をプロジェクト "C:\Program Files\dotnet\sdk\10.0.301\Sdks\Microsoft.NET.Sdk\targets\Microsoft.NET.Publish.targets" からのターゲット "ResolveReadyToRunCompilers" でオーバーライドしています。
       プロジェクト "C:\Program Files\dotnet\sdk\10.0.301\Microsoft.Common.CurrentVersion.targets" のターゲット "GetCopyToPublishDirectoryItems" をプロジェクト "C:\Program Files\dotnet\sdk\10.0.301\Sdks\Microsoft.NET.Sdk\targets\Microsoft.NET.Publish.targets" からのターゲット "GetCopyToPublishDirectoryItems" でオーバーライドしています。
       プロジェクト "C:\Program Files\dotnet\sdk\10.0.301\Microsoft.Common.CurrentVersion.targets" のターゲット "Run" をプロジェクト "C:\Program Files\dotnet\sdk\10.0.301\Sdks\Microsoft.NET.Sdk\targets\Microsoft.NET.Sdk.targets" からのターゲット "Run" でオーバーライドしています。
     1>ノード 1 上のプロジェクト "C:\Users\tuoza\source\repos\Archivio\Archivio\Archivio.csproj" (Restore ターゲット)。
     1>ファイル "C:\Program Files\dotnet\sdk\10.0.301\NuGet.targets" 内にある、プロジェクト "C:\Users\tuoza\source\repos\Archivio\Archivio\Archivio.csproj" からのターゲット "_LoadRestoreGraphEntryPoints" (ターゲット "_FilterRestoreGraphProjectInputItems" は依存):
     1>プロジェクト "Archivio.csproj" 内のターゲット "_LoadRestoreGraphEntryPoints" のビルドが終了しました。
     1>ファイル "C:\Program Files\dotnet\sdk\10.0.301\NuGet.targets" 内にある、プロジェクト "C:\Users\tuoza\source\repos\Archivio\Archivio\Archivio.csproj" からのターゲット "_FilterRestoreGraphProjectInputItems" (ターゲット "_GenerateRestoreGraph" は依存):
       "RemoveDuplicates" タスクをアセンブリ "Microsoft.Build.Tasks.Core, Version=15.1.0.0, Culture=neutral, PublicKeyToken=b03f5f7f11d50a3a" から使用しています。
       タスク "RemoveDuplicates"
       タスク "RemoveDuplicates" の実行が終了しました。
       "MSBuild" タスクをアセンブリ "Microsoft.Build.Tasks.Core, Version=15.1.0.0, Culture=neutral, PublicKeyToken=b03f5f7f11d50a3a" から使用しています。
       タスク "MSBuild"
         グローバル プロパティ:
           ExcludeRestorePackageImports=true
     0>C:\Program Files\dotnet\sdk\10.0.301\Sdks\Microsoft.NET.Sdk\Sdk\Sdk.props(49,11): message : 環境から展開された 'C:\Program Files\dotnet\sdk\10.0.301\' 値を持つプロパティ 'MSBuildExtensionsPath'。
       C:\Program Files\dotnet\sdk\10.0.301\Current\Microsoft.Common.props(60,5): message : プロパティの再代入: $(MSBuildProjectExtensionsPath)="C:\Users\tuoza\source\repos\Archivio\Archivio\obj\" (以前の値: "obj\") C:\Program Files\dotnet\sdk\10.0.301\Current\Microsoft.Common.props (60,5)
       C:\Program Files\dotnet\sdk\10.0.301\Current\Microsoft.Common.props(84,119): message : 環境から展開された 'C:\Users\tuoza\AppData\Local\Microsoft\MSBuild' 値を持つプロパティ 'MSBuildUserExtensionsPath'。
       "Platform" プロパティはグローバル プロパティであり、変更できません。
       "Platform" プロパティはグローバル プロパティであり、変更できません。
       C:\Program Files\dotnet\sdk\10.0.301\Sdks\Microsoft.NET.Sdk\targets\Microsoft.NET.Sdk.props(90,5): message : プロパティの再代入: $(AssemblySearchPaths)="{CandidateAssemblyFiles};{HintPathFromItem}" (以前の値: "{CandidateAssemblyFiles}") C:\Program Files\dotnet\sdk\10.0.301\Sdks\Microsoft.NET.Sdk\targets\Microsoft.NET.Sdk.props (90,5)
       C:\Program Files\dotnet\sdk\10.0.301\Sdks\Microsoft.NET.Sdk\targets\Microsoft.NET.Sdk.props(91,5): message : プロパティの再代入: $(AssemblySearchPaths)="{CandidateAssemblyFiles};{HintPathFromItem};{TargetFrameworkDirectory}" (以前の値: "{CandidateAssemblyFiles};{HintPathFromItem}") C:\Program Files\dotnet\sdk\10.0.301\Sdks\Microsoft.NET.Sdk\targets\Microsoft.NET.Sdk.props (91,5)
       C:\Program Files\dotnet\sdk\10.0.301\Sdks\Microsoft.NET.Sdk\targets\Microsoft.NET.Sdk.props(92,5): message : プロパティの再代入: $(AssemblySearchPaths)="{CandidateAssemblyFiles};{HintPathFromItem};{TargetFrameworkDirectory};{RawFileName}" (以前の値: "{CandidateAssemblyFiles};{HintPathFromItem};{TargetFrameworkDirectory}") C:\Program Files\dotnet\sdk\10.0.301\Sdks\Microsoft.NET.Sdk\targets\Microsoft.NET.Sdk.props (92,5)
       C:\Users\tuoza\source\repos\Archivio\Archivio\Archivio.csproj(6,9): message : プロパティの再代入: $(OutputType)="WinExe" (以前の値: "Library") C:\Users\tuoza\source\repos\Archivio\Archivio\Archivio.csproj (6,9)
       C:\Users\tuoza\source\repos\Archivio\Archivio\Archivio.csproj(23,9): message : プロパティの再代入: $(Platforms)="x86;x64;ARM64" (以前の値: "AnyCPU") C:\Users\tuoza\source\repos\Archivio\Archivio\Archivio.csproj (23,9)
       C:\Users\tuoza\source\repos\Archivio\Archivio\Archivio.csproj(52,9): message : プロパティの再代入: $(NoWarn)="1701;1702;NU1701" (以前の値: "1701;1702") C:\Users\tuoza\source\repos\Archivio\Archivio\Archivio.csproj (52,9)
       "Platform" プロパティはグローバル プロパティであり、変更できません。
       "Platform" プロパティはグローバル プロパティであり、変更できません。
       C:\Program Files\dotnet\sdk\10.0.301\Sdks\Microsoft.NET.Sdk\targets\Microsoft.NET.TargetFrameworkInference.targets(84,5): message : プロパティの再代入: $(TargetPlatformIdentifier)="Windows" (以前の値: "windows") C:\Program Files\dotnet\sdk\10.0.301\Sdks\Microsoft.NET.Sdk\targets\Microsoft.NET.TargetFrameworkInference.targets (84,5)
       C:\Program Files\dotnet\sdk\10.0.301\Sdks\Microsoft.NET.Sdk\targets\Microsoft.NET.DefaultOutputPaths.targets(127,5): message : プロパティの再代入: $(DefaultItemExcludes)=";bin\x64\Debug\/**;obj\x64\Debug\/**" (以前の値: ";bin\x64\Debug\/**") C:\Program Files\dotnet\sdk\10.0.301\Sdks\Microsoft.NET.Sdk\targets\Microsoft.NET.DefaultOutputPaths.targets (127,5)
       C:\Program Files\dotnet\sdk\10.0.301\Sdks\Microsoft.NET.Sdk\targets\Microsoft.NET.DefaultOutputPaths.targets(142,5): message : プロパティの再代入: $(OutputPath)="bin\x64\Debug\net10.0-windows10.0.19041.0\" (以前の値: "bin\x64\Debug\") C:\Program Files\dotnet\sdk\10.0.301\Sdks\Microsoft.NET.Sdk\targets\Microsoft.NET.DefaultOutputPaths.targets (142,5)
       C:\Program Files\dotnet\sdk\10.0.301\Sdks\Microsoft.NET.Sdk\targets\Microsoft.NET.DefaultOutputPaths.targets(147,5): message : プロパティの再代入: $(IntermediateOutputPath)="obj\x64\Debug\net10.0-windows10.0.19041.0\" (以前の値: "obj\x64\Debug\") C:\Program Files\dotnet\sdk\10.0.301\Sdks\Microsoft.NET.Sdk\targets\Microsoft.NET.DefaultOutputPaths.targets (147,5)
       C:\Program Files\dotnet\sdk\10.0.301\Sdks\Microsoft.NET.Sdk\targets\Microsoft.NET.RuntimeIdentifierInference.targets(401,5): message : プロパティの再代入: $(IntermediateOutputPath)="obj\x64\Debug\net10.0-windows10.0.19041.0\win-x64\" (以前の値: "obj\x64\Debug\net10.0-windows10.0.19041.0\") C:\Program Files\dotnet\sdk\10.0.301\Sdks\Microsoft.NET.Sdk\targets\Microsoft.NET.RuntimeIdentifierInference.targets (401,5)
       C:\Program Files\dotnet\sdk\10.0.301\Sdks\Microsoft.NET.Sdk\targets\Microsoft.NET.RuntimeIdentifierInference.targets(402,5): message : プロパティの再代入: $(OutputPath)="bin\x64\Debug\net10.0-windows10.0.19041.0\win-x64\" (以前の値: "bin\x64\Debug\net10.0-windows10.0.19041.0\") C:\Program Files\dotnet\sdk\10.0.301\Sdks\Microsoft.NET.Sdk\targets\Microsoft.NET.RuntimeIdentifierInference.targets (402,5)
       C:\Program Files\dotnet\sdk\10.0.301\Sdks\Microsoft.NET.Sdk\targets\Microsoft.NET.Sdk.BeforeCommon.targets(379,5): message : プロパティの再代入: $(RoslynTargetsPath)="C:\Program Files\dotnet\sdk\10.0.301\Sdks\Microsoft.NET.Sdk\targets\..\..\..\Roslyn" (以前の値: "C:\Program Files\dotnet\sdk\10.0.301\Roslyn") C:\Program Files\dotnet\sdk\10.0.301\Sdks\Microsoft.NET.Sdk\targets\Microsoft.NET.Sdk.BeforeCommon.targets (379,5)
       C:\Program Files\dotnet\sdk\10.0.301\Roslyn\Microsoft.Managed.Core.targets(6,5): message : プロパティの再代入: $(_BuildTasksDirectory)="C:\Program Files\dotnet\sdk\10.0.301\Sdks\Microsoft.NET.Sdk\targets\..\..\..\Roslyn\" (以前の値: "C:\Program Files\dotnet\sdk\10.0.301\Roslyn\") C:\Program Files\dotnet\sdk\10.0.301\Roslyn\Microsoft.Managed.Core.targets (6,5)
       C:\Program Files\dotnet\sdk\10.0.301\Roslyn\Microsoft.CSharp.Core.targets(213,5): message : プロパティの再代入: $(CommandLineArgsForDesignTimeEvaluation)="-langversion:latest -define:TRACE" (以前の値: "-langversion:latest") C:\Program Files\dotnet\sdk\10.0.301\Roslyn\Microsoft.CSharp.Core.targets (213,5)
       "Platform" プロパティはグローバル プロパティであり、変更できません。
       C:\Program Files\dotnet\sdk\10.0.301\Microsoft.Common.CurrentVersion.targets(175,5): message : プロパティの再代入: $(_DebugSymbolsProduced)="true" (以前の値: "false") C:\Program Files\dotnet\sdk\10.0.301\Microsoft.Common.CurrentVersion.targets (175,5)
       C:\Program Files\dotnet\sdk\10.0.301\Microsoft.Common.CurrentVersion.targets(185,5): message : プロパティの再代入: $(_DocumentationFileProduced)="false" (以前の値: "true") C:\Program Files\dotnet\sdk\10.0.301\Microsoft.Common.CurrentVersion.targets (185,5)
       C:\Program Files\dotnet\sdk\10.0.301\Microsoft.Common.CurrentVersion.targets(393,5): message : プロパティの再代入: $(MSBuildCopyMarkerName)="Archivio.csproj.Up2Date" (以前の値: "Archivio.csproj") C:\Program Files\dotnet\sdk\10.0.301\Microsoft.Common.CurrentVersion.targets (393,5)
       C:\Program Files\dotnet\sdk\10.0.301\Microsoft.Common.CurrentVersion.targets(528,5): message : プロパティの再代入: $(ProcessorArchitecture)="amd64" (以前の値: "x64") C:\Program Files\dotnet\sdk\10.0.301\Microsoft.Common.CurrentVersion.targets (528,5)
       C:\Program Files\dotnet\sdk\10.0.301\Microsoft.Common.CurrentVersion.targets(580,5): message : プロパティの再代入: $(DelaySign)="" (以前の値: "false") C:\Program Files\dotnet\sdk\10.0.301\Microsoft.Common.CurrentVersion.targets (580,5)
       C:\Program Files\dotnet\sdk\10.0.301\Microsoft.Common.CurrentVersion.targets(2622,5): message : 環境から展開された 'C:\Users\tuoza\AppData\Local' 値を持つプロパティ 'LOCALAPPDATA'。
       C:\Program Files\dotnet\sdk\10.0.301\Microsoft.Common.CurrentVersion.targets(3950,5): message : プロパティの再代入: $(_SGenGenerateSerializationAssembliesConfig)="Auto" (以前の値: "") C:\Program Files\dotnet\sdk\10.0.301\Microsoft.Common.CurrentVersion.targets (3950,5)
       C:\Program Files\dotnet\sdk\10.0.301\Microsoft.Common.CurrentVersion.targets(3951,5): message : プロパティの再代入: $(_SGenGenerateSerializationAssembliesConfig)="Off" (以前の値: "Auto") C:\Program Files\dotnet\sdk\10.0.301\Microsoft.Common.CurrentVersion.targets (3951,5)
       C:\Program Files\dotnet\sdk\10.0.301\Microsoft.Common.CurrentVersion.targets(5162,5): message : プロパティの再代入: $(_TargetsThatPrepareProjectReferences)="
       C:\Program Files\dotnet\sdk\10.0.301\Microsoft.Common.CurrentVersion.targets(5162,5): message :       AssignProjectConfiguration;
       C:\Program Files\dotnet\sdk\10.0.301\Microsoft.Common.CurrentVersion.targets(5162,5): message :       _SplitProjectReferencesByFileExistence
       C:\Program Files\dotnet\sdk\10.0.301\Microsoft.Common.CurrentVersion.targets(5162,5): message :     " (以前の値: "_SplitProjectReferencesByFileExistence") C:\Program Files\dotnet\sdk\10.0.301\Microsoft.Common.CurrentVersion.targets (5162,5)
       C:\Program Files\dotnet\sdk\10.0.301\Microsoft.Common.CurrentVersion.targets(6975,5): message : 環境から展開された 'C:\Program Files\dotnet\sdk\10.0.301' 値を持つプロパティ 'MSBuildExtensionsPath32'。
       "NuGetInteractive" プロパティはグローバル プロパティであり、変更できません。
       C:\Program Files\dotnet\sdk\10.0.301\Sdks\Microsoft.NET.Sdk\targets\Microsoft.PackageDependencyResolution.targets(24,5): message : プロパティの再代入: $(ProjectAssetsFile)="C:\Users\tuoza\source\repos\Archivio\Archivio\obj\project.assets.json" (以前の値: "C:\Users\tuoza\source\repos\Archivio\Archivio\obj\/project.assets.json") C:\Program Files\dotnet\sdk\10.0.301\Sdks\Microsoft.NET.Sdk\targets\Microsoft.PackageDependencyResolution.targets (24,5)
       C:\Program Files\dotnet\sdk\10.0.301\Sdks\Microsoft.NET.Sdk\targets\Microsoft.PackageDependencyResolution.targets(29,5): message : プロパティの再代入: $(ProjectAssetsCacheFile)="C:\Users\tuoza\source\repos\Archivio\Archivio\obj\x64\Debug\net10.0-windows10.0.19041.0\win-x64\Archivio.assets.cache" (以前の値: "obj\x64\Debug\net10.0-windows10.0.19041.0\win-x64\Archivio.assets.cache") C:\Program Files\dotnet\sdk\10.0.301\Sdks\Microsoft.NET.Sdk\targets\Microsoft.PackageDependencyResolution.targets (29,5)
       C:\Program Files\dotnet\sdk\10.0.301\Sdks\Microsoft.NET.Sdk\targets\Microsoft.PackageDependencyResolution.targets(80,5): message : プロパティの再代入: $(ResolveAssemblyReferencesDependsOn)="
       C:\Program Files\dotnet\sdk\10.0.301\Sdks\Microsoft.NET.Sdk\targets\Microsoft.PackageDependencyResolution.targets(80,5): message :       
       C:\Program Files\dotnet\sdk\10.0.301\Sdks\Microsoft.NET.Sdk\targets\Microsoft.PackageDependencyResolution.targets(80,5): message :       ResolveProjectReferences;
       C:\Program Files\dotnet\sdk\10.0.301\Sdks\Microsoft.NET.Sdk\targets\Microsoft.PackageDependencyResolution.targets(80,5): message :       FindInvalidProjectReferences;
       C:\Program Files\dotnet\sdk\10.0.301\Sdks\Microsoft.NET.Sdk\targets\Microsoft.PackageDependencyResolution.targets(80,5): message :       GetFrameworkPaths;
       C:\Program Files\dotnet\sdk\10.0.301\Sdks\Microsoft.NET.Sdk\targets\Microsoft.PackageDependencyResolution.targets(80,5): message :       GetReferenceAssemblyPaths;
       C:\Program Files\dotnet\sdk\10.0.301\Sdks\Microsoft.NET.Sdk\targets\Microsoft.PackageDependencyResolution.targets(80,5): message :       PrepareForBuild;
       C:\Program Files\dotnet\sdk\10.0.301\Sdks\Microsoft.NET.Sdk\targets\Microsoft.PackageDependencyResolution.targets(80,5): message :       ResolveSDKReferences;
       C:\Program Files\dotnet\sdk\10.0.301\Sdks\Microsoft.NET.Sdk\targets\Microsoft.PackageDependencyResolution.targets(80,5): message :       ExpandSDKReferences;
       C:\Program Files\dotnet\sdk\10.0.301\Sdks\Microsoft.NET.Sdk\targets\Microsoft.PackageDependencyResolution.targets(80,5): message :     ;
       C:\Program Files\dotnet\sdk\10.0.301\Sdks\Microsoft.NET.Sdk\targets\Microsoft.PackageDependencyResolution.targets(80,5): message :       ResolvePackageDependenciesForBuild;
       C:\Program Files\dotnet\sdk\10.0.301\Sdks\Microsoft.NET.Sdk\targets\Microsoft.PackageDependencyResolution.targets(80,5): message :       _HandlePackageFileConflicts;
       C:\Program Files\dotnet\sdk\10.0.301\Sdks\Microsoft.NET.Sdk\targets\Microsoft.PackageDependencyResolution.targets(80,5): message :     " (以前の値: "
       C:\Program Files\dotnet\sdk\10.0.301\Sdks\Microsoft.NET.Sdk\targets\Microsoft.PackageDependencyResolution.targets(80,5): message :       ResolveProjectReferences;
       C:\Program Files\dotnet\sdk\10.0.301\Sdks\Microsoft.NET.Sdk\targets\Microsoft.PackageDependencyResolution.targets(80,5): message :       FindInvalidProjectReferences;
       C:\Program Files\dotnet\sdk\10.0.301\Sdks\Microsoft.NET.Sdk\targets\Microsoft.PackageDependencyResolution.targets(80,5): message :       GetFrameworkPaths;
       C:\Program Files\dotnet\sdk\10.0.301\Sdks\Microsoft.NET.Sdk\targets\Microsoft.PackageDependencyResolution.targets(80,5): message :       GetReferenceAssemblyPaths;
       C:\Program Files\dotnet\sdk\10.0.301\Sdks\Microsoft.NET.Sdk\targets\Microsoft.PackageDependencyResolution.targets(80,5): message :       PrepareForBuild;
       C:\Program Files\dotnet\sdk\10.0.301\Sdks\Microsoft.NET.Sdk\targets\Microsoft.PackageDependencyResolution.targets(80,5): message :       ResolveSDKReferences;
       C:\Program Files\dotnet\sdk\10.0.301\Sdks\Microsoft.NET.Sdk\targets\Microsoft.PackageDependencyResolution.targets(80,5): message :       ExpandSDKReferences;
       C:\Program Files\dotnet\sdk\10.0.301\Sdks\Microsoft.NET.Sdk\targets\Microsoft.PackageDependencyResolution.targets(80,5): message :     ") C:\Program Files\dotnet\sdk\10.0.301\Sdks\Microsoft.NET.Sdk\targets\Microsoft.PackageDependencyResolution.targets (80,5)
       C:\Program Files\dotnet\sdk\10.0.301\Sdks\Microsoft.NET.Sdk\targets\Microsoft.PackageDependencyResolution.targets(86,5): message : プロパティの再代入: $(PrepareResourcesDependsOn)="
       C:\Program Files\dotnet\sdk\10.0.301\Sdks\Microsoft.NET.Sdk\targets\Microsoft.PackageDependencyResolution.targets(86,5): message :       ResolvePackageDependenciesForBuild;
       C:\Program Files\dotnet\sdk\10.0.301\Sdks\Microsoft.NET.Sdk\targets\Microsoft.PackageDependencyResolution.targets(86,5): message :       _HandlePackageFileConflicts;
       C:\Program Files\dotnet\sdk\10.0.301\Sdks\Microsoft.NET.Sdk\targets\Microsoft.PackageDependencyResolution.targets(86,5): message :       
       C:\Program Files\dotnet\sdk\10.0.301\Sdks\Microsoft.NET.Sdk\targets\Microsoft.PackageDependencyResolution.targets(86,5): message :       ;
       C:\Program Files\dotnet\sdk\10.0.301\Sdks\Microsoft.NET.Sdk\targets\Microsoft.PackageDependencyResolution.targets(86,5): message :       PrepareResourceNames;
       C:\Program Files\dotnet\sdk\10.0.301\Sdks\Microsoft.NET.Sdk\targets\Microsoft.PackageDependencyResolution.targets(86,5): message :       ResGen;
       C:\Program Files\dotnet\sdk\10.0.301\Sdks\Microsoft.NET.Sdk\targets\Microsoft.PackageDependencyResolution.targets(86,5): message :       CompileLicxFiles
       C:\Program Files\dotnet\sdk\10.0.301\Sdks\Microsoft.NET.Sdk\targets\Microsoft.PackageDependencyResolution.targets(86,5): message :     
       C:\Program Files\dotnet\sdk\10.0.301\Sdks\Microsoft.NET.Sdk\targets\Microsoft.PackageDependencyResolution.targets(86,5): message :     " (以前の値: "
       C:\Program Files\dotnet\sdk\10.0.301\Sdks\Microsoft.NET.Sdk\targets\Microsoft.PackageDependencyResolution.targets(86,5): message :       ;
       C:\Program Files\dotnet\sdk\10.0.301\Sdks\Microsoft.NET.Sdk\targets\Microsoft.PackageDependencyResolution.targets(86,5): message :       PrepareResourceNames;
       C:\Program Files\dotnet\sdk\10.0.301\Sdks\Microsoft.NET.Sdk\targets\Microsoft.PackageDependencyResolution.targets(86,5): message :       ResGen;
       C:\Program Files\dotnet\sdk\10.0.301\Sdks\Microsoft.NET.Sdk\targets\Microsoft.PackageDependencyResolution.targets(86,5): message :       CompileLicxFiles
       C:\Program Files\dotnet\sdk\10.0.301\Sdks\Microsoft.NET.Sdk\targets\Microsoft.PackageDependencyResolution.targets(86,5): message :     ") C:\Program Files\dotnet\sdk\10.0.301\Sdks\Microsoft.NET.Sdk\targets\Microsoft.PackageDependencyResolution.targets (86,5)
       "EnableDefaultCompileItems" プロパティはグローバル プロパティであり、変更できません。
       "EnableDefaultEmbeddedResourceItems" プロパティはグローバル プロパティであり、変更できません。
       "EnableDefaultNoneItems" プロパティはグローバル プロパティであり、変更できません。
       C:\Program Files\dotnet\sdk\10.0.301\Sdks\Microsoft.NET.Sdk\targets\Microsoft.NET.Sdk.DefaultItems.targets(35,5): message : プロパティの再代入: $(DefaultItemExcludes)=";bin\x64\Debug\/**;obj\x64\Debug\/**;bin\/**" (以前の値: ";bin\x64\Debug\/**;obj\x64\Debug\/**") C:\Program Files\dotnet\sdk\10.0.301\Sdks\Microsoft.NET.Sdk\targets\Microsoft.NET.Sdk.DefaultItems.targets (35,5)
       C:\Program Files\dotnet\sdk\10.0.301\Sdks\Microsoft.NET.Sdk\targets\Microsoft.NET.Sdk.DefaultItems.targets(37,5): message : プロパティの再代入: $(DefaultItemExcludes)=";bin\x64\Debug\/**;obj\x64\Debug\/**;bin\/**;obj\/**" (以前の値: ";bin\x64\Debug\/**;obj\x64\Debug\/**;bin\/**") C:\Program Files\dotnet\sdk\10.0.301\Sdks\Microsoft.NET.Sdk\targets\Microsoft.NET.Sdk.DefaultItems.targets (37,5)
       C:\Program Files\dotnet\sdk\10.0.301\Sdks\Microsoft.NET.Sdk\targets\Microsoft.NET.Sdk.DefaultItems.targets(41,5): message : プロパティの再代入: $(DefaultItemExcludes)=";bin\x64\Debug\/**;obj\x64\Debug\/**;bin\/**;obj\/**;bin\Debug\net10.0-windows10.0.19041.0\win-x64\publish\/**" (以前の値: ";bin\x64\Debug\/**;obj\x64\Debug\/**;bin\/**;obj\/**") C:\Program Files\dotnet\sdk\10.0.301\Sdks\Microsoft.NET.Sdk\targets\Microsoft.NET.Sdk.DefaultItems.targets (41,5)
       C:\Program Files\dotnet\sdk\10.0.301\Sdks\Microsoft.NET.Sdk\targets\Microsoft.NET.Sdk.DefaultItems.targets(44,5): message : プロパティの再代入: $(DefaultItemExcludes)=";bin\x64\Debug\/**;obj\x64\Debug\/**;bin\/**;obj\/**;bin\Debug\net10.0-windows10.0.19041.0\win-x64\publish\/**;**/*.user" (以前の値: ";bin\x64\Debug\/**;obj\x64\Debug\/**;bin\/**;obj\/**;bin\Debug\net10.0-windows10.0.19041.0\win-x64\publish\/**") C:\Program Files\dotnet\sdk\10.0.301\Sdks\Microsoft.NET.Sdk\targets\Microsoft.NET.Sdk.DefaultItems.targets (44,5)
       C:\Program Files\dotnet\sdk\10.0.301\Sdks\Microsoft.NET.Sdk\targets\Microsoft.NET.Sdk.DefaultItems.targets(45,5): message : プロパティの再代入: $(DefaultItemExcludes)=";bin\x64\Debug\/**;obj\x64\Debug\/**;bin\/**;obj\/**;bin\Debug\net10.0-windows10.0.19041.0\win-x64\publish\/**;**/*.user;**/*.*proj" (以前の値: ";bin\x64\Debug\/**;obj\x64\Debug\/**;bin\/**;obj\/**;bin\Debug\net10.0-windows10.0.19041.0\win-x64\publish\/**;**/*.user") C:\Program Files\dotnet\sdk\10.0.301\Sdks\Microsoft.NET.Sdk\targets\Microsoft.NET.Sdk.DefaultItems.targets (45,5)
       C:\Program Files\dotnet\sdk\10.0.301\Sdks\Microsoft.NET.Sdk\targets\Microsoft.NET.Sdk.DefaultItems.targets(46,5): message : プロパティの再代入: $(DefaultItemExcludes)=";bin\x64\Debug\/**;obj\x64\Debug\/**;bin\/**;obj\/**;bin\Debug\net10.0-windows10.0.19041.0\win-x64\publish\/**;**/*.user;**/*.*proj;**/*.sln" (以前の値: ";bin\x64\Debug\/**;obj\x64\Debug\/**;bin\/**;obj\/**;bin\Debug\net10.0-windows10.0.19041.0\win-x64\publish\/**;**/*.user;**/*.*proj") C:\Program Files\dotnet\sdk\10.0.301\Sdks\Microsoft.NET.Sdk\targets\Microsoft.NET.Sdk.DefaultItems.targets (46,5)
       C:\Program Files\dotnet\sdk\10.0.301\Sdks\Microsoft.NET.Sdk\targets\Microsoft.NET.Sdk.DefaultItems.targets(47,5): message : プロパティの再代入: $(DefaultItemExcludes)=";bin\x64\Debug\/**;obj\x64\Debug\/**;bin\/**;obj\/**;bin\Debug\net10.0-windows10.0.19041.0\win-x64\publish\/**;**/*.user;**/*.*proj;**/*.sln;**/*.slnx" (以前の値: ";bin\x64\Debug\/**;obj\x64\Debug\/**;bin\/**;obj\/**;bin\Debug\net10.0-windows10.0.19041.0\win-x64\publish\/**;**/*.user;**/*.*proj;**/*.sln") C:\Program Files\dotnet\sdk\10.0.301\Sdks\Microsoft.NET.Sdk\targets\Microsoft.NET.Sdk.DefaultItems.targets (47,5)
       C:\Program Files\dotnet\sdk\10.0.301\Sdks\Microsoft.NET.Sdk\targets\Microsoft.NET.Sdk.DefaultItems.targets(48,5): message : プロパティの再代入: $(DefaultItemExcludes)=";bin\x64\Debug\/**;obj\x64\Debug\/**;bin\/**;obj\/**;bin\Debug\net10.0-windows10.0.19041.0\win-x64\publish\/**;**/*.user;**/*.*proj;**/*.sln;**/*.slnx;**/*.vssscc" (以前の値: ";bin\x64\Debug\/**;obj\x64\Debug\/**;bin\/**;obj\/**;bin\Debug\net10.0-windows10.0.19041.0\win-x64\publish\/**;**/*.user;**/*.*proj;**/*.sln;**/*.slnx") C:\Program Files\dotnet\sdk\10.0.301\Sdks\Microsoft.NET.Sdk\targets\Microsoft.NET.Sdk.DefaultItems.targets (48,5)
       C:\Program Files\dotnet\sdk\10.0.301\Sdks\Microsoft.NET.Sdk\targets\Microsoft.NET.Sdk.DefaultItems.targets(49,5): message : プロパティの再代入: $(DefaultItemExcludes)=";bin\x64\Debug\/**;obj\x64\Debug\/**;bin\/**;obj\/**;bin\Debug\net10.0-windows10.0.19041.0\win-x64\publish\/**;**/*.user;**/*.*proj;**/*.sln;**/*.slnx;**/*.vssscc;**/.DS_Store" (以前の値: ";bin\x64\Debug\/**;obj\x64\Debug\/**;bin\/**;obj\/**;bin\Debug\net10.0-windows10.0.19041.0\win-x64\publish\/**;**/*.user;**/*.*proj;**/*.sln;**/*.slnx;**/*.vssscc") C:\Program Files\dotnet\sdk\10.0.301\Sdks\Microsoft.NET.Sdk\targets\Microsoft.NET.Sdk.DefaultItems.targets (49,5)
       C:\Program Files\dotnet\sdk\10.0.301\Sdks\Microsoft.NET.Sdk\targets\Microsoft.NET.Sdk.FrameworkReferenceResolution.targets(14,5): message : プロパティの再代入: $(ResolveAssemblyReferencesDependsOn)="
       C:\Program Files\dotnet\sdk\10.0.301\Sdks\Microsoft.NET.Sdk\targets\Microsoft.NET.Sdk.FrameworkReferenceResolution.targets(14,5): message :       
       C:\Program Files\dotnet\sdk\10.0.301\Sdks\Microsoft.NET.Sdk\targets\Microsoft.NET.Sdk.FrameworkReferenceResolution.targets(14,5): message :       
       C:\Program Files\dotnet\sdk\10.0.301\Sdks\Microsoft.NET.Sdk\targets\Microsoft.NET.Sdk.FrameworkReferenceResolution.targets(14,5): message :       ResolveProjectReferences;
       C:\Program Files\dotnet\sdk\10.0.301\Sdks\Microsoft.NET.Sdk\targets\Microsoft.NET.Sdk.FrameworkReferenceResolution.targets(14,5): message :       FindInvalidProjectReferences;
       C:\Program Files\dotnet\sdk\10.0.301\Sdks\Microsoft.NET.Sdk\targets\Microsoft.NET.Sdk.FrameworkReferenceResolution.targets(14,5): message :       GetFrameworkPaths;
       C:\Program Files\dotnet\sdk\10.0.301\Sdks\Microsoft.NET.Sdk\targets\Microsoft.NET.Sdk.FrameworkReferenceResolution.targets(14,5): message :       GetReferenceAssemblyPaths;
       C:\Program Files\dotnet\sdk\10.0.301\Sdks\Microsoft.NET.Sdk\targets\Microsoft.NET.Sdk.FrameworkReferenceResolution.targets(14,5): message :       PrepareForBuild;
       C:\Program Files\dotnet\sdk\10.0.301\Sdks\Microsoft.NET.Sdk\targets\Microsoft.NET.Sdk.FrameworkReferenceResolution.targets(14,5): message :       ResolveSDKReferences;
       C:\Program Files\dotnet\sdk\10.0.301\Sdks\Microsoft.NET.Sdk\targets\Microsoft.NET.Sdk.FrameworkReferenceResolution.targets(14,5): message :       ExpandSDKReferences;
       C:\Program Files\dotnet\sdk\10.0.301\Sdks\Microsoft.NET.Sdk\targets\Microsoft.NET.Sdk.FrameworkReferenceResolution.targets(14,5): message :     ;
       C:\Program Files\dotnet\sdk\10.0.301\Sdks\Microsoft.NET.Sdk\targets\Microsoft.NET.Sdk.FrameworkReferenceResolution.targets(14,5): message :       ResolvePackageDependenciesForBuild;
       C:\Program Files\dotnet\sdk\10.0.301\Sdks\Microsoft.NET.Sdk\targets\Microsoft.NET.Sdk.FrameworkReferenceResolution.targets(14,5): message :       _HandlePackageFileConflicts;
       C:\Program Files\dotnet\sdk\10.0.301\Sdks\Microsoft.NET.Sdk\targets\Microsoft.NET.Sdk.FrameworkReferenceResolution.targets(14,5): message :     ;
       C:\Program Files\dotnet\sdk\10.0.301\Sdks\Microsoft.NET.Sdk\targets\Microsoft.NET.Sdk.FrameworkReferenceResolution.targets(14,5): message :       ResolveTargetingPackAssets;
       C:\Program Files\dotnet\sdk\10.0.301\Sdks\Microsoft.NET.Sdk\targets\Microsoft.NET.Sdk.FrameworkReferenceResolution.targets(14,5): message :     " (以前の値: "
       C:\Program Files\dotnet\sdk\10.0.301\Sdks\Microsoft.NET.Sdk\targets\Microsoft.NET.Sdk.FrameworkReferenceResolution.targets(14,5): message :       
       C:\Program Files\dotnet\sdk\10.0.301\Sdks\Microsoft.NET.Sdk\targets\Microsoft.NET.Sdk.FrameworkReferenceResolution.targets(14,5): message :       ResolveProjectReferences;
       C:\Program Files\dotnet\sdk\10.0.301\Sdks\Microsoft.NET.Sdk\targets\Microsoft.NET.Sdk.FrameworkReferenceResolution.targets(14,5): message :       FindInvalidProjectReferences;
       C:\Program Files\dotnet\sdk\10.0.301\Sdks\Microsoft.NET.Sdk\targets\Microsoft.NET.Sdk.FrameworkReferenceResolution.targets(14,5): message :       GetFrameworkPaths;
       C:\Program Files\dotnet\sdk\10.0.301\Sdks\Microsoft.NET.Sdk\targets\Microsoft.NET.Sdk.FrameworkReferenceResolution.targets(14,5): message :       GetReferenceAssemblyPaths;
       C:\Program Files\dotnet\sdk\10.0.301\Sdks\Microsoft.NET.Sdk\targets\Microsoft.NET.Sdk.FrameworkReferenceResolution.targets(14,5): message :       PrepareForBuild;
       C:\Program Files\dotnet\sdk\10.0.301\Sdks\Microsoft.NET.Sdk\targets\Microsoft.NET.Sdk.FrameworkReferenceResolution.targets(14,5): message :       ResolveSDKReferences;
       C:\Program Files\dotnet\sdk\10.0.301\Sdks\Microsoft.NET.Sdk\targets\Microsoft.NET.Sdk.FrameworkReferenceResolution.targets(14,5): message :       ExpandSDKReferences;
       C:\Program Files\dotnet\sdk\10.0.301\Sdks\Microsoft.NET.Sdk\targets\Microsoft.NET.Sdk.FrameworkReferenceResolution.targets(14,5): message :     ;
       C:\Program Files\dotnet\sdk\10.0.301\Sdks\Microsoft.NET.Sdk\targets\Microsoft.NET.Sdk.FrameworkReferenceResolution.targets(14,5): message :       ResolvePackageDependenciesForBuild;
       C:\Program Files\dotnet\sdk\10.0.301\Sdks\Microsoft.NET.Sdk\targets\Microsoft.NET.Sdk.FrameworkReferenceResolution.targets(14,5): message :       _HandlePackageFileConflicts;
       C:\Program Files\dotnet\sdk\10.0.301\Sdks\Microsoft.NET.Sdk\targets\Microsoft.NET.Sdk.FrameworkReferenceResolution.targets(14,5): message :     ") C:\Program Files\dotnet\sdk\10.0.301\Sdks\Microsoft.NET.Sdk\targets\Microsoft.NET.Sdk.FrameworkReferenceResolution.targets (14,5)
       C:\Program Files\dotnet\sdk\10.0.301\Sdks\Microsoft.NET.Sdk\targets\Microsoft.NET.Sdk.targets(44,5): message : プロパティの再代入: $(_GenerateRuntimeConfigurationPropertyInputsCache)="C:\Users\tuoza\source\repos\Archivio\Archivio\obj\x64\Debug\net10.0-windows10.0.19041.0\win-x64\Archivio.genruntimeconfig.cache" (以前の値: "obj\x64\Debug\net10.0-windows10.0.19041.0\win-x64\Archivio.genruntimeconfig.cache") C:\Program Files\dotnet\sdk\10.0.301\Sdks\Microsoft.NET.Sdk\targets\Microsoft.NET.Sdk.targets (44,5)
       C:\Program Files\dotnet\sdk\10.0.301\Sdks\Microsoft.NET.Sdk\targets\Microsoft.NET.Sdk.targets(46,5): message : プロパティの再代入: $(_GeneratePublishDependencyFilePropertyInputsCache)="C:\Users\tuoza\source\repos\Archivio\Archivio\obj\x64\Debug\net10.0-windows10.0.19041.0\win-x64\Archivio.genpublishdeps.cache" (以前の値: "obj\x64\Debug\net10.0-windows10.0.19041.0\win-x64\Archivio.genpublishdeps.cache") C:\Program Files\dotnet\sdk\10.0.301\Sdks\Microsoft.NET.Sdk\targets\Microsoft.NET.Sdk.targets (46,5)
       C:\Program Files\dotnet\sdk\10.0.301\Sdks\Microsoft.NET.Sdk\targets\Microsoft.NET.Sdk.targets(48,5): message : プロパティの再代入: $(_GenerateSingleFileBundlePropertyInputsCache)="C:\Users\tuoza\source\repos\Archivio\Archivio\obj\x64\Debug\net10.0-windows10.0.19041.0\win-x64\Archivio.genbundle.cache" (以前の値: "obj\x64\Debug\net10.0-windows10.0.19041.0\win-x64\Archivio.genbundle.cache") C:\Program Files\dotnet\sdk\10.0.301\Sdks\Microsoft.NET.Sdk\targets\Microsoft.NET.Sdk.targets (48,5)
       C:\Program Files\dotnet\sdk\10.0.301\Sdks\Microsoft.NET.Sdk\targets\Microsoft.NET.Sdk.targets(81,5): message : プロパティの再代入: $(GenerateRuntimeConfigDevFile)="false" (以前の値: "true") C:\Program Files\dotnet\sdk\10.0.301\Sdks\Microsoft.NET.Sdk\targets\Microsoft.NET.Sdk.targets (81,5)
       C:\Program Files\dotnet\sdk\10.0.301\Sdks\Microsoft.NET.Sdk\targets\Microsoft.NET.Sdk.targets(97,5): message : 環境から展開された 'C:\Users\tuoza' 値を持つプロパティ 'HOME'。
       C:\Program Files\dotnet\sdk\10.0.301\Sdks\Microsoft.NET.Sdk\targets\Microsoft.NET.Sdk.targets(98,5): message : 環境から展開された 'C:\Users\tuoza' 値を持つプロパティ 'USERPROFILE'。
       C:\Program Files\dotnet\sdk\10.0.301\Sdks\Microsoft.NET.Sdk\targets\Microsoft.NET.Sdk.targets(99,5): message : プロパティの再代入: $(_DefaultUserProfileRuntimeStorePath)="C:\Users\tuoza\.dotnet\store" (以前の値: "C:\Users\tuoza") C:\Program Files\dotnet\sdk\10.0.301\Sdks\Microsoft.NET.Sdk\targets\Microsoft.NET.Sdk.targets (99,5)
       C:\Program Files\dotnet\sdk\10.0.301\Sdks\Microsoft.NET.Sdk\targets\Microsoft.NET.Sdk.targets(144,5): message : プロパティの再代入: $(AvailablePlatforms)="Any CPU,x86,x64,ARM32" (以前の値: "Any CPU,x86,x64") C:\Program Files\dotnet\sdk\10.0.301\Sdks\Microsoft.NET.Sdk\targets\Microsoft.NET.Sdk.targets (144,5)
       C:\Program Files\dotnet\sdk\10.0.301\Sdks\Microsoft.NET.Sdk\targets\Microsoft.NET.Sdk.targets(148,5): message : プロパティの再代入: $(AvailablePlatforms)="Any CPU,x86,x64,ARM32,ARM64" (以前の値: "Any CPU,x86,x64,ARM32") C:\Program Files\dotnet\sdk\10.0.301\Sdks\Microsoft.NET.Sdk\targets\Microsoft.NET.Sdk.targets (148,5)
       C:\Program Files\dotnet\sdk\10.0.301\Sdks\Microsoft.NET.Sdk\targets\Microsoft.NET.Sdk.targets(204,5): message : プロパティの再代入: $(CoreBuildDependsOn)="
       C:\Program Files\dotnet\sdk\10.0.301\Sdks\Microsoft.NET.Sdk\targets\Microsoft.NET.Sdk.targets(204,5): message :       _CheckForBuildWithNoBuild;
       C:\Program Files\dotnet\sdk\10.0.301\Sdks\Microsoft.NET.Sdk\targets\Microsoft.NET.Sdk.targets(204,5): message :       
       C:\Program Files\dotnet\sdk\10.0.301\Sdks\Microsoft.NET.Sdk\targets\Microsoft.NET.Sdk.targets(204,5): message :       BuildOnlySettings;
       C:\Program Files\dotnet\sdk\10.0.301\Sdks\Microsoft.NET.Sdk\targets\Microsoft.NET.Sdk.targets(204,5): message :       PrepareForBuild;
       C:\Program Files\dotnet\sdk\10.0.301\Sdks\Microsoft.NET.Sdk\targets\Microsoft.NET.Sdk.targets(204,5): message :       PreBuildEvent;
       C:\Program Files\dotnet\sdk\10.0.301\Sdks\Microsoft.NET.Sdk\targets\Microsoft.NET.Sdk.targets(204,5): message :       ResolveReferences;
       C:\Program Files\dotnet\sdk\10.0.301\Sdks\Microsoft.NET.Sdk\targets\Microsoft.NET.Sdk.targets(204,5): message :       PrepareResources;
       C:\Program Files\dotnet\sdk\10.0.301\Sdks\Microsoft.NET.Sdk\targets\Microsoft.NET.Sdk.targets(204,5): message :       ResolveKeySource;
       C:\Program Files\dotnet\sdk\10.0.301\Sdks\Microsoft.NET.Sdk\targets\Microsoft.NET.Sdk.targets(204,5): message :       Compile;
       C:\Program Files\dotnet\sdk\10.0.301\Sdks\Microsoft.NET.Sdk\targets\Microsoft.NET.Sdk.targets(204,5): message :       ExportWindowsMDFile;
       C:\Program Files\dotnet\sdk\10.0.301\Sdks\Microsoft.NET.Sdk\targets\Microsoft.NET.Sdk.targets(204,5): message :       UnmanagedUnregistration;
       C:\Program Files\dotnet\sdk\10.0.301\Sdks\Microsoft.NET.Sdk\targets\Microsoft.NET.Sdk.targets(204,5): message :       GenerateSerializationAssemblies;
       C:\Program Files\dotnet\sdk\10.0.301\Sdks\Microsoft.NET.Sdk\targets\Microsoft.NET.Sdk.targets(204,5): message :       CreateSatelliteAssemblies;
       C:\Program Files\dotnet\sdk\10.0.301\Sdks\Microsoft.NET.Sdk\targets\Microsoft.NET.Sdk.targets(204,5): message :       GenerateManifests;
       C:\Program Files\dotnet\sdk\10.0.301\Sdks\Microsoft.NET.Sdk\targets\Microsoft.NET.Sdk.targets(204,5): message :       GetTargetPath;
       C:\Program Files\dotnet\sdk\10.0.301\Sdks\Microsoft.NET.Sdk\targets\Microsoft.NET.Sdk.targets(204,5): message :       PrepareForRun;
       C:\Program Files\dotnet\sdk\10.0.301\Sdks\Microsoft.NET.Sdk\targets\Microsoft.NET.Sdk.targets(204,5): message :       UnmanagedRegistration;
       C:\Program Files\dotnet\sdk\10.0.301\Sdks\Microsoft.NET.Sdk\targets\Microsoft.NET.Sdk.targets(204,5): message :       IncrementalClean;
       C:\Program Files\dotnet\sdk\10.0.301\Sdks\Microsoft.NET.Sdk\targets\Microsoft.NET.Sdk.targets(204,5): message :       PostBuildEvent
       C:\Program Files\dotnet\sdk\10.0.301\Sdks\Microsoft.NET.Sdk\targets\Microsoft.NET.Sdk.targets(204,5): message :     ;
       C:\Program Files\dotnet\sdk\10.0.301\Sdks\Microsoft.NET.Sdk\targets\Microsoft.NET.Sdk.targets(204,5): message :       GenerateBuildDependencyFile;
       C:\Program Files\dotnet\sdk\10.0.301\Sdks\Microsoft.NET.Sdk\targets\Microsoft.NET.Sdk.targets(204,5): message :       GenerateBuildRuntimeConfigurationFiles
       C:\Program Files\dotnet\sdk\10.0.301\Sdks\Microsoft.NET.Sdk\targets\Microsoft.NET.Sdk.targets(204,5): message :     " (以前の値: "
       C:\Program Files\dotnet\sdk\10.0.301\Sdks\Microsoft.NET.Sdk\targets\Microsoft.NET.Sdk.targets(204,5): message :       BuildOnlySettings;
       C:\Program Files\dotnet\sdk\10.0.301\Sdks\Microsoft.NET.Sdk\targets\Microsoft.NET.Sdk.targets(204,5): message :       PrepareForBuild;
       C:\Program Files\dotnet\sdk\10.0.301\Sdks\Microsoft.NET.Sdk\targets\Microsoft.NET.Sdk.targets(204,5): message :       PreBuildEvent;
       C:\Program Files\dotnet\sdk\10.0.301\Sdks\Microsoft.NET.Sdk\targets\Microsoft.NET.Sdk.targets(204,5): message :       ResolveReferences;
       C:\Program Files\dotnet\sdk\10.0.301\Sdks\Microsoft.NET.Sdk\targets\Microsoft.NET.Sdk.targets(204,5): message :       PrepareResources;
       C:\Program Files\dotnet\sdk\10.0.301\Sdks\Microsoft.NET.Sdk\targets\Microsoft.NET.Sdk.targets(204,5): message :       ResolveKeySource;
       C:\Program Files\dotnet\sdk\10.0.301\Sdks\Microsoft.NET.Sdk\targets\Microsoft.NET.Sdk.targets(204,5): message :       Compile;
       C:\Program Files\dotnet\sdk\10.0.301\Sdks\Microsoft.NET.Sdk\targets\Microsoft.NET.Sdk.targets(204,5): message :       ExportWindowsMDFile;
       C:\Program Files\dotnet\sdk\10.0.301\Sdks\Microsoft.NET.Sdk\targets\Microsoft.NET.Sdk.targets(204,5): message :       UnmanagedUnregistration;
       C:\Program Files\dotnet\sdk\10.0.301\Sdks\Microsoft.NET.Sdk\targets\Microsoft.NET.Sdk.targets(204,5): message :       GenerateSerializationAssemblies;
       C:\Program Files\dotnet\sdk\10.0.301\Sdks\Microsoft.NET.Sdk\targets\Microsoft.NET.Sdk.targets(204,5): message :       CreateSatelliteAssemblies;
       C:\Program Files\dotnet\sdk\10.0.301\Sdks\Microsoft.NET.Sdk\targets\Microsoft.NET.Sdk.targets(204,5): message :       GenerateManifests;
       C:\Program Files\dotnet\sdk\10.0.301\Sdks\Microsoft.NET.Sdk\targets\Microsoft.NET.Sdk.targets(204,5): message :       GetTargetPath;
       C:\Program Files\dotnet\sdk\10.0.301\Sdks\Microsoft.NET.Sdk\targets\Microsoft.NET.Sdk.targets(204,5): message :       PrepareForRun;
       C:\Program Files\dotnet\sdk\10.0.301\Sdks\Microsoft.NET.Sdk\targets\Microsoft.NET.Sdk.targets(204,5): message :       UnmanagedRegistration;
       C:\Program Files\dotnet\sdk\10.0.301\Sdks\Microsoft.NET.Sdk\targets\Microsoft.NET.Sdk.targets(204,5): message :       IncrementalClean;
       C:\Program Files\dotnet\sdk\10.0.301\Sdks\Microsoft.NET.Sdk\targets\Microsoft.NET.Sdk.targets(204,5): message :       PostBuildEvent
       C:\Program Files\dotnet\sdk\10.0.301\Sdks\Microsoft.NET.Sdk\targets\Microsoft.NET.Sdk.targets(204,5): message :     ") C:\Program Files\dotnet\sdk\10.0.301\Sdks\Microsoft.NET.Sdk\targets\Microsoft.NET.Sdk.targets (204,5)
       C:\Program Files\dotnet\sdk\10.0.301\Sdks\Microsoft.NET.Sdk\targets\Microsoft.NET.Sdk.targets(213,5): message : プロパティの再代入: $(CoreCleanDependsOn)="
       C:\Program Files\dotnet\sdk\10.0.301\Sdks\Microsoft.NET.Sdk\targets\Microsoft.NET.Sdk.targets(213,5): message :       _SdkBeforeClean;
       C:\Program Files\dotnet\sdk\10.0.301\Sdks\Microsoft.NET.Sdk\targets\Microsoft.NET.Sdk.targets(213,5): message :       
       C:\Program Files\dotnet\sdk\10.0.301\Sdks\Microsoft.NET.Sdk\targets\Microsoft.NET.Sdk.targets(213,5): message :     " (以前の値: "") C:\Program Files\dotnet\sdk\10.0.301\Sdks\Microsoft.NET.Sdk\targets\Microsoft.NET.Sdk.targets (213,5)
       C:\Program Files\dotnet\sdk\10.0.301\Sdks\Microsoft.NET.Sdk\targets\Microsoft.NET.Sdk.targets(220,5): message : プロパティの再代入: $(RebuildDependsOn)="
       C:\Program Files\dotnet\sdk\10.0.301\Sdks\Microsoft.NET.Sdk\targets\Microsoft.NET.Sdk.targets(220,5): message :       _SdkBeforeRebuild;
       C:\Program Files\dotnet\sdk\10.0.301\Sdks\Microsoft.NET.Sdk\targets\Microsoft.NET.Sdk.targets(220,5): message :       
       C:\Program Files\dotnet\sdk\10.0.301\Sdks\Microsoft.NET.Sdk\targets\Microsoft.NET.Sdk.targets(220,5): message :       BeforeRebuild;
       C:\Program Files\dotnet\sdk\10.0.301\Sdks\Microsoft.NET.Sdk\targets\Microsoft.NET.Sdk.targets(220,5): message :       Clean;
       C:\Program Files\dotnet\sdk\10.0.301\Sdks\Microsoft.NET.Sdk\targets\Microsoft.NET.Sdk.targets(220,5): message :       Build;
       C:\Program Files\dotnet\sdk\10.0.301\Sdks\Microsoft.NET.Sdk\targets\Microsoft.NET.Sdk.targets(220,5): message :       AfterRebuild;
       C:\Program Files\dotnet\sdk\10.0.301\Sdks\Microsoft.NET.Sdk\targets\Microsoft.NET.Sdk.targets(220,5): message :     
       C:\Program Files\dotnet\sdk\10.0.301\Sdks\Microsoft.NET.Sdk\targets\Microsoft.NET.Sdk.targets(220,5): message :     " (以前の値: "
       C:\Program Files\dotnet\sdk\10.0.301\Sdks\Microsoft.NET.Sdk\targets\Microsoft.NET.Sdk.targets(220,5): message :       BeforeRebuild;
       C:\Program Files\dotnet\sdk\10.0.301\Sdks\Microsoft.NET.Sdk\targets\Microsoft.NET.Sdk.targets(220,5): message :       Clean;
       C:\Program Files\dotnet\sdk\10.0.301\Sdks\Microsoft.NET.Sdk\targets\Microsoft.NET.Sdk.targets(220,5): message :       Build;
       C:\Program Files\dotnet\sdk\10.0.301\Sdks\Microsoft.NET.Sdk\targets\Microsoft.NET.Sdk.targets(220,5): message :       AfterRebuild;
       C:\Program Files\dotnet\sdk\10.0.301\Sdks\Microsoft.NET.Sdk\targets\Microsoft.NET.Sdk.targets(220,5): message :     ") C:\Program Files\dotnet\sdk\10.0.301\Sdks\Microsoft.NET.Sdk\targets\Microsoft.NET.Sdk.targets (220,5)
       C:\Program Files\dotnet\sdk\10.0.301\Sdks\Microsoft.NET.Sdk\targets\Microsoft.NET.Sdk.targets(799,5): message : プロパティの再代入: $(CompileDependsOn)="
       C:\Program Files\dotnet\sdk\10.0.301\Sdks\Microsoft.NET.Sdk\targets\Microsoft.NET.Sdk.targets(799,5): message :       
       C:\Program Files\dotnet\sdk\10.0.301\Sdks\Microsoft.NET.Sdk\targets\Microsoft.NET.Sdk.targets(799,5): message :       ResolveReferences;
       C:\Program Files\dotnet\sdk\10.0.301\Sdks\Microsoft.NET.Sdk\targets\Microsoft.NET.Sdk.targets(799,5): message :       ResolveKeySource;
       C:\Program Files\dotnet\sdk\10.0.301\Sdks\Microsoft.NET.Sdk\targets\Microsoft.NET.Sdk.targets(799,5): message :       SetWin32ManifestProperties;
       C:\Program Files\dotnet\sdk\10.0.301\Sdks\Microsoft.NET.Sdk\targets\Microsoft.NET.Sdk.targets(799,5): message :       _SetPreferNativeArm64Win32ManifestProperties;
       C:\Program Files\dotnet\sdk\10.0.301\Sdks\Microsoft.NET.Sdk\targets\Microsoft.NET.Sdk.targets(799,5): message :       FindReferenceAssembliesForReferences;
       C:\Program Files\dotnet\sdk\10.0.301\Sdks\Microsoft.NET.Sdk\targets\Microsoft.NET.Sdk.targets(799,5): message :       _GenerateCompileInputs;
       C:\Program Files\dotnet\sdk\10.0.301\Sdks\Microsoft.NET.Sdk\targets\Microsoft.NET.Sdk.targets(799,5): message :       BeforeCompile;
       C:\Program Files\dotnet\sdk\10.0.301\Sdks\Microsoft.NET.Sdk\targets\Microsoft.NET.Sdk.targets(799,5): message :       _TimeStampBeforeCompile;
       C:\Program Files\dotnet\sdk\10.0.301\Sdks\Microsoft.NET.Sdk\targets\Microsoft.NET.Sdk.targets(799,5): message :       _GenerateCompileDependencyCache;
       C:\Program Files\dotnet\sdk\10.0.301\Sdks\Microsoft.NET.Sdk\targets\Microsoft.NET.Sdk.targets(799,5): message :       CoreCompile;
       C:\Program Files\dotnet\sdk\10.0.301\Sdks\Microsoft.NET.Sdk\targets\Microsoft.NET.Sdk.targets(799,5): message :       _TimeStampAfterCompile;
       C:\Program Files\dotnet\sdk\10.0.301\Sdks\Microsoft.NET.Sdk\targets\Microsoft.NET.Sdk.targets(799,5): message :       AfterCompile;
       C:\Program Files\dotnet\sdk\10.0.301\Sdks\Microsoft.NET.Sdk\targets\Microsoft.NET.Sdk.targets(799,5): message :     ;
       C:\Program Files\dotnet\sdk\10.0.301\Sdks\Microsoft.NET.Sdk\targets\Microsoft.NET.Sdk.targets(799,5): message :       _CreateAppHost;
       C:\Program Files\dotnet\sdk\10.0.301\Sdks\Microsoft.NET.Sdk\targets\Microsoft.NET.Sdk.targets(799,5): message :       _CreateComHost;
       C:\Program Files\dotnet\sdk\10.0.301\Sdks\Microsoft.NET.Sdk\targets\Microsoft.NET.Sdk.targets(799,5): message :       _GetIjwHostPaths;
       C:\Program Files\dotnet\sdk\10.0.301\Sdks\Microsoft.NET.Sdk\targets\Microsoft.NET.Sdk.targets(799,5): message :     " (以前の値: "
       C:\Program Files\dotnet\sdk\10.0.301\Sdks\Microsoft.NET.Sdk\targets\Microsoft.NET.Sdk.targets(799,5): message :       ResolveReferences;
       C:\Program Files\dotnet\sdk\10.0.301\Sdks\Microsoft.NET.Sdk\targets\Microsoft.NET.Sdk.targets(799,5): message :       ResolveKeySource;
       C:\Program Files\dotnet\sdk\10.0.301\Sdks\Microsoft.NET.Sdk\targets\Microsoft.NET.Sdk.targets(799,5): message :       SetWin32ManifestProperties;
       C:\Program Files\dotnet\sdk\10.0.301\Sdks\Microsoft.NET.Sdk\targets\Microsoft.NET.Sdk.targets(799,5): message :       _SetPreferNativeArm64Win32ManifestProperties;
       C:\Program Files\dotnet\sdk\10.0.301\Sdks\Microsoft.NET.Sdk\targets\Microsoft.NET.Sdk.targets(799,5): message :       FindReferenceAssembliesForReferences;
       C:\Program Files\dotnet\sdk\10.0.301\Sdks\Microsoft.NET.Sdk\targets\Microsoft.NET.Sdk.targets(799,5): message :       _GenerateCompileInputs;
       C:\Program Files\dotnet\sdk\10.0.301\Sdks\Microsoft.NET.Sdk\targets\Microsoft.NET.Sdk.targets(799,5): message :       BeforeCompile;
       C:\Program Files\dotnet\sdk\10.0.301\Sdks\Microsoft.NET.Sdk\targets\Microsoft.NET.Sdk.targets(799,5): message :       _TimeStampBeforeCompile;
       C:\Program Files\dotnet\sdk\10.0.301\Sdks\Microsoft.NET.Sdk\targets\Microsoft.NET.Sdk.targets(799,5): message :       _GenerateCompileDependencyCache;
       C:\Program Files\dotnet\sdk\10.0.301\Sdks\Microsoft.NET.Sdk\targets\Microsoft.NET.Sdk.targets(799,5): message :       CoreCompile;
       C:\Program Files\dotnet\sdk\10.0.301\Sdks\Microsoft.NET.Sdk\targets\Microsoft.NET.Sdk.targets(799,5): message :       _TimeStampAfterCompile;
       C:\Program Files\dotnet\sdk\10.0.301\Sdks\Microsoft.NET.Sdk\targets\Microsoft.NET.Sdk.targets(799,5): message :       AfterCompile;
       C:\Program Files\dotnet\sdk\10.0.301\Sdks\Microsoft.NET.Sdk\targets\Microsoft.NET.Sdk.targets(799,5): message :     ") C:\Program Files\dotnet\sdk\10.0.301\Sdks\Microsoft.NET.Sdk\targets\Microsoft.NET.Sdk.targets (799,5)
       C:\Program Files\dotnet\sdk\10.0.301\Sdks\Microsoft.NET.Sdk\targets\Microsoft.NET.Sdk.targets(1131,5): message : プロパティの再代入: $(CreateSatelliteAssembliesDependsOn)="
       C:\Program Files\dotnet\sdk\10.0.301\Sdks\Microsoft.NET.Sdk\targets\Microsoft.NET.Sdk.targets(1131,5): message :       
       C:\Program Files\dotnet\sdk\10.0.301\Sdks\Microsoft.NET.Sdk\targets\Microsoft.NET.Sdk.targets(1131,5): message :       ;
       C:\Program Files\dotnet\sdk\10.0.301\Sdks\Microsoft.NET.Sdk\targets\Microsoft.NET.Sdk.targets(1131,5): message :       _GenerateSatelliteAssemblyInputs;
       C:\Program Files\dotnet\sdk\10.0.301\Sdks\Microsoft.NET.Sdk\targets\Microsoft.NET.Sdk.targets(1131,5): message :       ComputeIntermediateSatelliteAssemblies;
       C:\Program Files\dotnet\sdk\10.0.301\Sdks\Microsoft.NET.Sdk\targets\Microsoft.NET.Sdk.targets(1131,5): message :       GenerateSatelliteAssemblies
       C:\Program Files\dotnet\sdk\10.0.301\Sdks\Microsoft.NET.Sdk\targets\Microsoft.NET.Sdk.targets(1131,5): message :     ;
       C:\Program Files\dotnet\sdk\10.0.301\Sdks\Microsoft.NET.Sdk\targets\Microsoft.NET.Sdk.targets(1131,5): message :       CoreGenerateSatelliteAssemblies
       C:\Program Files\dotnet\sdk\10.0.301\Sdks\Microsoft.NET.Sdk\targets\Microsoft.NET.Sdk.targets(1131,5): message :     " (以前の値: "
       C:\Program Files\dotnet\sdk\10.0.301\Sdks\Microsoft.NET.Sdk\targets\Microsoft.NET.Sdk.targets(1131,5): message :       ;
       C:\Program Files\dotnet\sdk\10.0.301\Sdks\Microsoft.NET.Sdk\targets\Microsoft.NET.Sdk.targets(1131,5): message :       _GenerateSatelliteAssemblyInputs;
       C:\Program Files\dotnet\sdk\10.0.301\Sdks\Microsoft.NET.Sdk\targets\Microsoft.NET.Sdk.targets(1131,5): message :       ComputeIntermediateSatelliteAssemblies;
       C:\Program Files\dotnet\sdk\10.0.301\Sdks\Microsoft.NET.Sdk\targets\Microsoft.NET.Sdk.targets(1131,5): message :       GenerateSatelliteAssemblies
       C:\Program Files\dotnet\sdk\10.0.301\Sdks\Microsoft.NET.Sdk\targets\Microsoft.NET.Sdk.targets(1131,5): message :     ") C:\Program Files\dotnet\sdk\10.0.301\Sdks\Microsoft.NET.Sdk\targets\Microsoft.NET.Sdk.targets (1131,5)
       C:\Program Files\dotnet\sdk\10.0.301\Sdks\Microsoft.SourceLink.GitLab\build\Microsoft.SourceLink.GitLab.targets(12,5): message : プロパティの再代入: $(SourceLinkUrlInitializerTargets)=";_InitializeGitHubSourceLinkUrl;_InitializeGitLabSourceLinkUrl" (以前の値: ";_InitializeGitHubSourceLinkUrl") C:\Program Files\dotnet\sdk\10.0.301\Sdks\Microsoft.SourceLink.GitLab\build\Microsoft.SourceLink.GitLab.targets (12,5)
       C:\Program Files\dotnet\sdk\10.0.301\Sdks\Microsoft.SourceLink.GitLab\build\Microsoft.SourceLink.GitLab.targets(13,5): message : プロパティの再代入: $(SourceControlManagerUrlTranslationTargets)=";TranslateGitHubUrlsInSourceControlInformation;TranslateGitLabUrlsInSourceControlInformation" (以前の値: ";TranslateGitHubUrlsInSourceControlInformation") C:\Program Files\dotnet\sdk\10.0.301\Sdks\Microsoft.SourceLink.GitLab\build\Microsoft.SourceLink.GitLab.targets (13,5)
       C:\Program Files\dotnet\sdk\10.0.301\Sdks\Microsoft.SourceLink.AzureRepos.Git\build\Microsoft.SourceLink.AzureRepos.Git.targets(12,5): message : プロパティの再代入: $(SourceLinkUrlInitializerTargets)=";_InitializeGitHubSourceLinkUrl;_InitializeGitLabSourceLinkUrl;_InitializeAzureReposGitSourceLinkUrl" (以前の値: ";_InitializeGitHubSourceLinkUrl;_InitializeGitLabSourceLinkUrl") C:\Program Files\dotnet\sdk\10.0.301\Sdks\Microsoft.SourceLink.AzureRepos.Git\build\Microsoft.SourceLink.AzureRepos.Git.targets (12,5)
       C:\Program Files\dotnet\sdk\10.0.301\Sdks\Microsoft.SourceLink.AzureRepos.Git\build\Microsoft.SourceLink.AzureRepos.Git.targets(13,5): message : プロパティの再代入: $(SourceControlManagerUrlTranslationTargets)=";TranslateGitHubUrlsInSourceControlInformation;TranslateGitLabUrlsInSourceControlInformation;TranslateAzureReposGitUrlsInSourceControlInformation" (以前の値: ";TranslateGitHubUrlsInSourceControlInformation;TranslateGitLabUrlsInSourceControlInformation") C:\Program Files\dotnet\sdk\10.0.301\Sdks\Microsoft.SourceLink.AzureRepos.Git\build\Microsoft.SourceLink.AzureRepos.Git.targets (13,5)
       C:\Program Files\dotnet\sdk\10.0.301\Sdks\Microsoft.SourceLink.Bitbucket.Git\build\Microsoft.SourceLink.Bitbucket.Git.targets(12,5): message : プロパティの再代入: $(SourceLinkUrlInitializerTargets)=";_InitializeGitHubSourceLinkUrl;_InitializeGitLabSourceLinkUrl;_InitializeAzureReposGitSourceLinkUrl;_InitializeBitbucketGitSourceLinkUrl" (以前の値: ";_InitializeGitHubSourceLinkUrl;_InitializeGitLabSourceLinkUrl;_InitializeAzureReposGitSourceLinkUrl") C:\Program Files\dotnet\sdk\10.0.301\Sdks\Microsoft.SourceLink.Bitbucket.Git\build\Microsoft.SourceLink.Bitbucket.Git.targets (12,5)
       C:\Program Files\dotnet\sdk\10.0.301\Sdks\Microsoft.SourceLink.Bitbucket.Git\build\Microsoft.SourceLink.Bitbucket.Git.targets(13,5): message : プロパティの再代入: $(SourceControlManagerUrlTranslationTargets)=";TranslateGitHubUrlsInSourceControlInformation;TranslateGitLabUrlsInSourceControlInformation;TranslateAzureReposGitUrlsInSourceControlInformation;TranslateBitbucketGitUrlsInSourceControlInformation" (以前の値: ";TranslateGitHubUrlsInSourceControlInformation;TranslateGitLabUrlsInSourceControlInformation;TranslateAzureReposGitUrlsInSourceControlInformation") C:\Program Files\dotnet\sdk\10.0.301\Sdks\Microsoft.SourceLink.Bitbucket.Git\build\Microsoft.SourceLink.Bitbucket.Git.targets (13,5)
       C:\Program Files\dotnet\sdk\10.0.301\Sdks\Microsoft.NET.Sdk\targets\Microsoft.NET.DesignerSupport.targets(21,5): message : プロパティの再代入: $(DesignerRuntimeImplementationProjectOutputGroupDependsOn)="
       C:\Program Files\dotnet\sdk\10.0.301\Sdks\Microsoft.NET.Sdk\targets\Microsoft.NET.DesignerSupport.targets(21,5): message :       
       C:\Program Files\dotnet\sdk\10.0.301\Sdks\Microsoft.NET.Sdk\targets\Microsoft.NET.DesignerSupport.targets(21,5): message :       ;
       C:\Program Files\dotnet\sdk\10.0.301\Sdks\Microsoft.NET.Sdk\targets\Microsoft.NET.DesignerSupport.targets(21,5): message :       
       C:\Program Files\dotnet\sdk\10.0.301\Sdks\Microsoft.NET.Sdk\targets\Microsoft.NET.DesignerSupport.targets(21,5): message :       ;
       C:\Program Files\dotnet\sdk\10.0.301\Sdks\Microsoft.NET.Sdk\targets\Microsoft.NET.DesignerSupport.targets(21,5): message :       BuildOnlySettings;
       C:\Program Files\dotnet\sdk\10.0.301\Sdks\Microsoft.NET.Sdk\targets\Microsoft.NET.DesignerSupport.targets(21,5): message :       PrepareForBuild;
       C:\Program Files\dotnet\sdk\10.0.301\Sdks\Microsoft.NET.Sdk\targets\Microsoft.NET.DesignerSupport.targets(21,5): message :       AssignTargetPaths;
       C:\Program Files\dotnet\sdk\10.0.301\Sdks\Microsoft.NET.Sdk\targets\Microsoft.NET.DesignerSupport.targets(21,5): message :       ResolveReferences
       C:\Program Files\dotnet\sdk\10.0.301\Sdks\Microsoft.NET.Sdk\targets\Microsoft.NET.DesignerSupport.targets(21,5): message :     
       C:\Program Files\dotnet\sdk\10.0.301\Sdks\Microsoft.NET.Sdk\targets\Microsoft.NET.DesignerSupport.targets(21,5): message :     ;
       C:\Program Files\dotnet\sdk\10.0.301\Sdks\Microsoft.NET.Sdk\targets\Microsoft.NET.DesignerSupport.targets(21,5): message :       _GenerateDesignerDepsFile;
       C:\Program Files\dotnet\sdk\10.0.301\Sdks\Microsoft.NET.Sdk\targets\Microsoft.NET.DesignerSupport.targets(21,5): message :       _GenerateDesignerRuntimeConfigFile;
       C:\Program Files\dotnet\sdk\10.0.301\Sdks\Microsoft.NET.Sdk\targets\Microsoft.NET.DesignerSupport.targets(21,5): message :       GetCopyToOutputDirectoryItems;
       C:\Program Files\dotnet\sdk\10.0.301\Sdks\Microsoft.NET.Sdk\targets\Microsoft.NET.DesignerSupport.targets(21,5): message :       _GatherDesignerShadowCopyFiles;
       C:\Program Files\dotnet\sdk\10.0.301\Sdks\Microsoft.NET.Sdk\targets\Microsoft.NET.DesignerSupport.targets(21,5): message :     " (以前の値: "
       C:\Program Files\dotnet\sdk\10.0.301\Sdks\Microsoft.NET.Sdk\targets\Microsoft.NET.DesignerSupport.targets(21,5): message :       ;
       C:\Program Files\dotnet\sdk\10.0.301\Sdks\Microsoft.NET.Sdk\targets\Microsoft.NET.DesignerSupport.targets(21,5): message :       
       C:\Program Files\dotnet\sdk\10.0.301\Sdks\Microsoft.NET.Sdk\targets\Microsoft.NET.DesignerSupport.targets(21,5): message :       ;
       C:\Program Files\dotnet\sdk\10.0.301\Sdks\Microsoft.NET.Sdk\targets\Microsoft.NET.DesignerSupport.targets(21,5): message :       BuildOnlySettings;
       C:\Program Files\dotnet\sdk\10.0.301\Sdks\Microsoft.NET.Sdk\targets\Microsoft.NET.DesignerSupport.targets(21,5): message :       PrepareForBuild;
       C:\Program Files\dotnet\sdk\10.0.301\Sdks\Microsoft.NET.Sdk\targets\Microsoft.NET.DesignerSupport.targets(21,5): message :       AssignTargetPaths;
       C:\Program Files\dotnet\sdk\10.0.301\Sdks\Microsoft.NET.Sdk\targets\Microsoft.NET.DesignerSupport.targets(21,5): message :       ResolveReferences
       C:\Program Files\dotnet\sdk\10.0.301\Sdks\Microsoft.NET.Sdk\targets\Microsoft.NET.DesignerSupport.targets(21,5): message :     
       C:\Program Files\dotnet\sdk\10.0.301\Sdks\Microsoft.NET.Sdk\targets\Microsoft.NET.DesignerSupport.targets(21,5): message :     ") C:\Program Files\dotnet\sdk\10.0.301\Sdks\Microsoft.NET.Sdk\targets\Microsoft.NET.DesignerSupport.targets (21,5)
       C:\Program Files\dotnet\sdk\10.0.301\Sdks\Microsoft.NET.Sdk\targets\Microsoft.NET.Sdk.CSharp.targets(31,5): message : プロパティの再代入: $(DefineConstants)="TRACE;DEBUG" (以前の値: "TRACE") C:\Program Files\dotnet\sdk\10.0.301\Sdks\Microsoft.NET.Sdk\targets\Microsoft.NET.Sdk.CSharp.targets (31,5)
       C:\Program Files\dotnet\sdk\10.0.301\Sdks\Microsoft.NET.Sdk\targets\Microsoft.NET.Sdk.CSharp.targets(45,5): message : プロパティの再代入: $(WarningsAsErrors)=";NU1605;SYSLIB0011" (以前の値: ";NU1605") C:\Program Files\dotnet\sdk\10.0.301\Sdks\Microsoft.NET.Sdk\targets\Microsoft.NET.Sdk.CSharp.targets (45,5)
       C:\Program Files\dotnet\sdk\10.0.301\Sdks\Microsoft.NET.Sdk\targets\Microsoft.NET.Windows.targets(239,5): message : プロパティの再代入: $(_RunCsWinRTGeneratorPropertyInputsCachePath)="C:\Users\tuoza\source\repos\Archivio\Archivio\obj\x64\Debug\net10.0-windows10.0.19041.0\win-x64\Archivio.cswinrtgen.cache" (以前の値: "obj\x64\Debug\net10.0-windows10.0.19041.0\win-x64\Archivio.cswinrtgen.cache") C:\Program Files\dotnet\sdk\10.0.301\Sdks\Microsoft.NET.Sdk\targets\Microsoft.NET.Windows.targets (239,5)
       C:\Program Files\dotnet\sdk\10.0.301\NuGet.Build.Tasks.Pack.targets(34,5): message : プロパティの再代入: $(PackageDescription)="Package Description" (以前の値: "") C:\Program Files\dotnet\sdk\10.0.301\NuGet.Build.Tasks.Pack.targets (34,5)
       C:\Program Files\dotnet\sdk\10.0.301\NuGet.Build.Tasks.Pack.targets(59,5): message : プロパティの再代入: $(GenerateNuspecDependsOn)="Build;_LoadPackInputItems; _GetTargetFrameworksOutput; _WalkEachTargetPerFramework; _GetPackageFiles; " (以前の値: "_LoadPackInputItems; _GetTargetFrameworksOutput; _WalkEachTargetPerFramework; _GetPackageFiles; ") C:\Program Files\dotnet\sdk\10.0.301\NuGet.Build.Tasks.Pack.targets (59,5)
       C:\Program Files\dotnet\sdk\10.0.301\Sdks\Microsoft.NET.Sdk\Sdk\Sdk.targets(59,5): message : プロパティの再代入: $(_IsNotSetContainersTargetsDir)="true" (以前の値: "false") C:\Program Files\dotnet\sdk\10.0.301\Sdks\Microsoft.NET.Sdk\Sdk\Sdk.targets (59,5)
       C:\Program Files\dotnet\sdk\10.0.301\Containers\build\Microsoft.NET.Build.Containers.targets(5,5): message : プロパティの再代入: $(_IsSDKContainerAllowedVersion)="true" (以前の値: "false") C:\Program Files\dotnet\sdk\10.0.301\Containers\build\Microsoft.NET.Build.Containers.targets (5,5)
       C:\Program Files\dotnet\sdk\10.0.301\Containers\build\Microsoft.NET.Build.Containers.targets(15,5): message : プロパティの再代入: $(_ContainerIsTargetingNet8TFM)="true" (以前の値: "false") C:\Program Files\dotnet\sdk\10.0.301\Containers\build\Microsoft.NET.Build.Containers.targets (15,5)
       プロジェクト "C:\Program Files\dotnet\sdk\10.0.301\Microsoft.Common.CurrentVersion.targets" のターゲット "ResolveFrameworkReferences" をプロジェクト "C:\Program Files\dotnet\sdk\10.0.301\Sdks\Microsoft.NET.Sdk\targets\Microsoft.NET.Sdk.FrameworkReferenceResolution.targets" からのターゲット "ResolveFrameworkReferences" でオーバーライドしています。
       プロジェクト "C:\Program Files\dotnet\sdk\10.0.301\Microsoft.Common.CurrentVersion.targets" のターゲット "GenerateSupportedTargetFrameworkAlias" をプロジェクト "C:\Program Files\dotnet\sdk\10.0.301\Sdks\Microsoft.NET.Sdk\targets\Microsoft.NET.Sdk.targets" からのターゲット "GenerateSupportedTargetFrameworkAlias" でオーバーライドしています。
       プロジェクト "C:\Program Files\dotnet\sdk\10.0.301\Microsoft.Common.CurrentVersion.targets" のターゲット "GetReferenceAssemblyPaths" をプロジェクト "C:\Program Files\dotnet\sdk\10.0.301\Sdks\Microsoft.NET.Sdk\targets\Microsoft.NET.DisableStandardFrameworkResolution.targets" からのターゲット "GetReferenceAssemblyPaths" でオーバーライドしています。
       プロジェクト "C:\Program Files\dotnet\sdk\10.0.301\Microsoft.Common.CurrentVersion.targets" のターゲット "GetFrameworkPaths" をプロジェクト "C:\Program Files\dotnet\sdk\10.0.301\Sdks\Microsoft.NET.Sdk\targets\Microsoft.NET.DisableStandardFrameworkResolution.targets" からのターゲット "GetFrameworkPaths" でオーバーライドしています。
       プロジェクト "C:\Program Files\dotnet\sdk\10.0.301\Microsoft.Common.CurrentVersion.targets" のターゲット "DesignerRuntimeImplementationProjectOutputGroup" をプロジェクト "C:\Program Files\dotnet\sdk\10.0.301\Sdks\Microsoft.NET.Sdk\targets\Microsoft.NET.DesignerSupport.targets" からのターゲット "DesignerRuntimeImplementationProjectOutputGroup" でオーバーライドしています。
       プロジェクト "C:\Program Files\dotnet\sdk\10.0.301\Microsoft.Common.CurrentVersion.targets" のターゲット "Publish" をプロジェクト "C:\Program Files\dotnet\sdk\10.0.301\Sdks\Microsoft.NET.Sdk\targets\Microsoft.NET.Publish.targets" からのターゲット "Publish" でオーバーライドしています。
       プロジェクト "C:\Program Files\dotnet\sdk\10.0.301\Sdks\Microsoft.NET.Sdk\targets\Microsoft.NET.CrossGen.targets" のターゲット "ResolveReadyToRunCompilers" をプロジェクト "C:\Program Files\dotnet\sdk\10.0.301\Sdks\Microsoft.NET.Sdk\targets\Microsoft.NET.Publish.targets" からのターゲット "ResolveReadyToRunCompilers" でオーバーライドしています。
       プロジェクト "C:\Program Files\dotnet\sdk\10.0.301\Microsoft.Common.CurrentVersion.targets" のターゲット "GetCopyToPublishDirectoryItems" をプロジェクト "C:\Program Files\dotnet\sdk\10.0.301\Sdks\Microsoft.NET.Sdk\targets\Microsoft.NET.Publish.targets" からのターゲット "GetCopyToPublishDirectoryItems" でオーバーライドしています。
       プロジェクト "C:\Program Files\dotnet\sdk\10.0.301\Microsoft.Common.CurrentVersion.targets" のターゲット "Run" をプロジェクト "C:\Program Files\dotnet\sdk\10.0.301\Sdks\Microsoft.NET.Sdk\targets\Microsoft.NET.Sdk.targets" からのターゲット "Run" でオーバーライドしています。
     1>プロジェクト "C:\Users\tuoza\source\repos\Archivio\Archivio\Archivio.csproj" (1) は、ノード 1 上に "C:\Users\tuoza\source\repos\Archivio\Archivio\Archivio.csproj" (1:2) をビルドしています (_IsProjectRestoreSupported ターゲット)。
   1:2>ファイル "C:\Program Files\dotnet\sdk\10.0.301\NuGet.targets" 内にある、プロジェクト "C:\Users\tuoza\source\repos\Archivio\Archivio\Archivio.csproj" からのターゲット "_IsProjectRestoreSupported" (エントリ ポイント):
   1:2>プロジェクト "Archivio.csproj" 内のターゲット "_IsProjectRestoreSupported" のビルドが終了しました。
   1:2>プロジェクト "C:\Users\tuoza\source\repos\Archivio\Archivio\Archivio.csproj" (_IsProjectRestoreSupported ターゲット) のビルドが完了しました。
     1>タスク "MSBuild" の実行が終了しました。
       TaskRun 中にアセンブリが読み込まれました: NuGet.Build.Tasks, Version=7.6.0.0, Culture=neutral, PublicKeyToken=31bf3856ad364e35 (場所: C:\Program Files\dotnet\sdk\10.0.301\NuGet.Build.Tasks.dll、MVID: 1c089cef-a1a4-43dc-9d62-b837faefd103、AssemblyLoadContext: MSBuild plugin C:\Program Files\dotnet\sdk\10.0.301\NuGet.Build.Tasks.dll)
       TaskRun 中にアセンブリが読み込まれました: NuGet.Common, Version=7.6.0.0, Culture=neutral, PublicKeyToken=31bf3856ad364e35 (場所: C:\Program Files\dotnet\sdk\10.0.301\NuGet.Common.dll、MVID: 53441cde-b7f3-4aae-afad-7f9b356c0065、AssemblyLoadContext: MSBuild plugin C:\Program Files\dotnet\sdk\10.0.301\NuGet.Build.Tasks.dll)
       TaskRun 中にアセンブリが読み込まれました: NuGet.Commands, Version=7.6.0.0, Culture=neutral, PublicKeyToken=31bf3856ad364e35 (場所: C:\Program Files\dotnet\sdk\10.0.301\NuGet.Commands.dll、MVID: 2302114f-403d-4bfa-b635-3b465e2aebfc、AssemblyLoadContext: MSBuild plugin C:\Program Files\dotnet\sdk\10.0.301\NuGet.Build.Tasks.dll)
       TaskRun 中にアセンブリが読み込まれました: NuGet.ProjectModel, Version=7.6.0.0, Culture=neutral, PublicKeyToken=31bf3856ad364e35 (場所: C:\Program Files\dotnet\sdk\10.0.301\NuGet.ProjectModel.dll、MVID: 550796bb-cbe4-4dd4-b3ff-72635ea0e11e、AssemblyLoadContext: MSBuild plugin C:\Program Files\dotnet\sdk\10.0.301\NuGet.Build.Tasks.dll)
       "WarnForInvalidProjectsTask" タスクをアセンブリ "C:\Program Files\dotnet\sdk\10.0.301\NuGet.Build.Tasks.dll" から使用しています。
       タスク "WarnForInvalidProjectsTask"
       タスク "WarnForInvalidProjectsTask" の実行が終了しました。
     1>プロジェクト "Archivio.csproj" 内のターゲット "_FilterRestoreGraphProjectInputItems" のビルドが終了しました。
       ターゲット "_FilterRestoreGraphProjectInputItems" を省略しました。以前に正しくビルドされていました。
     1>ファイル "C:\Program Files\dotnet\sdk\10.0.301\NuGet.targets" 内にある、プロジェクト "C:\Users\tuoza\source\repos\Archivio\Archivio\Archivio.csproj" からのターゲット "_GetAllRestoreProjectPathItems" (ターゲット "_GenerateRestoreGraph" は依存):
       "NuGetMessageTask" タスクをアセンブリ "C:\Program Files\dotnet\sdk\10.0.301\NuGet.Build.Tasks.dll" から使用しています。
       タスク "NuGetMessageTask"
         TaskRun (NuGet.Build.Tasks.NuGetMessageTask) 中にアセンブリが読み込まれました: NuGet.Build.Tasks.resources, Version=7.6.0.0, Culture=ja, PublicKeyToken=31bf3856ad364e35 (場所: C:\Program Files\dotnet\sdk\10.0.301\ja\NuGet.Build.Tasks.resources.dll、MVID: 597280b3-875d-4ffe-ac25-100a02c680f6、AssemblyLoadContext: MSBuild plugin C:\Program Files\dotnet\sdk\10.0.301\NuGet.Build.Tasks.dll)
         復元対象のプロジェクトを決定しています...
       タスク "NuGetMessageTask" の実行が終了しました。
       タスク "MSBuild"
         グローバル プロパティ:
           ExcludeRestorePackageImports=true
     1>プロジェクト "C:\Users\tuoza\source\repos\Archivio\Archivio\Archivio.csproj" (1) は、ノード 1 上に "C:\Users\tuoza\source\repos\Archivio\Archivio\Archivio.csproj" (1:3) をビルドしています (_GenerateRestoreProjectPathWalk ターゲット)。
   1:3>ファイル "C:\Program Files\dotnet\sdk\10.0.301\NuGet.targets" 内にある、プロジェクト "C:\Users\tuoza\source\repos\Archivio\Archivio\Archivio.csproj" からのターゲット "_GenerateRestoreProjectPathItemsPerFramework" (ターゲット "_GenerateRestoreProjectPathItemsCurrentProject" は依存):
   1:3>"ConvertToAbsolutePath" タスクをアセンブリ "Microsoft.Build.Tasks.Core, Version=15.1.0.0, Culture=neutral, PublicKeyToken=b03f5f7f11d50a3a" から使用しています。
       タスク "ConvertToAbsolutePath"
       タスク "ConvertToAbsolutePath" の実行が終了しました。
   1:3>プロジェクト "Archivio.csproj" 内のターゲット "_GenerateRestoreProjectPathItemsPerFramework" のビルドが終了しました。
   1:3>ファイル "C:\Program Files\dotnet\sdk\10.0.301\NuGet.targets" 内にある、プロジェクト "C:\Users\tuoza\source\repos\Archivio\Archivio\Archivio.csproj" からのターゲット "_GenerateRestoreProjectPathItemsCurrentProject" (ターゲット "_GenerateRestoreProjectPathItems" は依存):
   1:3>プロジェクト "Archivio.csproj" 内のターゲット "_GenerateRestoreProjectPathItemsCurrentProject" のビルドが終了しました。
   1:3>ファイル "C:\Program Files\dotnet\sdk\10.0.301\NuGet.targets" 内にある、プロジェクト "C:\Users\tuoza\source\repos\Archivio\Archivio\Archivio.csproj" からのターゲット "_GenerateRestoreProjectPathItems" (ターゲット "_GenerateRestoreProjectPathWalk" は依存):
       タスク "RemoveDuplicates"
       タスク "RemoveDuplicates" の実行が終了しました。
   1:3>プロジェクト "Archivio.csproj" 内のターゲット "_GenerateRestoreProjectPathItems" のビルドが終了しました。
   1:3>ファイル "C:\Program Files\dotnet\sdk\10.0.301\NuGet.targets" 内にある、プロジェクト "C:\Users\tuoza\source\repos\Archivio\Archivio\Archivio.csproj" からのターゲット "_GenerateRestoreProjectPathWalk" (エントリ ポイント):
       タスク "MSBuild"
       タスク "MSBuild" の実行が終了しました。
       タスク "RemoveDuplicates"
       タスク "RemoveDuplicates" の実行が終了しました。
   1:3>プロジェクト "Archivio.csproj" 内のターゲット "_GenerateRestoreProjectPathWalk" のビルドが終了しました。
   1:3>プロジェクト "C:\Users\tuoza\source\repos\Archivio\Archivio\Archivio.csproj" (_GenerateRestoreProjectPathWalk ターゲット) のビルドが完了しました。
     1>タスク "MSBuild" の実行が終了しました。
       タスク "RemoveDuplicates"
       タスク "RemoveDuplicates" の実行が終了しました。
       タスク "MSBuild"
         グローバル プロパティ:
           ExcludeRestorePackageImports=true
     1>プロジェクト "C:\Users\tuoza\source\repos\Archivio\Archivio\Archivio.csproj" (1) は、ノード 1 上に "C:\Users\tuoza\source\repos\Archivio\Archivio\Archivio.csproj" (1:4) をビルドしています (_IsProjectRestoreSupported ターゲット)。
   1:4>ターゲット "_IsProjectRestoreSupported" を省略しました。以前に正しくビルドされていました。
   1:4>プロジェクト "C:\Users\tuoza\source\repos\Archivio\Archivio\Archivio.csproj" (_IsProjectRestoreSupported ターゲット) のビルドが完了しました。
     1>タスク "MSBuild" の実行が終了しました。
     1>プロジェクト "Archivio.csproj" 内のターゲット "_GetAllRestoreProjectPathItems" のビルドが終了しました。
     1>ファイル "C:\Program Files\dotnet\sdk\10.0.301\NuGet.targets" 内にある、プロジェクト "C:\Users\tuoza\source\repos\Archivio\Archivio\Archivio.csproj" からのターゲット "_GenerateRestoreGraph" (ターゲット "Restore" は依存):
       "Message" タスクをアセンブリ "Microsoft.Build.Tasks.Core, Version=15.1.0.0, Culture=neutral, PublicKeyToken=b03f5f7f11d50a3a" から使用しています。
       タスク "Message"
         Generating dg file
       タスク "Message" の実行が終了しました。
       タスク "Message"
         C:\Users\tuoza\source\repos\Archivio\Archivio\Archivio.csproj
       タスク "Message" の実行が終了しました。
       タスク "MSBuild"
         グローバル プロパティ:
           ExcludeRestorePackageImports=true
     1>プロジェクト "C:\Users\tuoza\source\repos\Archivio\Archivio\Archivio.csproj" (1) は、ノード 1 上に "C:\Users\tuoza\source\repos\Archivio\Archivio\Archivio.csproj" (1:5) をビルドしています (_GenerateRestoreGraphProjectEntry ターゲット)。
   1:5>ファイル "C:\Program Files\dotnet\sdk\10.0.301\Sdks\Microsoft.NET.Sdk\targets\Microsoft.NET.TargetFrameworkInference.targets" 内にある、プロジェクト "C:\Users\tuoza\source\repos\Archivio\Archivio\Archivio.csproj" からのターゲット "_CheckForUnsupportedTargetPlatformIdentifier" (ターゲット "CollectPackageReferences" は依存):
   1:5>プロジェクト "Archivio.csproj" 内のターゲット "_CheckForUnsupportedTargetPlatformIdentifier" のビルドが終了しました。
   1:5>ファイル "C:\Program Files\dotnet\sdk\10.0.301\Sdks\Microsoft.NET.Sdk\targets\Microsoft.NET.TargetFrameworkInference.targets" 内にある、プロジェクト "C:\Users\tuoza\source\repos\Archivio\Archivio\Archivio.csproj" からのターゲット "_CheckForUnsupportedNETCoreVersion" (ターゲット "CollectPackageReferences" は依存):
   1:5>プロジェクト "Archivio.csproj" 内のターゲット "_CheckForUnsupportedNETCoreVersion" のビルドが終了しました。
   1:5>ファイル "C:\Program Files\dotnet\sdk\10.0.301\Sdks\Microsoft.NET.Sdk\targets\Microsoft.NET.TargetFrameworkInference.targets" 内にある、プロジェクト "C:\Users\tuoza\source\repos\Archivio\Archivio\Archivio.csproj" からのターゲット "_CheckForUnsupportedCppNETCoreVersion" (ターゲット "CollectPackageReferences" は依存):
   1:5>プロジェクト "Archivio.csproj" 内のターゲット "_CheckForUnsupportedCppNETCoreVersion" のビルドが終了しました。
   1:5>ファイル "C:\Program Files\dotnet\sdk\10.0.301\Sdks\Microsoft.NET.Sdk\targets\Microsoft.NET.Sdk.DefaultItems.Shared.targets" 内にある、プロジェクト "C:\Users\tuoza\source\repos\Archivio\Archivio\Archivio.csproj" からのターゲット "UpdateAspNetToFrameworkReference" (ターゲット "ApplyImplicitVersions" は依存):
       "CheckIfPackageReferenceShouldBeFrameworkReference" タスクをアセンブリ "C:\Program Files\dotnet\sdk\10.0.301\Sdks\Microsoft.NET.Sdk\targets\..\tools\net10.0\Microsoft.NET.Build.Tasks.dll" から使用しています。
       タスク "CheckIfPackageReferenceShouldBeFrameworkReference"
       タスク "CheckIfPackageReferenceShouldBeFrameworkReference" の実行が終了しました。
       タスク "CheckIfPackageReferenceShouldBeFrameworkReference"
       タスク "CheckIfPackageReferenceShouldBeFrameworkReference" の実行が終了しました。
   1:5>プロジェクト "Archivio.csproj" 内のターゲット "UpdateAspNetToFrameworkReference" のビルドが終了しました。
   1:5>ファイル "C:\Program Files\dotnet\sdk\10.0.301\Sdks\Microsoft.NET.Sdk\targets\Microsoft.NET.Sdk.DefaultItems.Shared.targets" 内にある、プロジェクト "C:\Users\tuoza\source\repos\Archivio\Archivio\Archivio.csproj" からのターゲット "CheckForImplicitPackageReferenceOverrides" (ターゲット "ApplyImplicitVersions" は依存):
       "CheckForImplicitPackageReferenceOverrides" タスクをアセンブリ "C:\Program Files\dotnet\sdk\10.0.301\Sdks\Microsoft.NET.Sdk\targets\..\tools\net10.0\Microsoft.NET.Build.Tasks.dll" から使用しています。
       タスク "CheckForImplicitPackageReferenceOverrides"
       タスク "CheckForImplicitPackageReferenceOverrides" の実行が終了しました。
   1:5>プロジェクト "Archivio.csproj" 内のターゲット "CheckForImplicitPackageReferenceOverrides" のビルドが終了しました。
   1:5>ファイル "C:\Program Files\dotnet\sdk\10.0.301\Sdks\Microsoft.NET.Sdk\targets\Microsoft.NET.Sdk.DefaultItems.Shared.targets" 内にある、プロジェクト "C:\Users\tuoza\source\repos\Archivio\Archivio\Archivio.csproj" からのターゲット "ApplyImplicitVersions" (ターゲット "CollectPackageReferences" は依存):
       "ApplyImplicitVersions" タスクをアセンブリ "C:\Program Files\dotnet\sdk\10.0.301\Sdks\Microsoft.NET.Sdk\targets\..\tools\net10.0\Microsoft.NET.Build.Tasks.dll" から使用しています。
       タスク "ApplyImplicitVersions"
       タスク "ApplyImplicitVersions" の実行が終了しました。
   1:5>プロジェクト "Archivio.csproj" 内のターゲット "ApplyImplicitVersions" のビルドが終了しました。
       ターゲット "CheckForImplicitPackageReferenceOverrides" を省略しました。以前に正しくビルドされていました。
   1:5>ファイル "C:\Program Files\dotnet\sdk\10.0.301\Sdks\Microsoft.NET.Sdk\targets\Microsoft.NET.Sdk.FrameworkReferenceResolution.targets" 内にある、プロジェクト "C:\Users\tuoza\source\repos\Archivio\Archivio\Archivio.csproj" からのターゲット "AddWindowsSdkKnownFrameworkReferences" (ターゲット "ProcessFrameworkReferences" は依存):
       "CreateWindowsSdkKnownFrameworkReferences" タスクをアセンブリ "C:\Program Files\dotnet\sdk\10.0.301\Sdks\Microsoft.NET.Sdk\targets\..\tools\net10.0\Microsoft.NET.Build.Tasks.dll" から使用しています。
       タスク "CreateWindowsSdkKnownFrameworkReferences"
       タスク "CreateWindowsSdkKnownFrameworkReferences" の実行が終了しました。
   1:5>プロジェクト "Archivio.csproj" 内のターゲット "AddWindowsSdkKnownFrameworkReferences" のビルドが終了しました。
   1:5>ファイル "C:\Program Files\dotnet\sdk\10.0.301\Sdks\Microsoft.NET.Sdk\targets\Microsoft.NET.TargetFrameworkInference.targets" 内にある、プロジェクト "C:\Users\tuoza\source\repos\Archivio\Archivio\Archivio.csproj" からのターゲット "_NormalizeTargetPlatformVersion" (ターゲット "ProcessFrameworkReferences" は依存):
   1:5>プロジェクト "Archivio.csproj" 内のターゲット "_NormalizeTargetPlatformVersion" のビルドが終了しました。
   1:5>ファイル "C:\Program Files\dotnet\sdk\10.0.301\Sdks\Microsoft.NET.Sdk\targets\Microsoft.NET.RuntimeIdentifierInference.targets" 内にある、プロジェクト "C:\Users\tuoza\source\repos\Archivio\Archivio\Archivio.csproj" からのターゲット "_CheckForLanguageAndFeatureCombinationSupport" (ターゲット "ProcessFrameworkReferences" は依存):
   1:5>プロジェクト "Archivio.csproj" 内のターゲット "_CheckForLanguageAndFeatureCombinationSupport" のビルドが終了しました。
   1:5>ファイル "C:\Program Files\dotnet\sdk\10.0.301\Sdks\Microsoft.NET.Sdk\targets\Microsoft.NET.Publish.targets" 内にある、プロジェクト "C:\Users\tuoza\source\repos\Archivio\Archivio\Archivio.csproj" からのターゲット "_ComputeToolPackInputsToProcessFrameworkReferences" (ターゲット "ProcessFrameworkReferences" は依存):
   1:5>プロジェクト "Archivio.csproj" 内のターゲット "_ComputeToolPackInputsToProcessFrameworkReferences" のビルドが終了しました。
   1:5>ファイル "C:\Program Files\dotnet\sdk\10.0.301\Sdks\Microsoft.NET.Sdk\targets\Microsoft.NET.Sdk.FrameworkReferenceResolution.targets" 内にある、プロジェクト "C:\Users\tuoza\source\repos\Archivio\Archivio\Archivio.csproj" からのターゲット "ProcessFrameworkReferences" (ターゲット "CollectPackageReferences" は依存):
       "CheckForDuplicateFrameworkReferences" タスクをアセンブリ "C:\Program Files\dotnet\sdk\10.0.301\Sdks\Microsoft.NET.Sdk\targets\..\tools\net10.0\Microsoft.NET.Build.Tasks.dll" から使用しています。
       タスク "CheckForDuplicateFrameworkReferences"
       タスク "CheckForDuplicateFrameworkReferences" の実行が終了しました。
       "ProcessFrameworkReferences" タスクをアセンブリ "C:\Program Files\dotnet\sdk\10.0.301\Sdks\Microsoft.NET.Sdk\targets\..\tools\net10.0\Microsoft.NET.Build.Tasks.dll" から使用しています。
       タスク "ProcessFrameworkReferences"
         Found 2 known framework references for target framework .NETCoreApp
         Found 6 known runtime packs for target framework .NETCoreApp
         Selected Microsoft.NETCore.App with RIDs 'linux-arm;linux-arm64;linux-musl-arm64;linux-musl-x64;linux-x64;osx-x64;tizen.4.0.0-armel;tizen.5.0.0-armel;win-arm64;win-x64;win-x86;linux-musl-arm;osx-arm64;linux-s390x;linux-loongarch64;linux-bionic-arm;linux-bionic-arm64;linux-bionic-x64;linux-bionic-x86;linux-ppc64le;freebsd-x64;freebsd-arm64;linux-riscv64;linux-musl-riscv64;linux-musl-loongarch64;android-arm64;android-x64'
         Selected targeting pack 'Microsoft.NETCore.App@10.0.9'
         Finding best RID match for pack Microsoft.NETCore.App@10.0.9 for target RID 'win-x86' from 'linux-arm;linux-arm64;linux-musl-arm64;linux-musl-x64;linux-x64;osx-x64;tizen.4.0.0-armel;tizen.5.0.0-armel;win-arm64;win-x64;win-x86;linux-musl-arm;osx-arm64;linux-s390x;linux-loongarch64;linux-bionic-arm;linux-bionic-arm64;linux-bionic-x64;linux-bionic-x86;linux-ppc64le;freebsd-x64;freebsd-arm64;linux-riscv64;linux-musl-riscv64;linux-musl-loongarch64;android-arm64;android-x64' excluding ''
         Finding best RID match for pack Microsoft.NETCore.App@10.0.9 for target RID 'win-x64' from 'linux-arm;linux-arm64;linux-musl-arm64;linux-musl-x64;linux-x64;osx-x64;tizen.4.0.0-armel;tizen.5.0.0-armel;win-arm64;win-x64;win-x86;linux-musl-arm;osx-arm64;linux-s390x;linux-loongarch64;linux-bionic-arm;linux-bionic-arm64;linux-bionic-x64;linux-bionic-x86;linux-ppc64le;freebsd-x64;freebsd-arm64;linux-riscv64;linux-musl-riscv64;linux-musl-loongarch64;android-arm64;android-x64' excluding ''
         Finding best RID match for pack Microsoft.NETCore.App@10.0.9 for target RID 'win-arm64' from 'linux-arm;linux-arm64;linux-musl-arm64;linux-musl-x64;linux-x64;osx-x64;tizen.4.0.0-armel;tizen.5.0.0-armel;win-arm64;win-x64;win-x86;linux-musl-arm;osx-arm64;linux-s390x;linux-loongarch64;linux-bionic-arm;linux-bionic-arm64;linux-bionic-x64;linux-bionic-x86;linux-ppc64le;freebsd-x64;freebsd-arm64;linux-riscv64;linux-musl-riscv64;linux-musl-loongarch64;android-arm64;android-x64' excluding ''
         Added runtime framework 'Microsoft.NETCore.App@10.0.0'
         Selected Microsoft.WindowsDesktop.App with RIDs 'win-x64;win-x86;win-arm64'
         Selected targeting pack 'Microsoft.WindowsDesktop.App@10.0.9'
         Finding best RID match for pack Microsoft.WindowsDesktop.App@10.0.9 for target RID 'win-x86' from 'win-x64;win-x86;win-arm64' excluding ''
         Finding best RID match for pack Microsoft.WindowsDesktop.App@10.0.9 for target RID 'win-x64' from 'win-x64;win-x86;win-arm64' excluding ''
         Finding best RID match for pack Microsoft.WindowsDesktop.App@10.0.9 for target RID 'win-arm64' from 'win-x64;win-x86;win-arm64' excluding ''
         Added runtime framework 'Microsoft.WindowsDesktop.App@10.0.0'
         Selected Microsoft.WindowsDesktop.App with RIDs 'win-x64;win-x86;win-arm64'
         Selected targeting pack 'Microsoft.WindowsDesktop.App.WPF@10.0.9'
         Finding best RID match for pack Microsoft.WindowsDesktop.App.WPF@10.0.9 for target RID 'win-x86' from 'win-x64;win-x86;win-arm64' excluding ''
         Finding best RID match for pack Microsoft.WindowsDesktop.App.WPF@10.0.9 for target RID 'win-x64' from 'win-x64;win-x86;win-arm64' excluding ''
         Finding best RID match for pack Microsoft.WindowsDesktop.App.WPF@10.0.9 for target RID 'win-arm64' from 'win-x64;win-x86;win-arm64' excluding ''
         Added runtime framework 'Microsoft.WindowsDesktop.App@10.0.0'
         Selected Microsoft.WindowsDesktop.App with RIDs 'win-x64;win-x86;win-arm64'
         Selected targeting pack 'Microsoft.WindowsDesktop.App.WindowsForms@10.0.9'
         Finding best RID match for pack Microsoft.WindowsDesktop.App.WindowsForms@10.0.9 for target RID 'win-x86' from 'win-x64;win-x86;win-arm64' excluding ''
         Finding best RID match for pack Microsoft.WindowsDesktop.App.WindowsForms@10.0.9 for target RID 'win-x64' from 'win-x64;win-x86;win-arm64' excluding ''
         Finding best RID match for pack Microsoft.WindowsDesktop.App.WindowsForms@10.0.9 for target RID 'win-arm64' from 'win-x64;win-x86;win-arm64' excluding ''
         Added runtime framework 'Microsoft.WindowsDesktop.App@10.0.0'
         Selected Microsoft.AspNetCore.App with RIDs 'win-x64;win-x86;osx-x64;linux-musl-x64;linux-musl-arm64;linux-x64;linux-arm;linux-arm64;linux-musl-arm;win-arm64;osx-arm64;linux-s390x;linux-loongarch64;linux-ppc64le;freebsd-x64;freebsd-arm64;linux-riscv64;linux-musl-riscv64;linux-loongarch64;linux-musl-loongarch64'
         Selected targeting pack 'Microsoft.AspNetCore.App@10.0.9'
         Finding best RID match for pack Microsoft.AspNetCore.App@10.0.9 for target RID 'win-x86' from 'win-x64;win-x86;osx-x64;linux-musl-x64;linux-musl-arm64;linux-x64;linux-arm;linux-arm64;linux-musl-arm;win-arm64;osx-arm64;linux-s390x;linux-loongarch64;linux-ppc64le;freebsd-x64;freebsd-arm64;linux-riscv64;linux-musl-riscv64;linux-loongarch64;linux-musl-loongarch64' excluding 'android;linux-bionic'
         Finding best RID match for pack Microsoft.AspNetCore.App@10.0.9 for target RID 'win-x64' from 'win-x64;win-x86;osx-x64;linux-musl-x64;linux-musl-arm64;linux-x64;linux-arm;linux-arm64;linux-musl-arm;win-arm64;osx-arm64;linux-s390x;linux-loongarch64;linux-ppc64le;freebsd-x64;freebsd-arm64;linux-riscv64;linux-musl-riscv64;linux-loongarch64;linux-musl-loongarch64' excluding 'android;linux-bionic'
         Finding best RID match for pack Microsoft.AspNetCore.App@10.0.9 for target RID 'win-arm64' from 'win-x64;win-x86;osx-x64;linux-musl-x64;linux-musl-arm64;linux-x64;linux-arm;linux-arm64;linux-musl-arm;win-arm64;osx-arm64;linux-s390x;linux-loongarch64;linux-ppc64le;freebsd-x64;freebsd-arm64;linux-riscv64;linux-musl-riscv64;linux-loongarch64;linux-musl-loongarch64' excluding 'android;linux-bionic'
         Added runtime framework 'Microsoft.AspNetCore.App@10.0.0'
         Selected Microsoft.Windows.SDK.NET.Ref with RIDs 'any'
         Selected targeting pack 'Microsoft.Windows.SDK.NET.Ref@10.0.19041.57'
         Finding best RID match for pack Microsoft.Windows.SDK.NET.Ref@10.0.19041.57 for target RID 'win-x64' from 'any' excluding ''
         Finding best RID match for pack Microsoft.Windows.SDK.NET.Ref@10.0.19041.57 for target RID 'win-x86' from 'any' excluding ''
         Finding best RID match for pack Microsoft.Windows.SDK.NET.Ref@10.0.19041.57 for target RID 'win-arm64' from 'any' excluding ''
         Selected Microsoft.Windows.SDK.NET.Ref with RIDs 'any'
         Selected targeting pack 'Microsoft.Windows.SDK.NET.Ref.Windows@10.0.19041.57'
         Finding best RID match for pack Microsoft.Windows.SDK.NET.Ref.Windows@10.0.19041.57 for target RID 'win-x64' from 'any' excluding ''
         Finding best RID match for pack Microsoft.Windows.SDK.NET.Ref.Windows@10.0.19041.57 for target RID 'win-x86' from 'any' excluding ''
         Finding best RID match for pack Microsoft.Windows.SDK.NET.Ref.Windows@10.0.19041.57 for target RID 'win-arm64' from 'any' excluding ''
         Selected Microsoft.Windows.SDK.NET.Ref with RIDs 'any'
         Selected targeting pack 'Microsoft.Windows.SDK.NET.Ref.Xaml@10.0.19041.57'
         Finding best RID match for pack Microsoft.Windows.SDK.NET.Ref.Xaml@10.0.19041.57 for target RID 'win-x64' from 'any' excluding ''
         Finding best RID match for pack Microsoft.Windows.SDK.NET.Ref.Xaml@10.0.19041.57 for target RID 'win-x86' from 'any' excluding ''
         Finding best RID match for pack Microsoft.Windows.SDK.NET.Ref.Xaml@10.0.19041.57 for target RID 'win-arm64' from 'any' excluding ''
         Selected Microsoft.Windows.SDK.NET.Ref with RIDs 'any'
         Selected targeting pack 'Microsoft.Windows.SDK.NET.Ref.CsWinRT3.Windows@10.0.19041.57'
         Finding best RID match for pack Microsoft.Windows.SDK.NET.Ref.CsWinRT3.Windows@10.0.19041.57 for target RID 'win-x64' from 'any' excluding ''
         Finding best RID match for pack Microsoft.Windows.SDK.NET.Ref.CsWinRT3.Windows@10.0.19041.57 for target RID 'win-x86' from 'any' excluding ''
         Finding best RID match for pack Microsoft.Windows.SDK.NET.Ref.CsWinRT3.Windows@10.0.19041.57 for target RID 'win-arm64' from 'any' excluding ''
         Selected Microsoft.Windows.SDK.NET.Ref with RIDs 'any'
         Selected targeting pack 'Microsoft.Windows.SDK.NET.Ref.CsWinRT3.Xaml@10.0.19041.57'
         Finding best RID match for pack Microsoft.Windows.SDK.NET.Ref.CsWinRT3.Xaml@10.0.19041.57 for target RID 'win-x64' from 'any' excluding ''
         Finding best RID match for pack Microsoft.Windows.SDK.NET.Ref.CsWinRT3.Xaml@10.0.19041.57 for target RID 'win-x86' from 'any' excluding ''
         Finding best RID match for pack Microsoft.Windows.SDK.NET.Ref.CsWinRT3.Xaml@10.0.19041.57 for target RID 'win-arm64' from 'any' excluding ''
       タスク "ProcessFrameworkReferences" の実行が終了しました。
       "ResolveAppHosts" タスクをアセンブリ "C:\Program Files\dotnet\sdk\10.0.301\Sdks\Microsoft.NET.Sdk\targets\..\tools\net10.0\Microsoft.NET.Build.Tasks.dll" から使用しています。
       タスク "ResolveAppHosts"
       タスク "ResolveAppHosts" の実行が終了しました。
   1:5>プロジェクト "Archivio.csproj" 内のターゲット "ProcessFrameworkReferences" のビルドが終了しました。
   1:5>ファイル "C:\Program Files\dotnet\sdk\10.0.301\Sdks\Microsoft.NET.Sdk\targets\Microsoft.NET.ObsoleteReferences.targets" 内にある、プロジェクト "C:\Users\tuoza\source\repos\Archivio\Archivio\Archivio.csproj" からのターゲット "_CheckForObsoleteDotNetCliToolReferences" (ターゲット "CollectPackageReferences" は依存):
   1:5>プロジェクト "Archivio.csproj" 内のターゲット "_CheckForObsoleteDotNetCliToolReferences" のビルドが終了しました。
   1:5>ファイル "C:\Program Files\dotnet\sdk\10.0.301\NuGet.targets" 内にある、プロジェクト "C:\Users\tuoza\source\repos\Archivio\Archivio\Archivio.csproj" からのターゲット "CollectPackageReferences" (ターゲット "_GetRestoreProjectStyle" は依存):
       "CheckForDuplicateNuGetItemsTask" タスクをアセンブリ "C:\Program Files\dotnet\sdk\10.0.301\NuGet.Build.Tasks.dll" から使用しています。
       タスク "CheckForDuplicateNuGetItemsTask"
       タスク "CheckForDuplicateNuGetItemsTask" の実行が終了しました。
   1:5>プロジェクト "Archivio.csproj" 内のターゲット "CollectPackageReferences" のビルドが終了しました。
   1:5>ファイル "C:\Program Files\dotnet\sdk\10.0.301\NuGet.targets" 内にある、プロジェクト "C:\Users\tuoza\source\repos\Archivio\Archivio\Archivio.csproj" からのターゲット "_GetRestoreProjectStyle" (ターゲット "_GenerateRestoreSpecs" は依存):
       "GetRestoreProjectStyleTask" タスクをアセンブリ "C:\Program Files\dotnet\sdk\10.0.301\NuGet.Build.Tasks.dll" から使用しています。
       タスク "GetRestoreProjectStyleTask"
       タスク "GetRestoreProjectStyleTask" の実行が終了しました。
   1:5>プロジェクト "Archivio.csproj" 内のターゲット "_GetRestoreProjectStyle" のビルドが終了しました。
   1:5>ファイル "C:\Program Files\dotnet\sdk\10.0.301\NuGet.targets" 内にある、プロジェクト "C:\Users\tuoza\source\repos\Archivio\Archivio\Archivio.csproj" からのターゲット "_GenerateRestoreSpecs" (ターゲット "_GenerateRestoreGraphProjectEntry" は依存):
       タスク "Message"
         Restore entry point C:\Users\tuoza\source\repos\Archivio\Archivio\Archivio.csproj
       タスク "Message" の実行が終了しました。
   1:5>プロジェクト "Archivio.csproj" 内のターゲット "_GenerateRestoreSpecs" のビルドが終了しました。
   1:5>ファイル "C:\Program Files\dotnet\sdk\10.0.301\NuGet.targets" 内にある、プロジェクト "C:\Users\tuoza\source\repos\Archivio\Archivio\Archivio.csproj" からのターゲット "_GetRestoreSettingsOverrides" (ターゲット "_GetRestoreSettings" は依存):
   1:5>プロジェクト "Archivio.csproj" 内のターゲット "_GetRestoreSettingsOverrides" のビルドが終了しました。
   1:5>ファイル "C:\Program Files\dotnet\sdk\10.0.301\NuGet.targets" 内にある、プロジェクト "C:\Users\tuoza\source\repos\Archivio\Archivio\Archivio.csproj" からのターゲット "_GetRestoreSettingsPerFramework" (ターゲット "_GetRestoreSettingsCurrentProject" は依存):
   1:5>プロジェクト "Archivio.csproj" 内のターゲット "_GetRestoreSettingsPerFramework" のビルドが終了しました。
   1:5>ファイル "C:\Program Files\dotnet\sdk\10.0.301\NuGet.targets" 内にある、プロジェクト "C:\Users\tuoza\source\repos\Archivio\Archivio\Archivio.csproj" からのターゲット "_GetRestoreSettingsCurrentProject" (ターゲット "_GetRestoreSettings" は依存):
   1:5>プロジェクト "Archivio.csproj" 内のターゲット "_GetRestoreSettingsCurrentProject" のビルドが終了しました。
   1:5>ファイル "C:\Program Files\dotnet\sdk\10.0.301\NuGet.targets" 内にある、プロジェクト "C:\Users\tuoza\source\repos\Archivio\Archivio\Archivio.csproj" からのターゲット "_GetRestoreSettings" (ターゲット "_GenerateDotnetCliToolReferenceSpecs" は依存):
       "GetRestoreSettingsTask" タスクをアセンブリ "C:\Program Files\dotnet\sdk\10.0.301\NuGet.Build.Tasks.dll" から使用しています。
       タスク "GetRestoreSettingsTask"
         TaskRun (NuGet.Build.Tasks.GetRestoreSettingsTask) 中にアセンブリが読み込まれました: NuGet.Configuration, Version=7.6.0.0, Culture=neutral, PublicKeyToken=31bf3856ad364e35 (場所: C:\Program Files\dotnet\sdk\10.0.301\NuGet.Configuration.dll、MVID: 42b9ed18-367b-420d-814c-ef54f7ca5f66、AssemblyLoadContext: MSBuild plugin C:\Program Files\dotnet\sdk\10.0.301\NuGet.Build.Tasks.dll)
       タスク "GetRestoreSettingsTask" の実行が終了しました。
   1:5>プロジェクト "Archivio.csproj" 内のターゲット "_GetRestoreSettings" のビルドが終了しました。
   1:5>ファイル "C:\Program Files\dotnet\sdk\10.0.301\NuGet.targets" 内にある、プロジェクト "C:\Users\tuoza\source\repos\Archivio\Archivio\Archivio.csproj" からのターゲット "_GenerateDotnetCliToolReferenceSpecs" (ターゲット "_GenerateRestoreGraphProjectEntry" は依存):
       "GetRestoreDotnetCliToolsTask" タスクをアセンブリ "C:\Program Files\dotnet\sdk\10.0.301\NuGet.Build.Tasks.dll" から使用しています。
       タスク "GetRestoreDotnetCliToolsTask"
       タスク "GetRestoreDotnetCliToolsTask" の実行が終了しました。
   1:5>プロジェクト "Archivio.csproj" 内のターゲット "_GenerateDotnetCliToolReferenceSpecs" のビルドが終了しました。
   1:5>ファイル "C:\Program Files\dotnet\sdk\10.0.301\NuGet.targets" 内にある、プロジェクト "C:\Users\tuoza\source\repos\Archivio\Archivio\Archivio.csproj" からのターゲット "_GenerateRestoreGraphProjectEntry" (エントリ ポイント):
   1:5>プロジェクト "Archivio.csproj" 内のターゲット "_GenerateRestoreGraphProjectEntry" のビルドが終了しました。
   1:5>プロジェクト "C:\Users\tuoza\source\repos\Archivio\Archivio\Archivio.csproj" (_GenerateRestoreGraphProjectEntry ターゲット) のビルドが完了しました。
     1>タスク "MSBuild" の実行が終了しました。
       タスク "MSBuild"
         グローバル プロパティ:
           ExcludeRestorePackageImports=true
     1>プロジェクト "C:\Users\tuoza\source\repos\Archivio\Archivio\Archivio.csproj" (1) は、ノード 1 上に "C:\Users\tuoza\source\repos\Archivio\Archivio\Archivio.csproj" (1:6) をビルドしています (_GenerateProjectRestoreGraph ターゲット)。
   1:6>ターゲット "_GetRestoreProjectStyle" を省略しました。以前に正しくビルドされていました。
       ターゲット "_GetRestoreProjectStyle" を省略しました。以前に正しくビルドされていました。
       ターゲット "_GetRestoreProjectStyle" を省略しました。以前に正しくビルドされていました。
   1:6>ファイル "C:\Program Files\dotnet\sdk\10.0.301\NuGet.targets" 内にある、プロジェクト "C:\Users\tuoza\source\repos\Archivio\Archivio\Archivio.csproj" からのターゲット "_GetRestoreTargetFrameworkOverride" (ターゲット "_GetRestoreTargetFrameworksOutput" は依存):
   1:6>プロジェクト "Archivio.csproj" 内のターゲット "_GetRestoreTargetFrameworkOverride" のビルドが終了しました。
   1:6>ファイル "C:\Program Files\dotnet\sdk\10.0.301\NuGet.targets" 内にある、プロジェクト "C:\Users\tuoza\source\repos\Archivio\Archivio\Archivio.csproj" からのターゲット "_GetRestoreTargetFrameworksOutput" (ターゲット "_GenerateRestoreProjectSpec" は依存):
       "GetProjectTargetFrameworksTask" タスクをアセンブリ "C:\Program Files\dotnet\sdk\10.0.301\NuGet.Build.Tasks.dll" から使用しています。
       タスク "GetProjectTargetFrameworksTask"
       タスク "GetProjectTargetFrameworksTask" の実行が終了しました。
   1:6>プロジェクト "Archivio.csproj" 内のターゲット "_GetRestoreTargetFrameworksOutput" のビルドが終了しました。
       ターゲット "_GetRestoreSettings" を省略しました。以前に正しくビルドされていました。
   1:6>ファイル "C:\Program Files\dotnet\sdk\10.0.301\NuGet.targets" 内にある、プロジェクト "C:\Users\tuoza\source\repos\Archivio\Archivio\Archivio.csproj" からのターゲット "_GenerateRestoreProjectSpec" (ターゲット "_GenerateProjectRestoreGraph" は依存):
       タスク "ConvertToAbsolutePath"
       タスク "ConvertToAbsolutePath" の実行が終了しました。
   1:6>プロジェクト "Archivio.csproj" 内のターゲット "_GenerateRestoreProjectSpec" のビルドが終了しました。
       ターゲット "_GetRestoreProjectStyle" を省略しました。以前に正しくビルドされていました。
       ターゲット "CollectPackageReferences" を省略しました。以前に正しくビルドされていました。
   1:6>ファイル "C:\Program Files\dotnet\sdk\10.0.301\NuGet.targets" 内にある、プロジェクト "C:\Users\tuoza\source\repos\Archivio\Archivio\Archivio.csproj" からのターゲット "CollectPackageDownloads" (ターゲット "_CollectRestoreInputs" は依存):
       タスク "CheckForDuplicateNuGetItemsTask"
       タスク "CheckForDuplicateNuGetItemsTask" の実行が終了しました。
   1:6>プロジェクト "Archivio.csproj" 内のターゲット "CollectPackageDownloads" のビルドが終了しました。
   1:6>ファイル "C:\Program Files\dotnet\sdk\10.0.301\NuGet.targets" 内にある、プロジェクト "C:\Users\tuoza\source\repos\Archivio\Archivio\Archivio.csproj" からのターゲット "CollectFrameworkReferences" (ターゲット "_CollectRestoreInputs" は依存):
   1:6>プロジェクト "Archivio.csproj" 内のターゲット "CollectFrameworkReferences" のビルドが終了しました。
   1:6>ファイル "C:\Program Files\dotnet\sdk\10.0.301\NuGet.targets" 内にある、プロジェクト "C:\Users\tuoza\source\repos\Archivio\Archivio\Archivio.csproj" からのターゲット "CollectCentralPackageVersions" (ターゲット "_CollectRestoreInputs" は依存):
       タスク "CheckForDuplicateNuGetItemsTask"
       タスク "CheckForDuplicateNuGetItemsTask" の実行が終了しました。
   1:6>プロジェクト "Archivio.csproj" 内のターゲット "CollectCentralPackageVersions" のビルドが終了しました。
   1:6>ファイル "C:\Program Files\dotnet\sdk\10.0.301\NuGet.targets" 内にある、プロジェクト "C:\Users\tuoza\source\repos\Archivio\Archivio\Archivio.csproj" からのターゲット "CollectNuGetAuditSuppressions" (ターゲット "_CollectRestoreInputs" は依存):
       タスク "CheckForDuplicateNuGetItemsTask"
       タスク "CheckForDuplicateNuGetItemsTask" の実行が終了しました。
   1:6>プロジェクト "Archivio.csproj" 内のターゲット "CollectNuGetAuditSuppressions" のビルドが終了しました。
       ターゲット "ProcessFrameworkReferences" を省略しました。以前に正しくビルドされていました。
   1:6>ファイル "C:\Program Files\dotnet\sdk\10.0.301\Sdks\Microsoft.NET.Sdk\targets\Microsoft.NET.Sdk.FrameworkReferenceResolution.targets" 内にある、プロジェクト "C:\Users\tuoza\source\repos\Archivio\Archivio\Archivio.csproj" からのターゲット "AddPrunePackageReferences" (ターゲット "CollectPrunePackageReferences" は依存):
       "GetPackagesToPrune" タスクをアセンブリ "C:\Program Files\dotnet\sdk\10.0.301\Sdks\Microsoft.NET.Sdk\targets\..\tools\net10.0\Microsoft.NET.Build.Tasks.dll" から使用しています。
       タスク "GetPackagesToPrune"
         Loading packages to prune for .NETCoreApp 10.0 Microsoft.NETCore.App
         Loading prune package data from PrunePackageData folder
         Failed to load prune package data from PrunePackageData folder, loading from targeting packs instead
         Looking for targeting packs in C:\Program Files\dotnet\packs\Microsoft.NETCore.App.Ref
         Pack directories found: C:\Program Files\dotnet\packs\Microsoft.NETCore.App.Ref\10.0.9
         Found package overrides file C:\Program Files\dotnet\packs\Microsoft.NETCore.App.Ref\10.0.9\data\PackageOverrides.txt
       タスク "GetPackagesToPrune" の実行が終了しました。
   1:6>プロジェクト "Archivio.csproj" 内のターゲット "AddPrunePackageReferences" のビルドが終了しました。
   1:6>ファイル "C:\Program Files\dotnet\sdk\10.0.301\NuGet.targets" 内にある、プロジェクト "C:\Users\tuoza\source\repos\Archivio\Archivio\Archivio.csproj" からのターゲット "CollectPrunePackageReferences" (ターゲット "_CollectRestoreInputs" は依存):
       タスク "CheckForDuplicateNuGetItemsTask"
       タスク "CheckForDuplicateNuGetItemsTask" の実行が終了しました。
   1:6>プロジェクト "Archivio.csproj" 内のターゲット "CollectPrunePackageReferences" のビルドが終了しました。
   1:6>ファイル "C:\Program Files\dotnet\sdk\10.0.301\NuGet.targets" 内にある、プロジェクト "C:\Users\tuoza\source\repos\Archivio\Archivio\Archivio.csproj" からのターゲット "_CollectRestoreInputs" (ターゲット "_GenerateProjectRestoreGraphPerFramework" は依存):
   1:6>プロジェクト "Archivio.csproj" 内のターゲット "_CollectRestoreInputs" のビルドが終了しました。
   1:6>ファイル "C:\Program Files\dotnet\sdk\10.0.301\NuGet.targets" 内にある、プロジェクト "C:\Users\tuoza\source\repos\Archivio\Archivio\Archivio.csproj" からのターゲット "_GenerateProjectRestoreGraphPerFramework" (ターゲット "_GenerateProjectRestoreGraphCurrentProject" は依存):
       "GetRestoreProjectReferencesTask" タスクをアセンブリ "C:\Program Files\dotnet\sdk\10.0.301\NuGet.Build.Tasks.dll" から使用しています。
       タスク "GetRestoreProjectReferencesTask"
       タスク "GetRestoreProjectReferencesTask" の実行が終了しました。
       "GetRestorePackageReferencesTask" タスクをアセンブリ "C:\Program Files\dotnet\sdk\10.0.301\NuGet.Build.Tasks.dll" から使用しています。
       タスク "GetRestorePackageReferencesTask"
       タスク "GetRestorePackageReferencesTask" の実行が終了しました。
       "GetRestorePackageDownloadsTask" タスクをアセンブリ "C:\Program Files\dotnet\sdk\10.0.301\NuGet.Build.Tasks.dll" から使用しています。
       タスク "GetRestorePackageDownloadsTask"
       タスク "GetRestorePackageDownloadsTask" の実行が終了しました。
       "GetRestoreFrameworkReferencesTask" タスクをアセンブリ "C:\Program Files\dotnet\sdk\10.0.301\NuGet.Build.Tasks.dll" から使用しています。
       タスク "GetRestoreFrameworkReferencesTask"
       タスク "GetRestoreFrameworkReferencesTask" の実行が終了しました。
       "GetRestoreNuGetAuditSuppressionsTask" タスクをアセンブリ "C:\Program Files\dotnet\sdk\10.0.301\NuGet.Build.Tasks.dll" から使用しています。
       タスク "GetRestoreNuGetAuditSuppressionsTask"
       タスク "GetRestoreNuGetAuditSuppressionsTask" の実行が終了しました。
       "GetRestorePrunePackageReferencesTask" タスクをアセンブリ "C:\Program Files\dotnet\sdk\10.0.301\NuGet.Build.Tasks.dll" から使用しています。
       タスク "GetRestorePrunePackageReferencesTask"
       タスク "GetRestorePrunePackageReferencesTask" の実行が終了しました。
   1:6>プロジェクト "Archivio.csproj" 内のターゲット "_GenerateProjectRestoreGraphPerFramework" のビルドが終了しました。
   1:6>ファイル "C:\Program Files\dotnet\sdk\10.0.301\NuGet.targets" 内にある、プロジェクト "C:\Users\tuoza\source\repos\Archivio\Archivio\Archivio.csproj" からのターゲット "_GenerateProjectRestoreGraphCurrentProject" (ターゲット "_GenerateRestoreDependencies" は依存):
   1:6>プロジェクト "Archivio.csproj" 内のターゲット "_GenerateProjectRestoreGraphCurrentProject" のビルドが終了しました。
   1:6>ファイル "C:\Program Files\dotnet\sdk\10.0.301\NuGet.targets" 内にある、プロジェクト "C:\Users\tuoza\source\repos\Archivio\Archivio\Archivio.csproj" からのターゲット "_GenerateRestoreDependencies" (ターゲット "_GenerateProjectRestoreGraph" は依存):
   1:6>プロジェクト "Archivio.csproj" 内のターゲット "_GenerateRestoreDependencies" のビルドが終了しました。
   1:6>ファイル "C:\Program Files\dotnet\sdk\10.0.301\NuGet.targets" 内にある、プロジェクト "C:\Users\tuoza\source\repos\Archivio\Archivio\Archivio.csproj" からのターゲット "_GenerateProjectRestoreGraph" (エントリ ポイント):
   1:6>プロジェクト "Archivio.csproj" 内のターゲット "_GenerateProjectRestoreGraph" のビルドが終了しました。
   1:6>プロジェクト "C:\Users\tuoza\source\repos\Archivio\Archivio\Archivio.csproj" (_GenerateProjectRestoreGraph ターゲット) のビルドが完了しました。
     1>タスク "MSBuild" の実行が終了しました。
     1>プロジェクト "Archivio.csproj" 内のターゲット "_GenerateRestoreGraph" のビルドが終了しました。
     1>ファイル "C:\Program Files\dotnet\sdk\10.0.301\Sdks\Microsoft.NET.Sdk\targets\Microsoft.NET.TargetFrameworkInference.targets" 内にある、プロジェクト "C:\Users\tuoza\source\repos\Archivio\Archivio\Archivio.csproj" からのターゲット "_CollectTargetFrameworkForTelemetry" (ターゲット "Restore" は依存):
       "AllowEmptyTelemetry" タスクをアセンブリ "C:\Program Files\dotnet\sdk\10.0.301\Sdks\Microsoft.NET.Sdk\targets\..\tools\net10.0\Microsoft.NET.Build.Tasks.dll" から使用しています。
       タスク "AllowEmptyTelemetry"
       タスク "AllowEmptyTelemetry" の実行が終了しました。
     1>プロジェクト "Archivio.csproj" 内のターゲット "_CollectTargetFrameworkForTelemetry" のビルドが終了しました。
     1>ファイル "C:\Program Files\dotnet\sdk\10.0.301\Sdks\Microsoft.NET.Sdk\targets\Microsoft.NET.TargetFrameworkInference.targets" 内にある、プロジェクト "C:\Users\tuoza\source\repos\Archivio\Archivio\Archivio.csproj" からのターゲット "_CheckForUnsupportedNETCoreVersion" (ターゲット "Restore" は依存):
     1>プロジェクト "Archivio.csproj" 内のターゲット "_CheckForUnsupportedNETCoreVersion" のビルドが終了しました。
     1>ファイル "C:\Program Files\dotnet\sdk\10.0.301\Sdks\Microsoft.NET.Sdk\targets\Microsoft.NET.TargetFrameworkInference.targets" 内にある、プロジェクト "C:\Users\tuoza\source\repos\Archivio\Archivio\Archivio.csproj" からのターゲット "_CheckForUnsupportedCppNETCoreVersion" (ターゲット "Restore" は依存):
     1>プロジェクト "Archivio.csproj" 内のターゲット "_CheckForUnsupportedCppNETCoreVersion" のビルドが終了しました。
     1>ファイル "C:\Program Files\dotnet\sdk\10.0.301\NuGet.targets" 内にある、プロジェクト "C:\Users\tuoza\source\repos\Archivio\Archivio\Archivio.csproj" からのターゲット "Restore" (エントリ ポイント):
       タスク "RemoveDuplicates"
       タスク "RemoveDuplicates" の実行が終了しました。
       "RestoreTask" タスクをアセンブリ "C:\Program Files\dotnet\sdk\10.0.301\NuGet.Build.Tasks.dll" から使用しています。
       タスク "RestoreTask"
         TaskRun (NuGet.Build.Tasks.RestoreTask) 中にアセンブリが読み込まれました: NuGet.Packaging, Version=7.6.0.0, Culture=neutral, PublicKeyToken=31bf3856ad364e35 (場所: C:\Program Files\dotnet\sdk\10.0.301\NuGet.Packaging.dll、MVID: 73ba3c97-0b7e-49b5-b6b4-a64605a2d5f3、AssemblyLoadContext: MSBuild plugin C:\Program Files\dotnet\sdk\10.0.301\NuGet.Build.Tasks.dll)
         TaskRun (NuGet.Build.Tasks.RestoreTask) 中にアセンブリが読み込まれました: NuGet.Versioning, Version=7.6.0.0, Culture=neutral, PublicKeyToken=31bf3856ad364e35 (場所: C:\Program Files\dotnet\sdk\10.0.301\NuGet.Versioning.dll、MVID: 1869cdaf-f1cc-4bca-8557-50e1b8bb8007、AssemblyLoadContext: MSBuild plugin C:\Program Files\dotnet\sdk\10.0.301\NuGet.Build.Tasks.dll)
         TaskRun (NuGet.Build.Tasks.RestoreTask) 中にアセンブリが読み込まれました: NuGet.Frameworks, Version=7.6.0.0, Culture=neutral, PublicKeyToken=31bf3856ad364e35 (場所: C:\Program Files\dotnet\sdk\10.0.301\NuGet.Frameworks.dll、MVID: f139722d-71e1-4dbe-a663-31903f3d4ab1、AssemblyLoadContext: MSBuild plugin C:\Program Files\dotnet\sdk\10.0.301\NuGet.Build.Tasks.dll)
         TaskRun (NuGet.Build.Tasks.RestoreTask) 中にアセンブリが読み込まれました: NuGet.LibraryModel, Version=7.6.0.0, Culture=neutral, PublicKeyToken=31bf3856ad364e35 (場所: C:\Program Files\dotnet\sdk\10.0.301\NuGet.LibraryModel.dll、MVID: 11b2bc4c-080e-43d3-86b9-fa69e54da265、AssemblyLoadContext: MSBuild plugin C:\Program Files\dotnet\sdk\10.0.301\NuGet.Build.Tasks.dll)
         TaskRun (NuGet.Build.Tasks.RestoreTask) 中にアセンブリが読み込まれました: NuGet.Protocol, Version=7.6.0.0, Culture=neutral, PublicKeyToken=31bf3856ad364e35 (場所: C:\Program Files\dotnet\sdk\10.0.301\NuGet.Protocol.dll、MVID: 69ce1de0-17c9-47e9-b01f-51df01937c08、AssemblyLoadContext: MSBuild plugin C:\Program Files\dotnet\sdk\10.0.301\NuGet.Build.Tasks.dll)
         TaskRun (NuGet.Build.Tasks.RestoreTask) 中にアセンブリが読み込まれました: NuGet.Credentials, Version=7.6.0.0, Culture=neutral, PublicKeyToken=31bf3856ad364e35 (場所: C:\Program Files\dotnet\sdk\10.0.301\NuGet.Credentials.dll、MVID: 49d84bb1-eac6-4a46-8ee8-e3483e16bf63、AssemblyLoadContext: MSBuild plugin C:\Program Files\dotnet\sdk\10.0.301\NuGet.Build.Tasks.dll)
         TaskRun (NuGet.Build.Tasks.RestoreTask) 中にアセンブリが読み込まれました: NuGet.Packaging.resources, Version=7.6.0.0, Culture=ja, PublicKeyToken=31bf3856ad364e35 (場所: C:\Program Files\dotnet\sdk\10.0.301\ja\NuGet.Packaging.resources.dll、MVID: 3577dca6-8b0d-45e0-aa68-d1f1f04c7167、AssemblyLoadContext: MSBuild plugin C:\Program Files\dotnet\sdk\10.0.301\NuGet.Build.Tasks.dll)
         X.509 証明書チェーンの検証では、コード署名のために .NET によって選択された既定の信頼ストアが使用されます。
         X.509 証明書チェーンの検証では、タイムスタンプに .NET によって選択された既定の信頼ストアが使用されます。
         TaskRun (NuGet.Build.Tasks.RestoreTask) 中にアセンブリが読み込まれました: NuGet.DependencyResolver.Core, Version=7.6.0.0, Culture=neutral, PublicKeyToken=31bf3856ad364e35 (場所: C:\Program Files\dotnet\sdk\10.0.301\NuGet.DependencyResolver.Core.dll、MVID: 815448f9-8540-498e-a395-941dedb5bb43、AssemblyLoadContext: MSBuild plugin C:\Program Files\dotnet\sdk\10.0.301\NuGet.Build.Tasks.dll)
         TaskRun (NuGet.Build.Tasks.RestoreTask) 中にアセンブリが読み込まれました: NuGet.Commands.resources, Version=7.6.0.0, Culture=ja, PublicKeyToken=31bf3856ad364e35 (場所: C:\Program Files\dotnet\sdk\10.0.301\ja\NuGet.Commands.resources.dll、MVID: 4abb0b2f-be0d-4537-88fb-93c5fc3593b9、AssemblyLoadContext: MSBuild plugin C:\Program Files\dotnet\sdk\10.0.301\NuGet.Build.Tasks.dll)
         20 件の同時実行ジョブで復元を実行しています。
         プロジェクト ファイル C:\Users\tuoza\source\repos\Archivio\Archivio\Archivio.csproj を読み取っています。
         TaskRun (NuGet.Build.Tasks.RestoreTask) 中にアセンブリが読み込まれました: Newtonsoft.Json, Version=13.0.0.0, Culture=neutral, PublicKeyToken=30ad4fe6b2a6aeed (場所: C:\Program Files\dotnet\sdk\10.0.301\Newtonsoft.Json.dll、MVID: 7e62198b-eab2-4380-bbac-29171862d1d8、AssemblyLoadContext: MSBuild plugin C:\Program Files\dotnet\sdk\10.0.301\NuGet.Build.Tasks.dll)
         TaskRun (NuGet.Build.Tasks.RestoreTask) 中にアセンブリが読み込まれました: System.Runtime.Serialization.Primitives, Version=10.0.0.0, Culture=neutral, PublicKeyToken=b03f5f7f11d50a3a (場所: C:\Program Files\dotnet\shared\Microsoft.NETCore.App\10.0.11\System.Runtime.Serialization.Primitives.dll、MVID: dff9556a-fc61-4d8c-857a-843c660db0bf、AssemblyLoadContext: Default)
         TaskRun (NuGet.Build.Tasks.RestoreTask) 中にアセンブリが読み込まれました: System.Runtime.Numerics, Version=10.0.0.0, Culture=neutral, PublicKeyToken=b03f5f7f11d50a3a (場所: C:\Program Files\dotnet\shared\Microsoft.NETCore.App\10.0.11\System.Runtime.Numerics.dll、MVID: a8f48aeb-ea22-4cc2-a7d6-2e219b212290、AssemblyLoadContext: Default)
         TaskRun (NuGet.Build.Tasks.RestoreTask) 中にアセンブリが読み込まれました: System.Text.Encodings.Web, Version=10.0.0.0, Culture=neutral, PublicKeyToken=cc7b13ffcd2ddd51 (場所: C:\Program Files\dotnet\shared\Microsoft.NETCore.App\10.0.11\System.Text.Encodings.Web.dll、MVID: 6847ae29-d62e-44cf-9666-338cf08fff8b、AssemblyLoadContext: Default)
         'Archivio' の復元入力は変更されていません。復元を完了するのに、これ以降の操作は必要ありません。
         復元をコミットしています...
         アセット ファイルは変更されていません。アセット ファイルの書き込みを省略します。パス: C:\Users\tuoza\source\repos\Archivio\Archivio\obj\project.assets.json
         復元を行いません。キャッシュは更新されません。パス: C:\Users\tuoza\source\repos\Archivio\Archivio\obj\project.nuget.cache
         TaskRun (NuGet.Build.Tasks.RestoreTask) 中にアセンブリが読み込まれました: NuGet.Common.resources, Version=7.6.0.0, Culture=ja, PublicKeyToken=31bf3856ad364e35 (場所: C:\Program Files\dotnet\sdk\10.0.301\ja\NuGet.Common.resources.dll、MVID: 9d06784e-3c4d-4b91-9118-32ef9417d865、AssemblyLoadContext: MSBuild plugin C:\Program Files\dotnet\sdk\10.0.301\NuGet.Build.Tasks.dll)
         C:\Users\tuoza\source\repos\Archivio\Archivio\Archivio.csproj を復元しました (33 ミリ秒)。
         
         使用されている NuGet Config ファイル:
             C:\Users\tuoza\AppData\Roaming\NuGet\NuGet.Config
             C:\Program Files (x86)\NuGet\Config\Microsoft.VisualStudio.FallbackLocation.config
             C:\Program Files (x86)\NuGet\Config\Microsoft.VisualStudio.Offline.config
         
         使用されているフィード:
             https://api.nuget.org/v3/index.json
             C:\Program Files (x86)\Microsoft SDKs\NuGetPackages\
             C:\Program Files\dotnet\library-packs
         復元対象のすべてのプロジェクトは最新です。
       タスク "RestoreTask" の実行が終了しました。
     1>プロジェクト "Archivio.csproj" 内のターゲット "Restore" のビルドが終了しました。
     1>プロジェクト "C:\Users\tuoza\source\repos\Archivio\Archivio\Archivio.csproj" (Restore ターゲット) のビルドが完了しました。
     0>SDK "Microsoft.NET.Sdk" は、"DefaultSdkResolver" リゾルバーによって場所 "C:\Program Files\dotnet\sdk\10.0.301\Sdks\Microsoft.NET.Sdk\Sdk" とバージョン"" に正常に解決されました。
       C:\Program Files\dotnet\sdk\10.0.301\Sdks\Microsoft.NET.Sdk\Sdk\Sdk.props(49,11): message : 環境から展開された 'C:\Program Files\dotnet\sdk\10.0.301\' 値を持つプロパティ 'MSBuildExtensionsPath'。
       C:\Program Files\dotnet\sdk\10.0.301\Current\Microsoft.Common.props(60,5): message : プロパティの再代入: $(MSBuildProjectExtensionsPath)="C:\Users\tuoza\source\repos\Archivio\Archivio\obj\" (以前の値: "obj\") C:\Program Files\dotnet\sdk\10.0.301\Current\Microsoft.Common.props (60,5)
       C:\Users\tuoza\source\repos\Archivio\Archivio\obj\Archivio.csproj.nuget.g.props(7,5): message : 環境から展開された 'C:\Users\tuoza' 値を持つプロパティ 'USERPROFILE'。
       C:\Users\tuoza\.nuget\packages\microsoft.windows.sdk.buildtools\10.0.28000.2526\buildTransitive\Microsoft.Windows.SDK.BuildTools.props(4,37): message : 環境から展開された 'AMD64' 値を持つプロパティ 'PROCESSOR_ARCHITECTURE'。
       C:\Users\tuoza\.nuget\packages\microsoft.windowsappsdk.winui\1.8.260803003\buildTransitive\Microsoft.UI.Xaml.Markup.Compiler.props(15,5): message : プロパティの再代入: $(CustomBeforeMicrosoftCommonTargets)="C:\Users\tuoza\.nuget\packages\microsoft.windowsappsdk.winui\1.8.260803003\buildTransitive\Microsoft.UI.Xaml.Markup.Compiler.BeforeCommon.targets" (以前の値: "C:\Users\tuoza\.nuget\packages\microsoft.windows.sdk.buildtools.msix\1.7.20250829.1\build\Microsoft.Windows.SDK.BuildTools.MSIX.BeforeCommon.props") C:\Users\tuoza\.nuget\packages\microsoft.windowsappsdk.winui\1.8.260803003\buildTransitive\Microsoft.UI.Xaml.Markup.Compiler.props (15,5)
       C:\Program Files\dotnet\sdk\10.0.301\Current\Microsoft.Common.props(84,119): message : 環境から展開された 'C:\Users\tuoza\AppData\Local\Microsoft\MSBuild' 値を持つプロパティ 'MSBuildUserExtensionsPath'。
       "Platform" プロパティはグローバル プロパティであり、変更できません。
       "Platform" プロパティはグローバル プロパティであり、変更できません。
       C:\Program Files\dotnet\sdk\10.0.301\Sdks\Microsoft.NET.Sdk\targets\Microsoft.NET.Sdk.props(90,5): message : プロパティの再代入: $(AssemblySearchPaths)="{CandidateAssemblyFiles};{HintPathFromItem}" (以前の値: "{CandidateAssemblyFiles}") C:\Program Files\dotnet\sdk\10.0.301\Sdks\Microsoft.NET.Sdk\targets\Microsoft.NET.Sdk.props (90,5)
       C:\Program Files\dotnet\sdk\10.0.301\Sdks\Microsoft.NET.Sdk\targets\Microsoft.NET.Sdk.props(91,5): message : プロパティの再代入: $(AssemblySearchPaths)="{CandidateAssemblyFiles};{HintPathFromItem};{TargetFrameworkDirectory}" (以前の値: "{CandidateAssemblyFiles};{HintPathFromItem}") C:\Program Files\dotnet\sdk\10.0.301\Sdks\Microsoft.NET.Sdk\targets\Microsoft.NET.Sdk.props (91,5)
       C:\Program Files\dotnet\sdk\10.0.301\Sdks\Microsoft.NET.Sdk\targets\Microsoft.NET.Sdk.props(92,5): message : プロパティの再代入: $(AssemblySearchPaths)="{CandidateAssemblyFiles};{HintPathFromItem};{TargetFrameworkDirectory};{RawFileName}" (以前の値: "{CandidateAssemblyFiles};{HintPathFromItem};{TargetFrameworkDirectory}") C:\Program Files\dotnet\sdk\10.0.301\Sdks\Microsoft.NET.Sdk\targets\Microsoft.NET.Sdk.props (92,5)
       "DefaultSdkResolver" リゾルバーが SDK "Microsoft.NET.SDK.WorkloadAutoImportPropsLocator" を解決しようとしました。
       警告: null
       エラー: MSB4276: ディレクトリ "Microsoft.NET.SDK.WorkloadAutoImportPropsLocator" が存在しなかったため、既定の SDK リゾルバーは SDK "C:\Program Files\dotnet\sdk\10.0.301\Sdks\Microsoft.NET.SDK.WorkloadAutoImportPropsLocator\Sdk" を解決できませんでした。
       SDK "Microsoft.NET.SDK.WorkloadAutoImportPropsLocator" は、"Microsoft.DotNet.MSBuildWorkloadSdkResolver" リゾルバーによって場所 "C:\Program Files\dotnet\packs\Microsoft.Android.Sdk.Windows\36.1.43\Sdk" とバージョン"null" に正常に解決されました。
       C:\Users\tuoza\source\repos\Archivio\Archivio\Archivio.csproj(6,9): message : プロパティの再代入: $(OutputType)="WinExe" (以前の値: "Library") C:\Users\tuoza\source\repos\Archivio\Archivio\Archivio.csproj (6,9)
       C:\Users\tuoza\source\repos\Archivio\Archivio\Archivio.csproj(23,9): message : プロパティの再代入: $(Platforms)="x86;x64;ARM64" (以前の値: "AnyCPU") C:\Users\tuoza\source\repos\Archivio\Archivio\Archivio.csproj (23,9)
       C:\Users\tuoza\source\repos\Archivio\Archivio\Archivio.csproj(52,9): message : プロパティの再代入: $(NoWarn)="1701;1702;NU1701" (以前の値: "1701;1702") C:\Users\tuoza\source\repos\Archivio\Archivio\Archivio.csproj (52,9)
       "Platform" プロパティはグローバル プロパティであり、変更できません。
       "Platform" プロパティはグローバル プロパティであり、変更できません。
       C:\Program Files\dotnet\sdk\10.0.301\Sdks\Microsoft.NET.Sdk\targets\Microsoft.NET.TargetFrameworkInference.targets(84,5): message : プロパティの再代入: $(TargetPlatformIdentifier)="Windows" (以前の値: "windows") C:\Program Files\dotnet\sdk\10.0.301\Sdks\Microsoft.NET.Sdk\targets\Microsoft.NET.TargetFrameworkInference.targets (84,5)
       C:\Program Files\dotnet\sdk\10.0.301\Sdks\Microsoft.NET.Sdk\targets\Microsoft.NET.DefaultOutputPaths.targets(127,5): message : プロパティの再代入: $(DefaultItemExcludes)=";bin\x64\Debug\/**;obj\x64\Debug\/**" (以前の値: ";bin\x64\Debug\/**") C:\Program Files\dotnet\sdk\10.0.301\Sdks\Microsoft.NET.Sdk\targets\Microsoft.NET.DefaultOutputPaths.targets (127,5)
       C:\Program Files\dotnet\sdk\10.0.301\Sdks\Microsoft.NET.Sdk\targets\Microsoft.NET.DefaultOutputPaths.targets(142,5): message : プロパティの再代入: $(OutputPath)="bin\x64\Debug\net10.0-windows10.0.19041.0\" (以前の値: "bin\x64\Debug\") C:\Program Files\dotnet\sdk\10.0.301\Sdks\Microsoft.NET.Sdk\targets\Microsoft.NET.DefaultOutputPaths.targets (142,5)
       C:\Program Files\dotnet\sdk\10.0.301\Sdks\Microsoft.NET.Sdk\targets\Microsoft.NET.DefaultOutputPaths.targets(147,5): message : プロパティの再代入: $(IntermediateOutputPath)="obj\x64\Debug\net10.0-windows10.0.19041.0\" (以前の値: "obj\x64\Debug\") C:\Program Files\dotnet\sdk\10.0.301\Sdks\Microsoft.NET.Sdk\targets\Microsoft.NET.DefaultOutputPaths.targets (147,5)
       "DefaultSdkResolver" リゾルバーが SDK "Microsoft.NET.SDK.WorkloadManifestTargetsLocator" を解決しようとしました。
       警告: null
       エラー: MSB4276: ディレクトリ "Microsoft.NET.SDK.WorkloadManifestTargetsLocator" が存在しなかったため、既定の SDK リゾルバーは SDK "C:\Program Files\dotnet\sdk\10.0.301\Sdks\Microsoft.NET.SDK.WorkloadManifestTargetsLocator\Sdk" を解決できませんでした。
       SDK "Microsoft.NET.SDK.WorkloadManifestTargetsLocator" は、"Microsoft.DotNet.MSBuildWorkloadSdkResolver" リゾルバーによって場所 "C:\Program Files\dotnet\sdk-manifests\10.0.100\microsoft.net.sdk.android\36.1.43" とバージョン"null" に正常に解決されました。
       C:\Program Files\dotnet\sdk\10.0.301\Sdks\Microsoft.NET.Sdk\targets\Microsoft.NET.RuntimeIdentifierInference.targets(401,5): message : プロパティの再代入: $(IntermediateOutputPath)="obj\x64\Debug\net10.0-windows10.0.19041.0\win-x64\" (以前の値: "obj\x64\Debug\net10.0-windows10.0.19041.0\") C:\Program Files\dotnet\sdk\10.0.301\Sdks\Microsoft.NET.Sdk\targets\Microsoft.NET.RuntimeIdentifierInference.targets (401,5)
       C:\Program Files\dotnet\sdk\10.0.301\Sdks\Microsoft.NET.Sdk\targets\Microsoft.NET.RuntimeIdentifierInference.targets(402,5): message : プロパティの再代入: $(OutputPath)="bin\x64\Debug\net10.0-windows10.0.19041.0\win-x64\" (以前の値: "bin\x64\Debug\net10.0-windows10.0.19041.0\") C:\Program Files\dotnet\sdk\10.0.301\Sdks\Microsoft.NET.Sdk\targets\Microsoft.NET.RuntimeIdentifierInference.targets (402,5)
       C:\Program Files\dotnet\sdk\10.0.301\Sdks\Microsoft.NET.Sdk\targets\Microsoft.NET.Sdk.BeforeCommon.targets(379,5): message : プロパティの再代入: $(RoslynTargetsPath)="C:\Program Files\dotnet\sdk\10.0.301\Sdks\Microsoft.NET.Sdk\targets\..\..\..\Roslyn" (以前の値: "C:\Program Files\dotnet\sdk\10.0.301\Roslyn") C:\Program Files\dotnet\sdk\10.0.301\Sdks\Microsoft.NET.Sdk\targets\Microsoft.NET.Sdk.BeforeCommon.targets (379,5)
       C:\Program Files\dotnet\sdk\10.0.301\Roslyn\Microsoft.Managed.Core.targets(6,5): message : プロパティの再代入: $(_BuildTasksDirectory)="C:\Program Files\dotnet\sdk\10.0.301\Sdks\Microsoft.NET.Sdk\targets\..\..\..\Roslyn\" (以前の値: "C:\Program Files\dotnet\sdk\10.0.301\Roslyn\") C:\Program Files\dotnet\sdk\10.0.301\Roslyn\Microsoft.Managed.Core.targets (6,5)
       C:\Program Files\dotnet\sdk\10.0.301\Roslyn\Microsoft.CSharp.Core.targets(213,5): message : プロパティの再代入: $(CommandLineArgsForDesignTimeEvaluation)="-langversion:latest -define:TRACE" (以前の値: "-langversion:latest") C:\Program Files\dotnet\sdk\10.0.301\Roslyn\Microsoft.CSharp.Core.targets (213,5)
       C:\Users\tuoza\.nuget\packages\microsoft.windows.sdk.buildtools.msix\1.7.20250829.1\build\Microsoft.Windows.SDK.BuildTools.MSIX.Common.props(16,5): message : プロパティの再代入: $(MsAppxPackageTargets)="Dont-Use-MsAppxPackageTargets" (以前の値: "WinUI3-NET5-Projects-Dont-Use-MsAppxPackageTargets") C:\Users\tuoza\.nuget\packages\microsoft.windows.sdk.buildtools.msix\1.7.20250829.1\build\Microsoft.Windows.SDK.BuildTools.MSIX.Common.props (16,5)
       "Platform" プロパティはグローバル プロパティであり、変更できません。
       C:\Program Files\dotnet\sdk\10.0.301\Microsoft.Common.CurrentVersion.targets(175,5): message : プロパティの再代入: $(_DebugSymbolsProduced)="true" (以前の値: "false") C:\Program Files\dotnet\sdk\10.0.301\Microsoft.Common.CurrentVersion.targets (175,5)
       C:\Program Files\dotnet\sdk\10.0.301\Microsoft.Common.CurrentVersion.targets(185,5): message : プロパティの再代入: $(_DocumentationFileProduced)="false" (以前の値: "true") C:\Program Files\dotnet\sdk\10.0.301\Microsoft.Common.CurrentVersion.targets (185,5)
       C:\Program Files\dotnet\sdk\10.0.301\Microsoft.Common.CurrentVersion.targets(393,5): message : プロパティの再代入: $(MSBuildCopyMarkerName)="Archivio.csproj.Up2Date" (以前の値: "Archivio.csproj") C:\Program Files\dotnet\sdk\10.0.301\Microsoft.Common.CurrentVersion.targets (393,5)
       C:\Program Files\dotnet\sdk\10.0.301\Microsoft.Common.CurrentVersion.targets(528,5): message : プロパティの再代入: $(ProcessorArchitecture)="amd64" (以前の値: "x64") C:\Program Files\dotnet\sdk\10.0.301\Microsoft.Common.CurrentVersion.targets (528,5)
       C:\Program Files\dotnet\sdk\10.0.301\Microsoft.Common.CurrentVersion.targets(580,5): message : プロパティの再代入: $(DelaySign)="" (以前の値: "false") C:\Program Files\dotnet\sdk\10.0.301\Microsoft.Common.CurrentVersion.targets (580,5)
       C:\Program Files\dotnet\sdk\10.0.301\Microsoft.Common.CurrentVersion.targets(1188,5): message : プロパティの再代入: $(PrepareForBuildDependsOn)=";WindowsAppSDKVerifyKitVersion;GetFrameworkPaths;GetReferenceAssemblyPaths;AssignLinkMetadata" (以前の値: ";WindowsAppSDKVerifyKitVersion") C:\Program Files\dotnet\sdk\10.0.301\Microsoft.Common.CurrentVersion.targets (1188,5)
       C:\Program Files\dotnet\sdk\10.0.301\Microsoft.Common.CurrentVersion.targets(2622,5): message : 環境から展開された 'C:\Users\tuoza\AppData\Local' 値を持つプロパティ 'LOCALAPPDATA'。
       C:\Program Files\dotnet\sdk\10.0.301\Microsoft.Common.CurrentVersion.targets(3950,5): message : プロパティの再代入: $(_SGenGenerateSerializationAssembliesConfig)="Auto" (以前の値: "") C:\Program Files\dotnet\sdk\10.0.301\Microsoft.Common.CurrentVersion.targets (3950,5)
       C:\Program Files\dotnet\sdk\10.0.301\Microsoft.Common.CurrentVersion.targets(3951,5): message : プロパティの再代入: $(_SGenGenerateSerializationAssembliesConfig)="Off" (以前の値: "Auto") C:\Program Files\dotnet\sdk\10.0.301\Microsoft.Common.CurrentVersion.targets (3951,5)
       C:\Program Files\dotnet\sdk\10.0.301\Microsoft.Common.CurrentVersion.targets(5162,5): message : プロパティの再代入: $(_TargetsThatPrepareProjectReferences)="
       C:\Program Files\dotnet\sdk\10.0.301\Microsoft.Common.CurrentVersion.targets(5162,5): message :       AssignProjectConfiguration;
       C:\Program Files\dotnet\sdk\10.0.301\Microsoft.Common.CurrentVersion.targets(5162,5): message :       _SplitProjectReferencesByFileExistence
       C:\Program Files\dotnet\sdk\10.0.301\Microsoft.Common.CurrentVersion.targets(5162,5): message :     " (以前の値: "_SplitProjectReferencesByFileExistence") C:\Program Files\dotnet\sdk\10.0.301\Microsoft.Common.CurrentVersion.targets (5162,5)
       C:\Program Files\dotnet\sdk\10.0.301\Microsoft.Common.CurrentVersion.targets(6975,5): message : 環境から展開された 'C:\Program Files\dotnet\sdk\10.0.301' 値を持つプロパティ 'MSBuildExtensionsPath32'。
       "NuGetInteractive" プロパティはグローバル プロパティであり、変更できません。
       C:\Users\tuoza\.nuget\packages\microsoft.windows.sdk.buildtools.msix\1.7.20250829.1\build\Microsoft.Windows.SDK.BuildTools.MSIX.Packaging.targets(136,5): message : プロパティの再代入: $(AppxHashAlgorithmId)="sha256" (以前の値: "") C:\Users\tuoza\.nuget\packages\microsoft.windows.sdk.buildtools.msix\1.7.20250829.1\build\Microsoft.Windows.SDK.BuildTools.MSIX.Packaging.targets (136,5)
       C:\Users\tuoza\.nuget\packages\microsoft.windows.sdk.buildtools.msix\1.7.20250829.1\build\Microsoft.Windows.SDK.BuildTools.MSIX.Packaging.targets(417,5): message : プロパティの再代入: $(PrepareForBuildDependsOn)="
       C:\Users\tuoza\.nuget\packages\microsoft.windows.sdk.buildtools.msix\1.7.20250829.1\build\Microsoft.Windows.SDK.BuildTools.MSIX.Packaging.targets(417,5): message :       ;WindowsAppSDKVerifyKitVersion;GetFrameworkPaths;GetReferenceAssemblyPaths;AssignLinkMetadata;
       C:\Users\tuoza\.nuget\packages\microsoft.windows.sdk.buildtools.msix\1.7.20250829.1\build\Microsoft.Windows.SDK.BuildTools.MSIX.Packaging.targets(417,5): message :       _ValidateWindowsPackageType;
       C:\Users\tuoza\.nuget\packages\microsoft.windows.sdk.buildtools.msix\1.7.20250829.1\build\Microsoft.Windows.SDK.BuildTools.MSIX.Packaging.targets(417,5): message :     " (以前の値: ";WindowsAppSDKVerifyKitVersion;GetFrameworkPaths;GetReferenceAssemblyPaths;AssignLinkMetadata") C:\Users\tuoza\.nuget\packages\microsoft.windows.sdk.buildtools.msix\1.7.20250829.1\build\Microsoft.Windows.SDK.BuildTools.MSIX.Packaging.targets (417,5)
       C:\Users\tuoza\.nuget\packages\microsoft.windows.sdk.buildtools.msix\1.7.20250829.1\build\Microsoft.Windows.SDK.BuildTools.MSIX.Packaging.targets(659,5): message : プロパティの再代入: $(PrepareForRunDependsOn)="
       C:\Users\tuoza\.nuget\packages\microsoft.windows.sdk.buildtools.msix\1.7.20250829.1\build\Microsoft.Windows.SDK.BuildTools.MSIX.Packaging.targets(659,5): message :       PrepareMsixPackage;
       C:\Users\tuoza\.nuget\packages\microsoft.windows.sdk.buildtools.msix\1.7.20250829.1\build\Microsoft.Windows.SDK.BuildTools.MSIX.Packaging.targets(659,5): message :       _ValidateConfiguration;
       C:\Users\tuoza\.nuget\packages\microsoft.windows.sdk.buildtools.msix\1.7.20250829.1\build\Microsoft.Windows.SDK.BuildTools.MSIX.Packaging.targets(659,5): message :       _ValidateSigningCertificate;
       C:\Users\tuoza\.nuget\packages\microsoft.windows.sdk.buildtools.msix\1.7.20250829.1\build\Microsoft.Windows.SDK.BuildTools.MSIX.Packaging.targets(659,5): message :       _ValidateAzureCodeSigningVersion;
       C:\Users\tuoza\.nuget\packages\microsoft.windows.sdk.buildtools.msix\1.7.20250829.1\build\Microsoft.Windows.SDK.BuildTools.MSIX.Packaging.targets(659,5): message :       _ValidateAzureKeyVaultVersion;
       C:\Users\tuoza\.nuget\packages\microsoft.windows.sdk.buildtools.msix\1.7.20250829.1\build\Microsoft.Windows.SDK.BuildTools.MSIX.Packaging.targets(659,5): message :       _ValidatePaths;
       C:\Users\tuoza\.nuget\packages\microsoft.windows.sdk.buildtools.msix\1.7.20250829.1\build\Microsoft.Windows.SDK.BuildTools.MSIX.Packaging.targets(659,5): message :       _GetAppxManifestSchemaItems;
       C:\Users\tuoza\.nuget\packages\microsoft.windows.sdk.buildtools.msix\1.7.20250829.1\build\Microsoft.Windows.SDK.BuildTools.MSIX.Packaging.targets(659,5): message :       _FindAndValidateBundleMappingFile;
       C:\Users\tuoza\.nuget\packages\microsoft.windows.sdk.buildtools.msix\1.7.20250829.1\build\Microsoft.Windows.SDK.BuildTools.MSIX.Packaging.targets(659,5): message :       _GetPriConfigXmlSnippets;
       C:\Users\tuoza\.nuget\packages\microsoft.windows.sdk.buildtools.msix\1.7.20250829.1\build\Microsoft.Windows.SDK.BuildTools.MSIX.Packaging.targets(659,5): message :       _ReadAppxLayout;
       C:\Users\tuoza\.nuget\packages\microsoft.windows.sdk.buildtools.msix\1.7.20250829.1\build\Microsoft.Windows.SDK.BuildTools.MSIX.Packaging.targets(659,5): message :       _ValidatePresenceOfAppxManifestItems;
       C:\Users\tuoza\.nuget\packages\microsoft.windows.sdk.buildtools.msix\1.7.20250829.1\build\Microsoft.Windows.SDK.BuildTools.MSIX.Packaging.targets(659,5): message :       _BuildOptionalProjects;
       C:\Users\tuoza\.nuget\packages\microsoft.windows.sdk.buildtools.msix\1.7.20250829.1\build\Microsoft.Windows.SDK.BuildTools.MSIX.Packaging.targets(659,5): message :       _GenerateBundleMappingFile;
       C:\Users\tuoza\.nuget\packages\microsoft.windows.sdk.buildtools.msix\1.7.20250829.1\build\Microsoft.Windows.SDK.BuildTools.MSIX.Packaging.targets(659,5): message :       _GenerateBundleManifest;
       C:\Users\tuoza\.nuget\packages\microsoft.windows.sdk.buildtools.msix\1.7.20250829.1\build\Microsoft.Windows.SDK.BuildTools.MSIX.Packaging.targets(659,5): message :       _ConvertAppxContentGroupMap;
       C:\Users\tuoza\.nuget\packages\microsoft.windows.sdk.buildtools.msix\1.7.20250829.1\build\Microsoft.Windows.SDK.BuildTools.MSIX.Packaging.targets(659,5): message :       
       C:\Users\tuoza\.nuget\packages\microsoft.windows.sdk.buildtools.msix\1.7.20250829.1\build\Microsoft.Windows.SDK.BuildTools.MSIX.Packaging.targets(659,5): message :       CopyFilesToOutputDirectory
       C:\Users\tuoza\.nuget\packages\microsoft.windows.sdk.buildtools.msix\1.7.20250829.1\build\Microsoft.Windows.SDK.BuildTools.MSIX.Packaging.targets(659,5): message :     ;
       C:\Users\tuoza\.nuget\packages\microsoft.windows.sdk.buildtools.msix\1.7.20250829.1\build\Microsoft.Windows.SDK.BuildTools.MSIX.Packaging.targets(659,5): message :     " (以前の値: "
       C:\Users\tuoza\.nuget\packages\microsoft.windows.sdk.buildtools.msix\1.7.20250829.1\build\Microsoft.Windows.SDK.BuildTools.MSIX.Packaging.targets(659,5): message :       CopyFilesToOutputDirectory
       C:\Users\tuoza\.nuget\packages\microsoft.windows.sdk.buildtools.msix\1.7.20250829.1\build\Microsoft.Windows.SDK.BuildTools.MSIX.Packaging.targets(659,5): message :     ") C:\Users\tuoza\.nuget\packages\microsoft.windows.sdk.buildtools.msix\1.7.20250829.1\build\Microsoft.Windows.SDK.BuildTools.MSIX.Packaging.targets (659,5)
       C:\Users\tuoza\.nuget\packages\microsoft.windows.sdk.buildtools.msix\1.7.20250829.1\build\Microsoft.Windows.SDK.BuildTools.MSIX.Pri.targets(102,5): message : プロパティの再代入: $(GenerateProjectPriFileDependsOn)="
       C:\Users\tuoza\.nuget\packages\microsoft.windows.sdk.buildtools.msix\1.7.20250829.1\build\Microsoft.Windows.SDK.BuildTools.MSIX.Pri.targets(102,5): message :       
       C:\Users\tuoza\.nuget\packages\microsoft.windows.sdk.buildtools.msix\1.7.20250829.1\build\Microsoft.Windows.SDK.BuildTools.MSIX.Pri.targets(102,5): message :       ;
       C:\Users\tuoza\.nuget\packages\microsoft.windows.sdk.buildtools.msix\1.7.20250829.1\build\Microsoft.Windows.SDK.BuildTools.MSIX.Pri.targets(102,5): message :       CopyFilesToOutputDirectory;
       C:\Users\tuoza\.nuget\packages\microsoft.windows.sdk.buildtools.msix\1.7.20250829.1\build\Microsoft.Windows.SDK.BuildTools.MSIX.Pri.targets(102,5): message :       BeforeGenerateProjectPriFile;
       C:\Users\tuoza\.nuget\packages\microsoft.windows.sdk.buildtools.msix\1.7.20250829.1\build\Microsoft.Windows.SDK.BuildTools.MSIX.Pri.targets(102,5): message :     ;
       C:\Users\tuoza\.nuget\packages\microsoft.windows.sdk.buildtools.msix\1.7.20250829.1\build\Microsoft.Windows.SDK.BuildTools.MSIX.Pri.targets(102,5): message :       GetPriOutputs;
       C:\Users\tuoza\.nuget\packages\microsoft.windows.sdk.buildtools.msix\1.7.20250829.1\build\Microsoft.Windows.SDK.BuildTools.MSIX.Pri.targets(102,5): message :       _GetPriFilesFromPayload;
       C:\Users\tuoza\.nuget\packages\microsoft.windows.sdk.buildtools.msix\1.7.20250829.1\build\Microsoft.Windows.SDK.BuildTools.MSIX.Pri.targets(102,5): message :       _ComputeInputPriFiles;
       C:\Users\tuoza\.nuget\packages\microsoft.windows.sdk.buildtools.msix\1.7.20250829.1\build\Microsoft.Windows.SDK.BuildTools.MSIX.Pri.targets(102,5): message :       _GenerateProjectPriConfigurationFiles;
       C:\Users\tuoza\.nuget\packages\microsoft.windows.sdk.buildtools.msix\1.7.20250829.1\build\Microsoft.Windows.SDK.BuildTools.MSIX.Pri.targets(102,5): message :       _GenerateProjectPriFileCore;
       C:\Users\tuoza\.nuget\packages\microsoft.windows.sdk.buildtools.msix\1.7.20250829.1\build\Microsoft.Windows.SDK.BuildTools.MSIX.Pri.targets(102,5): message :       _AddFileReadsAndFileWritesForProjectPri;
       C:\Users\tuoza\.nuget\packages\microsoft.windows.sdk.buildtools.msix\1.7.20250829.1\build\Microsoft.Windows.SDK.BuildTools.MSIX.Pri.targets(102,5): message :       _CalculateUseResourceIndexerApi;
       C:\Users\tuoza\.nuget\packages\microsoft.windows.sdk.buildtools.msix\1.7.20250829.1\build\Microsoft.Windows.SDK.BuildTools.MSIX.Pri.targets(102,5): message :       _ExpandProjectPriFile;
       C:\Users\tuoza\.nuget\packages\microsoft.windows.sdk.buildtools.msix\1.7.20250829.1\build\Microsoft.Windows.SDK.BuildTools.MSIX.Pri.targets(102,5): message :       AfterGenerateProjectPriFile
       C:\Users\tuoza\.nuget\packages\microsoft.windows.sdk.buildtools.msix\1.7.20250829.1\build\Microsoft.Windows.SDK.BuildTools.MSIX.Pri.targets(102,5): message :     " (以前の値: "
       C:\Users\tuoza\.nuget\packages\microsoft.windows.sdk.buildtools.msix\1.7.20250829.1\build\Microsoft.Windows.SDK.BuildTools.MSIX.Pri.targets(102,5): message :       ;
       C:\Users\tuoza\.nuget\packages\microsoft.windows.sdk.buildtools.msix\1.7.20250829.1\build\Microsoft.Windows.SDK.BuildTools.MSIX.Pri.targets(102,5): message :       CopyFilesToOutputDirectory;
       C:\Users\tuoza\.nuget\packages\microsoft.windows.sdk.buildtools.msix\1.7.20250829.1\build\Microsoft.Windows.SDK.BuildTools.MSIX.Pri.targets(102,5): message :       BeforeGenerateProjectPriFile;
       C:\Users\tuoza\.nuget\packages\microsoft.windows.sdk.buildtools.msix\1.7.20250829.1\build\Microsoft.Windows.SDK.BuildTools.MSIX.Pri.targets(102,5): message :     ") C:\Users\tuoza\.nuget\packages\microsoft.windows.sdk.buildtools.msix\1.7.20250829.1\build\Microsoft.Windows.SDK.BuildTools.MSIX.Pri.targets (102,5)
       C:\Users\tuoza\.nuget\packages\microsoft.windows.sdk.buildtools.msix\1.7.20250829.1\build\Microsoft.Windows.SDK.BuildTools.MSIX.Pri.targets(117,5): message : プロパティの再代入: $(PrepareMsixPackageDependsOn)="
       C:\Users\tuoza\.nuget\packages\microsoft.windows.sdk.buildtools.msix\1.7.20250829.1\build\Microsoft.Windows.SDK.BuildTools.MSIX.Pri.targets(117,5): message :       GenerateProjectPriFile;
       C:\Users\tuoza\.nuget\packages\microsoft.windows.sdk.buildtools.msix\1.7.20250829.1\build\Microsoft.Windows.SDK.BuildTools.MSIX.Pri.targets(117,5): message :       
       C:\Users\tuoza\.nuget\packages\microsoft.windows.sdk.buildtools.msix\1.7.20250829.1\build\Microsoft.Windows.SDK.BuildTools.MSIX.Pri.targets(117,5): message :       ;
       C:\Users\tuoza\.nuget\packages\microsoft.windows.sdk.buildtools.msix\1.7.20250829.1\build\Microsoft.Windows.SDK.BuildTools.MSIX.Pri.targets(117,5): message :       _ValidatePresenceOfAppxManifestItems;
       C:\Users\tuoza\.nuget\packages\microsoft.windows.sdk.buildtools.msix\1.7.20250829.1\build\Microsoft.Windows.SDK.BuildTools.MSIX.Pri.targets(117,5): message :       GetPackagingOutputs;
       C:\Users\tuoza\.nuget\packages\microsoft.windows.sdk.buildtools.msix\1.7.20250829.1\build\Microsoft.Windows.SDK.BuildTools.MSIX.Pri.targets(117,5): message :       _GetPackageProperties;
       C:\Users\tuoza\.nuget\packages\microsoft.windows.sdk.buildtools.msix\1.7.20250829.1\build\Microsoft.Windows.SDK.BuildTools.MSIX.Pri.targets(117,5): message :       _ComputeAppxPackagePayload;
       C:\Users\tuoza\.nuget\packages\microsoft.windows.sdk.buildtools.msix\1.7.20250829.1\build\Microsoft.Windows.SDK.BuildTools.MSIX.Pri.targets(117,5): message :       _GenerateAppxManifest;
       C:\Users\tuoza\.nuget\packages\microsoft.windows.sdk.buildtools.msix\1.7.20250829.1\build\Microsoft.Windows.SDK.BuildTools.MSIX.Pri.targets(117,5): message :       _GenerateAppxPackageRecipe;
       C:\Users\tuoza\.nuget\packages\microsoft.windows.sdk.buildtools.msix\1.7.20250829.1\build\Microsoft.Windows.SDK.BuildTools.MSIX.Pri.targets(117,5): message :       _GenerateAppxUploadPackageRecipe
       C:\Users\tuoza\.nuget\packages\microsoft.windows.sdk.buildtools.msix\1.7.20250829.1\build\Microsoft.Windows.SDK.BuildTools.MSIX.Pri.targets(117,5): message :     ;
       C:\Users\tuoza\.nuget\packages\microsoft.windows.sdk.buildtools.msix\1.7.20250829.1\build\Microsoft.Windows.SDK.BuildTools.MSIX.Pri.targets(117,5): message :     " (以前の値: "
       C:\Users\tuoza\.nuget\packages\microsoft.windows.sdk.buildtools.msix\1.7.20250829.1\build\Microsoft.Windows.SDK.BuildTools.MSIX.Pri.targets(117,5): message :       ;
       C:\Users\tuoza\.nuget\packages\microsoft.windows.sdk.buildtools.msix\1.7.20250829.1\build\Microsoft.Windows.SDK.BuildTools.MSIX.Pri.targets(117,5): message :       _ValidatePresenceOfAppxManifestItems;
       C:\Users\tuoza\.nuget\packages\microsoft.windows.sdk.buildtools.msix\1.7.20250829.1\build\Microsoft.Windows.SDK.BuildTools.MSIX.Pri.targets(117,5): message :       GetPackagingOutputs;
       C:\Users\tuoza\.nuget\packages\microsoft.windows.sdk.buildtools.msix\1.7.20250829.1\build\Microsoft.Windows.SDK.BuildTools.MSIX.Pri.targets(117,5): message :       _GetPackageProperties;
       C:\Users\tuoza\.nuget\packages\microsoft.windows.sdk.buildtools.msix\1.7.20250829.1\build\Microsoft.Windows.SDK.BuildTools.MSIX.Pri.targets(117,5): message :       _ComputeAppxPackagePayload;
       C:\Users\tuoza\.nuget\packages\microsoft.windows.sdk.buildtools.msix\1.7.20250829.1\build\Microsoft.Windows.SDK.BuildTools.MSIX.Pri.targets(117,5): message :       _GenerateAppxManifest;
       C:\Users\tuoza\.nuget\packages\microsoft.windows.sdk.buildtools.msix\1.7.20250829.1\build\Microsoft.Windows.SDK.BuildTools.MSIX.Pri.targets(117,5): message :       _GenerateAppxPackageRecipe;
       C:\Users\tuoza\.nuget\packages\microsoft.windows.sdk.buildtools.msix\1.7.20250829.1\build\Microsoft.Windows.SDK.BuildTools.MSIX.Pri.targets(117,5): message :       _GenerateAppxUploadPackageRecipe
       C:\Users\tuoza\.nuget\packages\microsoft.windows.sdk.buildtools.msix\1.7.20250829.1\build\Microsoft.Windows.SDK.BuildTools.MSIX.Pri.targets(117,5): message :     ") C:\Users\tuoza\.nuget\packages\microsoft.windows.sdk.buildtools.msix\1.7.20250829.1\build\Microsoft.Windows.SDK.BuildTools.MSIX.Pri.targets (117,5)
       C:\Users\tuoza\.nuget\packages\microsoft.windows.sdk.buildtools.msix\1.7.20250829.1\build\Microsoft.Windows.SDK.BuildTools.MSIX.Pri.targets(167,5): message : プロパティの再代入: $(PrepareForRunDependsOn)="
       C:\Users\tuoza\.nuget\packages\microsoft.windows.sdk.buildtools.msix\1.7.20250829.1\build\Microsoft.Windows.SDK.BuildTools.MSIX.Pri.targets(167,5): message :       GenerateProjectPriFile;
       C:\Users\tuoza\.nuget\packages\microsoft.windows.sdk.buildtools.msix\1.7.20250829.1\build\Microsoft.Windows.SDK.BuildTools.MSIX.Pri.targets(167,5): message :       
       C:\Users\tuoza\.nuget\packages\microsoft.windows.sdk.buildtools.msix\1.7.20250829.1\build\Microsoft.Windows.SDK.BuildTools.MSIX.Pri.targets(167,5): message :       PrepareMsixPackage;
       C:\Users\tuoza\.nuget\packages\microsoft.windows.sdk.buildtools.msix\1.7.20250829.1\build\Microsoft.Windows.SDK.BuildTools.MSIX.Pri.targets(167,5): message :       _ValidateConfiguration;
       C:\Users\tuoza\.nuget\packages\microsoft.windows.sdk.buildtools.msix\1.7.20250829.1\build\Microsoft.Windows.SDK.BuildTools.MSIX.Pri.targets(167,5): message :       _ValidateSigningCertificate;
       C:\Users\tuoza\.nuget\packages\microsoft.windows.sdk.buildtools.msix\1.7.20250829.1\build\Microsoft.Windows.SDK.BuildTools.MSIX.Pri.targets(167,5): message :       _ValidateAzureCodeSigningVersion;
       C:\Users\tuoza\.nuget\packages\microsoft.windows.sdk.buildtools.msix\1.7.20250829.1\build\Microsoft.Windows.SDK.BuildTools.MSIX.Pri.targets(167,5): message :       _ValidateAzureKeyVaultVersion;
       C:\Users\tuoza\.nuget\packages\microsoft.windows.sdk.buildtools.msix\1.7.20250829.1\build\Microsoft.Windows.SDK.BuildTools.MSIX.Pri.targets(167,5): message :       _ValidatePaths;
       C:\Users\tuoza\.nuget\packages\microsoft.windows.sdk.buildtools.msix\1.7.20250829.1\build\Microsoft.Windows.SDK.BuildTools.MSIX.Pri.targets(167,5): message :       _GetAppxManifestSchemaItems;
       C:\Users\tuoza\.nuget\packages\microsoft.windows.sdk.buildtools.msix\1.7.20250829.1\build\Microsoft.Windows.SDK.BuildTools.MSIX.Pri.targets(167,5): message :       _FindAndValidateBundleMappingFile;
       C:\Users\tuoza\.nuget\packages\microsoft.windows.sdk.buildtools.msix\1.7.20250829.1\build\Microsoft.Windows.SDK.BuildTools.MSIX.Pri.targets(167,5): message :       _GetPriConfigXmlSnippets;
       C:\Users\tuoza\.nuget\packages\microsoft.windows.sdk.buildtools.msix\1.7.20250829.1\build\Microsoft.Windows.SDK.BuildTools.MSIX.Pri.targets(167,5): message :       _ReadAppxLayout;
       C:\Users\tuoza\.nuget\packages\microsoft.windows.sdk.buildtools.msix\1.7.20250829.1\build\Microsoft.Windows.SDK.BuildTools.MSIX.Pri.targets(167,5): message :       _ValidatePresenceOfAppxManifestItems;
       C:\Users\tuoza\.nuget\packages\microsoft.windows.sdk.buildtools.msix\1.7.20250829.1\build\Microsoft.Windows.SDK.BuildTools.MSIX.Pri.targets(167,5): message :       _BuildOptionalProjects;
       C:\Users\tuoza\.nuget\packages\microsoft.windows.sdk.buildtools.msix\1.7.20250829.1\build\Microsoft.Windows.SDK.BuildTools.MSIX.Pri.targets(167,5): message :       _GenerateBundleMappingFile;
       C:\Users\tuoza\.nuget\packages\microsoft.windows.sdk.buildtools.msix\1.7.20250829.1\build\Microsoft.Windows.SDK.BuildTools.MSIX.Pri.targets(167,5): message :       _GenerateBundleManifest;
       C:\Users\tuoza\.nuget\packages\microsoft.windows.sdk.buildtools.msix\1.7.20250829.1\build\Microsoft.Windows.SDK.BuildTools.MSIX.Pri.targets(167,5): message :       _ConvertAppxContentGroupMap;
       C:\Users\tuoza\.nuget\packages\microsoft.windows.sdk.buildtools.msix\1.7.20250829.1\build\Microsoft.Windows.SDK.BuildTools.MSIX.Pri.targets(167,5): message :       
       C:\Users\tuoza\.nuget\packages\microsoft.windows.sdk.buildtools.msix\1.7.20250829.1\build\Microsoft.Windows.SDK.BuildTools.MSIX.Pri.targets(167,5): message :       CopyFilesToOutputDirectory
       C:\Users\tuoza\.nuget\packages\microsoft.windows.sdk.buildtools.msix\1.7.20250829.1\build\Microsoft.Windows.SDK.BuildTools.MSIX.Pri.targets(167,5): message :     ;
       C:\Users\tuoza\.nuget\packages\microsoft.windows.sdk.buildtools.msix\1.7.20250829.1\build\Microsoft.Windows.SDK.BuildTools.MSIX.Pri.targets(167,5): message :     ;
       C:\Users\tuoza\.nuget\packages\microsoft.windows.sdk.buildtools.msix\1.7.20250829.1\build\Microsoft.Windows.SDK.BuildTools.MSIX.Pri.targets(167,5): message :     " (以前の値: "
       C:\Users\tuoza\.nuget\packages\microsoft.windows.sdk.buildtools.msix\1.7.20250829.1\build\Microsoft.Windows.SDK.BuildTools.MSIX.Pri.targets(167,5): message :       PrepareMsixPackage;
       C:\Users\tuoza\.nuget\packages\microsoft.windows.sdk.buildtools.msix\1.7.20250829.1\build\Microsoft.Windows.SDK.BuildTools.MSIX.Pri.targets(167,5): message :       _ValidateConfiguration;
       C:\Users\tuoza\.nuget\packages\microsoft.windows.sdk.buildtools.msix\1.7.20250829.1\build\Microsoft.Windows.SDK.BuildTools.MSIX.Pri.targets(167,5): message :       _ValidateSigningCertificate;
       C:\Users\tuoza\.nuget\packages\microsoft.windows.sdk.buildtools.msix\1.7.20250829.1\build\Microsoft.Windows.SDK.BuildTools.MSIX.Pri.targets(167,5): message :       _ValidateAzureCodeSigningVersion;
       C:\Users\tuoza\.nuget\packages\microsoft.windows.sdk.buildtools.msix\1.7.20250829.1\build\Microsoft.Windows.SDK.BuildTools.MSIX.Pri.targets(167,5): message :       _ValidateAzureKeyVaultVersion;
       C:\Users\tuoza\.nuget\packages\microsoft.windows.sdk.buildtools.msix\1.7.20250829.1\build\Microsoft.Windows.SDK.BuildTools.MSIX.Pri.targets(167,5): message :       _ValidatePaths;
       C:\Users\tuoza\.nuget\packages\microsoft.windows.sdk.buildtools.msix\1.7.20250829.1\build\Microsoft.Windows.SDK.BuildTools.MSIX.Pri.targets(167,5): message :       _GetAppxManifestSchemaItems;
       C:\Users\tuoza\.nuget\packages\microsoft.windows.sdk.buildtools.msix\1.7.20250829.1\build\Microsoft.Windows.SDK.BuildTools.MSIX.Pri.targets(167,5): message :       _FindAndValidateBundleMappingFile;
       C:\Users\tuoza\.nuget\packages\microsoft.windows.sdk.buildtools.msix\1.7.20250829.1\build\Microsoft.Windows.SDK.BuildTools.MSIX.Pri.targets(167,5): message :       _GetPriConfigXmlSnippets;
       C:\Users\tuoza\.nuget\packages\microsoft.windows.sdk.buildtools.msix\1.7.20250829.1\build\Microsoft.Windows.SDK.BuildTools.MSIX.Pri.targets(167,5): message :       _ReadAppxLayout;
       C:\Users\tuoza\.nuget\packages\microsoft.windows.sdk.buildtools.msix\1.7.20250829.1\build\Microsoft.Windows.SDK.BuildTools.MSIX.Pri.targets(167,5): message :       _ValidatePresenceOfAppxManifestItems;
       C:\Users\tuoza\.nuget\packages\microsoft.windows.sdk.buildtools.msix\1.7.20250829.1\build\Microsoft.Windows.SDK.BuildTools.MSIX.Pri.targets(167,5): message :       _BuildOptionalProjects;
       C:\Users\tuoza\.nuget\packages\microsoft.windows.sdk.buildtools.msix\1.7.20250829.1\build\Microsoft.Windows.SDK.BuildTools.MSIX.Pri.targets(167,5): message :       _GenerateBundleMappingFile;
       C:\Users\tuoza\.nuget\packages\microsoft.windows.sdk.buildtools.msix\1.7.20250829.1\build\Microsoft.Windows.SDK.BuildTools.MSIX.Pri.targets(167,5): message :       _GenerateBundleManifest;
       C:\Users\tuoza\.nuget\packages\microsoft.windows.sdk.buildtools.msix\1.7.20250829.1\build\Microsoft.Windows.SDK.BuildTools.MSIX.Pri.targets(167,5): message :       _ConvertAppxContentGroupMap;
       C:\Users\tuoza\.nuget\packages\microsoft.windows.sdk.buildtools.msix\1.7.20250829.1\build\Microsoft.Windows.SDK.BuildTools.MSIX.Pri.targets(167,5): message :       
       C:\Users\tuoza\.nuget\packages\microsoft.windows.sdk.buildtools.msix\1.7.20250829.1\build\Microsoft.Windows.SDK.BuildTools.MSIX.Pri.targets(167,5): message :       CopyFilesToOutputDirectory
       C:\Users\tuoza\.nuget\packages\microsoft.windows.sdk.buildtools.msix\1.7.20250829.1\build\Microsoft.Windows.SDK.BuildTools.MSIX.Pri.targets(167,5): message :     ;
       C:\Users\tuoza\.nuget\packages\microsoft.windows.sdk.buildtools.msix\1.7.20250829.1\build\Microsoft.Windows.SDK.BuildTools.MSIX.Pri.targets(167,5): message :     ") C:\Users\tuoza\.nuget\packages\microsoft.windows.sdk.buildtools.msix\1.7.20250829.1\build\Microsoft.Windows.SDK.BuildTools.MSIX.Pri.targets (167,5)
       C:\Users\tuoza\.nuget\packages\microsoft.windows.sdk.buildtools.msix\1.7.20250829.1\build\Microsoft.Windows.SDK.BuildTools.MSIX.Pri.targets(458,5): message : プロパティの再代入: $(GetCopyToOutputDirectoryItemsDependsOn)="
       C:\Users\tuoza\.nuget\packages\microsoft.windows.sdk.buildtools.msix\1.7.20250829.1\build\Microsoft.Windows.SDK.BuildTools.MSIX.Pri.targets(458,5): message :       GetPriOutputs;
       C:\Users\tuoza\.nuget\packages\microsoft.windows.sdk.buildtools.msix\1.7.20250829.1\build\Microsoft.Windows.SDK.BuildTools.MSIX.Pri.targets(458,5): message :       
       C:\Users\tuoza\.nuget\packages\microsoft.windows.sdk.buildtools.msix\1.7.20250829.1\build\Microsoft.Windows.SDK.BuildTools.MSIX.Pri.targets(458,5): message :       AssignTargetPaths;
       C:\Users\tuoza\.nuget\packages\microsoft.windows.sdk.buildtools.msix\1.7.20250829.1\build\Microsoft.Windows.SDK.BuildTools.MSIX.Pri.targets(458,5): message :       
       C:\Users\tuoza\.nuget\packages\microsoft.windows.sdk.buildtools.msix\1.7.20250829.1\build\Microsoft.Windows.SDK.BuildTools.MSIX.Pri.targets(458,5): message :       AssignProjectConfiguration;
       C:\Users\tuoza\.nuget\packages\microsoft.windows.sdk.buildtools.msix\1.7.20250829.1\build\Microsoft.Windows.SDK.BuildTools.MSIX.Pri.targets(458,5): message :       _SplitProjectReferencesByFileExistence
       C:\Users\tuoza\.nuget\packages\microsoft.windows.sdk.buildtools.msix\1.7.20250829.1\build\Microsoft.Windows.SDK.BuildTools.MSIX.Pri.targets(458,5): message :     ;
       C:\Users\tuoza\.nuget\packages\microsoft.windows.sdk.buildtools.msix\1.7.20250829.1\build\Microsoft.Windows.SDK.BuildTools.MSIX.Pri.targets(458,5): message :       _GetProjectReferenceTargetFrameworkProperties;
       C:\Users\tuoza\.nuget\packages\microsoft.windows.sdk.buildtools.msix\1.7.20250829.1\build\Microsoft.Windows.SDK.BuildTools.MSIX.Pri.targets(458,5): message :       _PopulateCommonStateForGetCopyToOutputDirectoryItems
       C:\Users\tuoza\.nuget\packages\microsoft.windows.sdk.buildtools.msix\1.7.20250829.1\build\Microsoft.Windows.SDK.BuildTools.MSIX.Pri.targets(458,5): message :     ;
       C:\Users\tuoza\.nuget\packages\microsoft.windows.sdk.buildtools.msix\1.7.20250829.1\build\Microsoft.Windows.SDK.BuildTools.MSIX.Pri.targets(458,5): message :     " (以前の値: "
       C:\Users\tuoza\.nuget\packages\microsoft.windows.sdk.buildtools.msix\1.7.20250829.1\build\Microsoft.Windows.SDK.BuildTools.MSIX.Pri.targets(458,5): message :       AssignTargetPaths;
       C:\Users\tuoza\.nuget\packages\microsoft.windows.sdk.buildtools.msix\1.7.20250829.1\build\Microsoft.Windows.SDK.BuildTools.MSIX.Pri.targets(458,5): message :       
       C:\Users\tuoza\.nuget\packages\microsoft.windows.sdk.buildtools.msix\1.7.20250829.1\build\Microsoft.Windows.SDK.BuildTools.MSIX.Pri.targets(458,5): message :       AssignProjectConfiguration;
       C:\Users\tuoza\.nuget\packages\microsoft.windows.sdk.buildtools.msix\1.7.20250829.1\build\Microsoft.Windows.SDK.BuildTools.MSIX.Pri.targets(458,5): message :       _SplitProjectReferencesByFileExistence
       C:\Users\tuoza\.nuget\packages\microsoft.windows.sdk.buildtools.msix\1.7.20250829.1\build\Microsoft.Windows.SDK.BuildTools.MSIX.Pri.targets(458,5): message :     ;
       C:\Users\tuoza\.nuget\packages\microsoft.windows.sdk.buildtools.msix\1.7.20250829.1\build\Microsoft.Windows.SDK.BuildTools.MSIX.Pri.targets(458,5): message :       _GetProjectReferenceTargetFrameworkProperties;
       C:\Users\tuoza\.nuget\packages\microsoft.windows.sdk.buildtools.msix\1.7.20250829.1\build\Microsoft.Windows.SDK.BuildTools.MSIX.Pri.targets(458,5): message :       _PopulateCommonStateForGetCopyToOutputDirectoryItems
       C:\Users\tuoza\.nuget\packages\microsoft.windows.sdk.buildtools.msix\1.7.20250829.1\build\Microsoft.Windows.SDK.BuildTools.MSIX.Pri.targets(458,5): message :     ") C:\Users\tuoza\.nuget\packages\microsoft.windows.sdk.buildtools.msix\1.7.20250829.1\build\Microsoft.Windows.SDK.BuildTools.MSIX.Pri.targets (458,5)
       C:\Users\tuoza\.nuget\packages\microsoft.windows.sdk.buildtools.msix\1.7.20250829.1\build\Microsoft.Windows.SDK.BuildTools.MSIX.MrtCore.PriExpansion.targets(16,5): message : プロパティの再代入: $(GetCopyToOutputDirectoryItemsDependsOn)="
       C:\Users\tuoza\.nuget\packages\microsoft.windows.sdk.buildtools.msix\1.7.20250829.1\build\Microsoft.Windows.SDK.BuildTools.MSIX.MrtCore.PriExpansion.targets(16,5): message :       ResolveProjectReferences;
       C:\Users\tuoza\.nuget\packages\microsoft.windows.sdk.buildtools.msix\1.7.20250829.1\build\Microsoft.Windows.SDK.BuildTools.MSIX.MrtCore.PriExpansion.targets(16,5): message :       
       C:\Users\tuoza\.nuget\packages\microsoft.windows.sdk.buildtools.msix\1.7.20250829.1\build\Microsoft.Windows.SDK.BuildTools.MSIX.MrtCore.PriExpansion.targets(16,5): message :       GetPriOutputs;
       C:\Users\tuoza\.nuget\packages\microsoft.windows.sdk.buildtools.msix\1.7.20250829.1\build\Microsoft.Windows.SDK.BuildTools.MSIX.MrtCore.PriExpansion.targets(16,5): message :       
       C:\Users\tuoza\.nuget\packages\microsoft.windows.sdk.buildtools.msix\1.7.20250829.1\build\Microsoft.Windows.SDK.BuildTools.MSIX.MrtCore.PriExpansion.targets(16,5): message :       AssignTargetPaths;
       C:\Users\tuoza\.nuget\packages\microsoft.windows.sdk.buildtools.msix\1.7.20250829.1\build\Microsoft.Windows.SDK.BuildTools.MSIX.MrtCore.PriExpansion.targets(16,5): message :       
       C:\Users\tuoza\.nuget\packages\microsoft.windows.sdk.buildtools.msix\1.7.20250829.1\build\Microsoft.Windows.SDK.BuildTools.MSIX.MrtCore.PriExpansion.targets(16,5): message :       AssignProjectConfiguration;
       C:\Users\tuoza\.nuget\packages\microsoft.windows.sdk.buildtools.msix\1.7.20250829.1\build\Microsoft.Windows.SDK.BuildTools.MSIX.MrtCore.PriExpansion.targets(16,5): message :       _SplitProjectReferencesByFileExistence
       C:\Users\tuoza\.nuget\packages\microsoft.windows.sdk.buildtools.msix\1.7.20250829.1\build\Microsoft.Windows.SDK.BuildTools.MSIX.MrtCore.PriExpansion.targets(16,5): message :     ;
       C:\Users\tuoza\.nuget\packages\microsoft.windows.sdk.buildtools.msix\1.7.20250829.1\build\Microsoft.Windows.SDK.BuildTools.MSIX.MrtCore.PriExpansion.targets(16,5): message :       _GetProjectReferenceTargetFrameworkProperties;
       C:\Users\tuoza\.nuget\packages\microsoft.windows.sdk.buildtools.msix\1.7.20250829.1\build\Microsoft.Windows.SDK.BuildTools.MSIX.MrtCore.PriExpansion.targets(16,5): message :       _PopulateCommonStateForGetCopyToOutputDirectoryItems
       C:\Users\tuoza\.nuget\packages\microsoft.windows.sdk.buildtools.msix\1.7.20250829.1\build\Microsoft.Windows.SDK.BuildTools.MSIX.MrtCore.PriExpansion.targets(16,5): message :     ;
       C:\Users\tuoza\.nuget\packages\microsoft.windows.sdk.buildtools.msix\1.7.20250829.1\build\Microsoft.Windows.SDK.BuildTools.MSIX.MrtCore.PriExpansion.targets(16,5): message :     ;
       C:\Users\tuoza\.nuget\packages\microsoft.windows.sdk.buildtools.msix\1.7.20250829.1\build\Microsoft.Windows.SDK.BuildTools.MSIX.MrtCore.PriExpansion.targets(16,5): message :       _SetPortablePriProperties;
       C:\Users\tuoza\.nuget\packages\microsoft.windows.sdk.buildtools.msix\1.7.20250829.1\build\Microsoft.Windows.SDK.BuildTools.MSIX.MrtCore.PriExpansion.targets(16,5): message :       AddPriPayloadFilesToCopyToOutputDirectoryItems
       C:\Users\tuoza\.nuget\packages\microsoft.windows.sdk.buildtools.msix\1.7.20250829.1\build\Microsoft.Windows.SDK.BuildTools.MSIX.MrtCore.PriExpansion.targets(16,5): message :     " (以前の値: "
       C:\Users\tuoza\.nuget\packages\microsoft.windows.sdk.buildtools.msix\1.7.20250829.1\build\Microsoft.Windows.SDK.BuildTools.MSIX.MrtCore.PriExpansion.targets(16,5): message :       GetPriOutputs;
       C:\Users\tuoza\.nuget\packages\microsoft.windows.sdk.buildtools.msix\1.7.20250829.1\build\Microsoft.Windows.SDK.BuildTools.MSIX.MrtCore.PriExpansion.targets(16,5): message :       
       C:\Users\tuoza\.nuget\packages\microsoft.windows.sdk.buildtools.msix\1.7.20250829.1\build\Microsoft.Windows.SDK.BuildTools.MSIX.MrtCore.PriExpansion.targets(16,5): message :       AssignTargetPaths;
       C:\Users\tuoza\.nuget\packages\microsoft.windows.sdk.buildtools.msix\1.7.20250829.1\build\Microsoft.Windows.SDK.BuildTools.MSIX.MrtCore.PriExpansion.targets(16,5): message :       
       C:\Users\tuoza\.nuget\packages\microsoft.windows.sdk.buildtools.msix\1.7.20250829.1\build\Microsoft.Windows.SDK.BuildTools.MSIX.MrtCore.PriExpansion.targets(16,5): message :       AssignProjectConfiguration;
       C:\Users\tuoza\.nuget\packages\microsoft.windows.sdk.buildtools.msix\1.7.20250829.1\build\Microsoft.Windows.SDK.BuildTools.MSIX.MrtCore.PriExpansion.targets(16,5): message :       _SplitProjectReferencesByFileExistence
       C:\Users\tuoza\.nuget\packages\microsoft.windows.sdk.buildtools.msix\1.7.20250829.1\build\Microsoft.Windows.SDK.BuildTools.MSIX.MrtCore.PriExpansion.targets(16,5): message :     ;
       C:\Users\tuoza\.nuget\packages\microsoft.windows.sdk.buildtools.msix\1.7.20250829.1\build\Microsoft.Windows.SDK.BuildTools.MSIX.MrtCore.PriExpansion.targets(16,5): message :       _GetProjectReferenceTargetFrameworkProperties;
       C:\Users\tuoza\.nuget\packages\microsoft.windows.sdk.buildtools.msix\1.7.20250829.1\build\Microsoft.Windows.SDK.BuildTools.MSIX.MrtCore.PriExpansion.targets(16,5): message :       _PopulateCommonStateForGetCopyToOutputDirectoryItems
       C:\Users\tuoza\.nuget\packages\microsoft.windows.sdk.buildtools.msix\1.7.20250829.1\build\Microsoft.Windows.SDK.BuildTools.MSIX.MrtCore.PriExpansion.targets(16,5): message :     ;
       C:\Users\tuoza\.nuget\packages\microsoft.windows.sdk.buildtools.msix\1.7.20250829.1\build\Microsoft.Windows.SDK.BuildTools.MSIX.MrtCore.PriExpansion.targets(16,5): message :     ") C:\Users\tuoza\.nuget\packages\microsoft.windows.sdk.buildtools.msix\1.7.20250829.1\build\Microsoft.Windows.SDK.BuildTools.MSIX.MrtCore.PriExpansion.targets (16,5)
       C:\Users\tuoza\.nuget\packages\microsoft.windowsappsdk.base\1.8.251216001\buildTransitive\Microsoft.WindowsAppSDK.Base.targets(29,9): message : プロパティの再代入: $(ResolveReferencesDependsOn)="
       C:\Users\tuoza\.nuget\packages\microsoft.windowsappsdk.base\1.8.251216001\buildTransitive\Microsoft.WindowsAppSDK.Base.targets(29,9): message :             
       C:\Users\tuoza\.nuget\packages\microsoft.windowsappsdk.base\1.8.251216001\buildTransitive\Microsoft.WindowsAppSDK.Base.targets(29,9): message :       BeforeResolveReferences;
       C:\Users\tuoza\.nuget\packages\microsoft.windowsappsdk.base\1.8.251216001\buildTransitive\Microsoft.WindowsAppSDK.Base.targets(29,9): message :       AssignProjectConfiguration;
       C:\Users\tuoza\.nuget\packages\microsoft.windowsappsdk.base\1.8.251216001\buildTransitive\Microsoft.WindowsAppSDK.Base.targets(29,9): message :       ResolveProjectReferences;
       C:\Users\tuoza\.nuget\packages\microsoft.windowsappsdk.base\1.8.251216001\buildTransitive\Microsoft.WindowsAppSDK.Base.targets(29,9): message :       FindInvalidProjectReferences;
       C:\Users\tuoza\.nuget\packages\microsoft.windowsappsdk.base\1.8.251216001\buildTransitive\Microsoft.WindowsAppSDK.Base.targets(29,9): message :       ResolveNativeReferences;
       C:\Users\tuoza\.nuget\packages\microsoft.windowsappsdk.base\1.8.251216001\buildTransitive\Microsoft.WindowsAppSDK.Base.targets(29,9): message :       ResolveAssemblyReferences;
       C:\Users\tuoza\.nuget\packages\microsoft.windowsappsdk.base\1.8.251216001\buildTransitive\Microsoft.WindowsAppSDK.Base.targets(29,9): message :       GenerateBindingRedirects;
       C:\Users\tuoza\.nuget\packages\microsoft.windowsappsdk.base\1.8.251216001\buildTransitive\Microsoft.WindowsAppSDK.Base.targets(29,9): message :       GenerateBindingRedirectsUpdateAppConfig;
       C:\Users\tuoza\.nuget\packages\microsoft.windowsappsdk.base\1.8.251216001\buildTransitive\Microsoft.WindowsAppSDK.Base.targets(29,9): message :       ResolveComReferences;
       C:\Users\tuoza\.nuget\packages\microsoft.windowsappsdk.base\1.8.251216001\buildTransitive\Microsoft.WindowsAppSDK.Base.targets(29,9): message :       AfterResolveReferences
       C:\Users\tuoza\.nuget\packages\microsoft.windowsappsdk.base\1.8.251216001\buildTransitive\Microsoft.WindowsAppSDK.Base.targets(29,9): message :     ;WindowsAppSDKVerifyCsWinRtVersions
       C:\Users\tuoza\.nuget\packages\microsoft.windowsappsdk.base\1.8.251216001\buildTransitive\Microsoft.WindowsAppSDK.Base.targets(29,9): message :         " (以前の値: "
       C:\Users\tuoza\.nuget\packages\microsoft.windowsappsdk.base\1.8.251216001\buildTransitive\Microsoft.WindowsAppSDK.Base.targets(29,9): message :       BeforeResolveReferences;
       C:\Users\tuoza\.nuget\packages\microsoft.windowsappsdk.base\1.8.251216001\buildTransitive\Microsoft.WindowsAppSDK.Base.targets(29,9): message :       AssignProjectConfiguration;
       C:\Users\tuoza\.nuget\packages\microsoft.windowsappsdk.base\1.8.251216001\buildTransitive\Microsoft.WindowsAppSDK.Base.targets(29,9): message :       ResolveProjectReferences;
       C:\Users\tuoza\.nuget\packages\microsoft.windowsappsdk.base\1.8.251216001\buildTransitive\Microsoft.WindowsAppSDK.Base.targets(29,9): message :       FindInvalidProjectReferences;
       C:\Users\tuoza\.nuget\packages\microsoft.windowsappsdk.base\1.8.251216001\buildTransitive\Microsoft.WindowsAppSDK.Base.targets(29,9): message :       ResolveNativeReferences;
       C:\Users\tuoza\.nuget\packages\microsoft.windowsappsdk.base\1.8.251216001\buildTransitive\Microsoft.WindowsAppSDK.Base.targets(29,9): message :       ResolveAssemblyReferences;
       C:\Users\tuoza\.nuget\packages\microsoft.windowsappsdk.base\1.8.251216001\buildTransitive\Microsoft.WindowsAppSDK.Base.targets(29,9): message :       GenerateBindingRedirects;
       C:\Users\tuoza\.nuget\packages\microsoft.windowsappsdk.base\1.8.251216001\buildTransitive\Microsoft.WindowsAppSDK.Base.targets(29,9): message :       GenerateBindingRedirectsUpdateAppConfig;
       C:\Users\tuoza\.nuget\packages\microsoft.windowsappsdk.base\1.8.251216001\buildTransitive\Microsoft.WindowsAppSDK.Base.targets(29,9): message :       ResolveComReferences;
       C:\Users\tuoza\.nuget\packages\microsoft.windowsappsdk.base\1.8.251216001\buildTransitive\Microsoft.WindowsAppSDK.Base.targets(29,9): message :       AfterResolveReferences
       C:\Users\tuoza\.nuget\packages\microsoft.windowsappsdk.base\1.8.251216001\buildTransitive\Microsoft.WindowsAppSDK.Base.targets(29,9): message :     ") C:\Users\tuoza\.nuget\packages\microsoft.windowsappsdk.base\1.8.251216001\buildTransitive\Microsoft.WindowsAppSDK.Base.targets (29,9)
       C:\Users\tuoza\.nuget\packages\microsoft.windowsappsdk.foundation\1.8.260803002\buildTransitive\Microsoft.WindowsAppSDK.Bootstrap.CS.targets(11,9): message : プロパティの再代入: $(DefineConstants)="TRACE;MICROSOFT_WINDOWSAPPSDK_BOOTSTRAP_AUTO_INITIALIZE" (以前の値: "TRACE") C:\Users\tuoza\.nuget\packages\microsoft.windowsappsdk.foundation\1.8.260803002\buildTransitive\Microsoft.WindowsAppSDK.Bootstrap.CS.targets (11,9)
       C:\Users\tuoza\.nuget\packages\microsoft.windowsappsdk.foundation\1.8.260803002\buildTransitive\Microsoft.WindowsAppSDK.AutoInitializer.CS.targets(6,7): message : プロパティの再代入: $(DefineConstants)="TRACE;MICROSOFT_WINDOWSAPPSDK_BOOTSTRAP_AUTO_INITIALIZE;MICROSOFT_WINDOWSAPPSDK_AUTOINITIALIZE_BOOTSTRAP" (以前の値: "TRACE;MICROSOFT_WINDOWSAPPSDK_BOOTSTRAP_AUTO_INITIALIZE") C:\Users\tuoza\.nuget\packages\microsoft.windowsappsdk.foundation\1.8.260803002\buildTransitive\Microsoft.WindowsAppSDK.AutoInitializer.CS.targets (6,7)
       C:\Users\tuoza\.nuget\packages\microsoft.windowsappsdk.winui\1.8.260803003\buildTransitive\Microsoft.WinUI.AppX.targets(7,5): message : プロパティの再代入: $(MSBuildWarningsAsMessages)="
       C:\Users\tuoza\.nuget\packages\microsoft.windowsappsdk.winui\1.8.260803003\buildTransitive\Microsoft.WinUI.AppX.targets(7,5): message :        ;1701;1702;NU1701;
       C:\Users\tuoza\.nuget\packages\microsoft.windowsappsdk.winui\1.8.260803003\buildTransitive\Microsoft.WinUI.AppX.targets(7,5): message : 
       C:\Users\tuoza\.nuget\packages\microsoft.windowsappsdk.winui\1.8.260803003\buildTransitive\Microsoft.WinUI.AppX.targets(7,5): message :        
       C:\Users\tuoza\.nuget\packages\microsoft.windowsappsdk.winui\1.8.260803003\buildTransitive\Microsoft.WinUI.AppX.targets(7,5): message :        APPX1707;
       C:\Users\tuoza\.nuget\packages\microsoft.windowsappsdk.winui\1.8.260803003\buildTransitive\Microsoft.WinUI.AppX.targets(7,5): message :     " (以前の値: ";1701;1702;NU1701") C:\Users\tuoza\.nuget\packages\microsoft.windowsappsdk.winui\1.8.260803003\buildTransitive\Microsoft.WinUI.AppX.targets (7,5)
       C:\Users\tuoza\.nuget\packages\microsoft.windowsappsdk.winui\1.8.260803003\buildTransitive\Microsoft.WinUI.AppX.targets(29,5): message : プロパティの再代入: $(MSBuildWarningsAsMessages)="
       C:\Users\tuoza\.nuget\packages\microsoft.windowsappsdk.winui\1.8.260803003\buildTransitive\Microsoft.WinUI.AppX.targets(29,5): message :       
       C:\Users\tuoza\.nuget\packages\microsoft.windowsappsdk.winui\1.8.260803003\buildTransitive\Microsoft.WinUI.AppX.targets(29,5): message :        ;1701;1702;NU1701;
       C:\Users\tuoza\.nuget\packages\microsoft.windowsappsdk.winui\1.8.260803003\buildTransitive\Microsoft.WinUI.AppX.targets(29,5): message : 
       C:\Users\tuoza\.nuget\packages\microsoft.windowsappsdk.winui\1.8.260803003\buildTransitive\Microsoft.WinUI.AppX.targets(29,5): message :        
       C:\Users\tuoza\.nuget\packages\microsoft.windowsappsdk.winui\1.8.260803003\buildTransitive\Microsoft.WinUI.AppX.targets(29,5): message :        APPX1707;
       C:\Users\tuoza\.nuget\packages\microsoft.windowsappsdk.winui\1.8.260803003\buildTransitive\Microsoft.WinUI.AppX.targets(29,5): message :     ;
       C:\Users\tuoza\.nuget\packages\microsoft.windowsappsdk.winui\1.8.260803003\buildTransitive\Microsoft.WinUI.AppX.targets(29,5): message :       MSB3842;
       C:\Users\tuoza\.nuget\packages\microsoft.windowsappsdk.winui\1.8.260803003\buildTransitive\Microsoft.WinUI.AppX.targets(29,5): message :       MSB3843;
       C:\Users\tuoza\.nuget\packages\microsoft.windowsappsdk.winui\1.8.260803003\buildTransitive\Microsoft.WinUI.AppX.targets(29,5): message :     " (以前の値: "
       C:\Users\tuoza\.nuget\packages\microsoft.windowsappsdk.winui\1.8.260803003\buildTransitive\Microsoft.WinUI.AppX.targets(29,5): message :        ;1701;1702;NU1701;
       C:\Users\tuoza\.nuget\packages\microsoft.windowsappsdk.winui\1.8.260803003\buildTransitive\Microsoft.WinUI.AppX.targets(29,5): message : 
       C:\Users\tuoza\.nuget\packages\microsoft.windowsappsdk.winui\1.8.260803003\buildTransitive\Microsoft.WinUI.AppX.targets(29,5): message :        
       C:\Users\tuoza\.nuget\packages\microsoft.windowsappsdk.winui\1.8.260803003\buildTransitive\Microsoft.WinUI.AppX.targets(29,5): message :        APPX1707;
       C:\Users\tuoza\.nuget\packages\microsoft.windowsappsdk.winui\1.8.260803003\buildTransitive\Microsoft.WinUI.AppX.targets(29,5): message :     ") C:\Users\tuoza\.nuget\packages\microsoft.windowsappsdk.winui\1.8.260803003\buildTransitive\Microsoft.WinUI.AppX.targets (29,5)
       C:\Users\tuoza\.nuget\packages\microsoft.windowsappsdk.winui\1.8.260803003\buildTransitive\Microsoft.WinUI.AppX.targets(44,5): message : プロパティの再代入: $(SDKIdentifier)="Windows" (以前の値: "UAP") C:\Users\tuoza\.nuget\packages\microsoft.windowsappsdk.winui\1.8.260803003\buildTransitive\Microsoft.WinUI.AppX.targets (44,5)
       C:\Users\tuoza\.nuget\packages\microsoft.windowsappsdk.winui\1.8.260803003\buildTransitive\Microsoft.UI.Xaml.Markup.Compiler.interop.targets(152,9): message : プロパティの再代入: $(PrepareResourcesDependsOn)="
       C:\Users\tuoza\.nuget\packages\microsoft.windowsappsdk.winui\1.8.260803003\buildTransitive\Microsoft.UI.Xaml.Markup.Compiler.interop.targets(152,9): message :             ResolveKeySource;
       C:\Users\tuoza\.nuget\packages\microsoft.windowsappsdk.winui\1.8.260803003\buildTransitive\Microsoft.UI.Xaml.Markup.Compiler.interop.targets(152,9): message :             AddImplicitDefineConstants;
       C:\Users\tuoza\.nuget\packages\microsoft.windowsappsdk.winui\1.8.260803003\buildTransitive\Microsoft.UI.Xaml.Markup.Compiler.interop.targets(152,9): message :             MarkupCompilePass1;
       C:\Users\tuoza\.nuget\packages\microsoft.windowsappsdk.winui\1.8.260803003\buildTransitive\Microsoft.UI.Xaml.Markup.Compiler.interop.targets(152,9): message :             XamlPreCompile;
       C:\Users\tuoza\.nuget\packages\microsoft.windowsappsdk.winui\1.8.260803003\buildTransitive\Microsoft.UI.Xaml.Markup.Compiler.interop.targets(152,9): message :             MarkupCompilePass2;
       C:\Users\tuoza\.nuget\packages\microsoft.windowsappsdk.winui\1.8.260803003\buildTransitive\Microsoft.UI.Xaml.Markup.Compiler.interop.targets(152,9): message :             
       C:\Users\tuoza\.nuget\packages\microsoft.windowsappsdk.winui\1.8.260803003\buildTransitive\Microsoft.UI.Xaml.Markup.Compiler.interop.targets(152,9): message :       ;
       C:\Users\tuoza\.nuget\packages\microsoft.windowsappsdk.winui\1.8.260803003\buildTransitive\Microsoft.UI.Xaml.Markup.Compiler.interop.targets(152,9): message :       PrepareResourceNames;
       C:\Users\tuoza\.nuget\packages\microsoft.windowsappsdk.winui\1.8.260803003\buildTransitive\Microsoft.UI.Xaml.Markup.Compiler.interop.targets(152,9): message :       ResGen;
       C:\Users\tuoza\.nuget\packages\microsoft.windowsappsdk.winui\1.8.260803003\buildTransitive\Microsoft.UI.Xaml.Markup.Compiler.interop.targets(152,9): message :       CompileLicxFiles
       C:\Users\tuoza\.nuget\packages\microsoft.windowsappsdk.winui\1.8.260803003\buildTransitive\Microsoft.UI.Xaml.Markup.Compiler.interop.targets(152,9): message :     
       C:\Users\tuoza\.nuget\packages\microsoft.windowsappsdk.winui\1.8.260803003\buildTransitive\Microsoft.UI.Xaml.Markup.Compiler.interop.targets(152,9): message :         " (以前の値: "
       C:\Users\tuoza\.nuget\packages\microsoft.windowsappsdk.winui\1.8.260803003\buildTransitive\Microsoft.UI.Xaml.Markup.Compiler.interop.targets(152,9): message :       ;
       C:\Users\tuoza\.nuget\packages\microsoft.windowsappsdk.winui\1.8.260803003\buildTransitive\Microsoft.UI.Xaml.Markup.Compiler.interop.targets(152,9): message :       PrepareResourceNames;
       C:\Users\tuoza\.nuget\packages\microsoft.windowsappsdk.winui\1.8.260803003\buildTransitive\Microsoft.UI.Xaml.Markup.Compiler.interop.targets(152,9): message :       ResGen;
       C:\Users\tuoza\.nuget\packages\microsoft.windowsappsdk.winui\1.8.260803003\buildTransitive\Microsoft.UI.Xaml.Markup.Compiler.interop.targets(152,9): message :       CompileLicxFiles
       C:\Users\tuoza\.nuget\packages\microsoft.windowsappsdk.winui\1.8.260803003\buildTransitive\Microsoft.UI.Xaml.Markup.Compiler.interop.targets(152,9): message :     ") C:\Users\tuoza\.nuget\packages\microsoft.windowsappsdk.winui\1.8.260803003\buildTransitive\Microsoft.UI.Xaml.Markup.Compiler.interop.targets (152,9)
       C:\Users\tuoza\.nuget\packages\microsoft.windowsappsdk.winui\1.8.260803003\buildTransitive\Microsoft.UI.Xaml.Markup.Compiler.interop.targets(1031,9): message : プロパティの再代入: $(ResolveReferencesDependsOn)="
       C:\Users\tuoza\.nuget\packages\microsoft.windowsappsdk.winui\1.8.260803003\buildTransitive\Microsoft.UI.Xaml.Markup.Compiler.interop.targets(1031,9): message :             
       C:\Users\tuoza\.nuget\packages\microsoft.windowsappsdk.winui\1.8.260803003\buildTransitive\Microsoft.UI.Xaml.Markup.Compiler.interop.targets(1031,9): message :             
       C:\Users\tuoza\.nuget\packages\microsoft.windowsappsdk.winui\1.8.260803003\buildTransitive\Microsoft.UI.Xaml.Markup.Compiler.interop.targets(1031,9): message :       BeforeResolveReferences;
       C:\Users\tuoza\.nuget\packages\microsoft.windowsappsdk.winui\1.8.260803003\buildTransitive\Microsoft.UI.Xaml.Markup.Compiler.interop.targets(1031,9): message :       AssignProjectConfiguration;
       C:\Users\tuoza\.nuget\packages\microsoft.windowsappsdk.winui\1.8.260803003\buildTransitive\Microsoft.UI.Xaml.Markup.Compiler.interop.targets(1031,9): message :       ResolveProjectReferences;
       C:\Users\tuoza\.nuget\packages\microsoft.windowsappsdk.winui\1.8.260803003\buildTransitive\Microsoft.UI.Xaml.Markup.Compiler.interop.targets(1031,9): message :       FindInvalidProjectReferences;
       C:\Users\tuoza\.nuget\packages\microsoft.windowsappsdk.winui\1.8.260803003\buildTransitive\Microsoft.UI.Xaml.Markup.Compiler.interop.targets(1031,9): message :       ResolveNativeReferences;
       C:\Users\tuoza\.nuget\packages\microsoft.windowsappsdk.winui\1.8.260803003\buildTransitive\Microsoft.UI.Xaml.Markup.Compiler.interop.targets(1031,9): message :       ResolveAssemblyReferences;
       C:\Users\tuoza\.nuget\packages\microsoft.windowsappsdk.winui\1.8.260803003\buildTransitive\Microsoft.UI.Xaml.Markup.Compiler.interop.targets(1031,9): message :       GenerateBindingRedirects;
       C:\Users\tuoza\.nuget\packages\microsoft.windowsappsdk.winui\1.8.260803003\buildTransitive\Microsoft.UI.Xaml.Markup.Compiler.interop.targets(1031,9): message :       GenerateBindingRedirectsUpdateAppConfig;
       C:\Users\tuoza\.nuget\packages\microsoft.windowsappsdk.winui\1.8.260803003\buildTransitive\Microsoft.UI.Xaml.Markup.Compiler.interop.targets(1031,9): message :       ResolveComReferences;
       C:\Users\tuoza\.nuget\packages\microsoft.windowsappsdk.winui\1.8.260803003\buildTransitive\Microsoft.UI.Xaml.Markup.Compiler.interop.targets(1031,9): message :       AfterResolveReferences
       C:\Users\tuoza\.nuget\packages\microsoft.windowsappsdk.winui\1.8.260803003\buildTransitive\Microsoft.UI.Xaml.Markup.Compiler.interop.targets(1031,9): message :     ;WindowsAppSDKVerifyCsWinRtVersions
       C:\Users\tuoza\.nuget\packages\microsoft.windowsappsdk.winui\1.8.260803003\buildTransitive\Microsoft.UI.Xaml.Markup.Compiler.interop.targets(1031,9): message :         ;
       C:\Users\tuoza\.nuget\packages\microsoft.windowsappsdk.winui\1.8.260803003\buildTransitive\Microsoft.UI.Xaml.Markup.Compiler.interop.targets(1031,9): message :             ImplicitlyExpandTargetFramework;
       C:\Users\tuoza\.nuget\packages\microsoft.windowsappsdk.winui\1.8.260803003\buildTransitive\Microsoft.UI.Xaml.Markup.Compiler.interop.targets(1031,9): message :             ImplicitlyExpandTargetPlatform
       C:\Users\tuoza\.nuget\packages\microsoft.windowsappsdk.winui\1.8.260803003\buildTransitive\Microsoft.UI.Xaml.Markup.Compiler.interop.targets(1031,9): message :         " (以前の値: "
       C:\Users\tuoza\.nuget\packages\microsoft.windowsappsdk.winui\1.8.260803003\buildTransitive\Microsoft.UI.Xaml.Markup.Compiler.interop.targets(1031,9): message :             
       C:\Users\tuoza\.nuget\packages\microsoft.windowsappsdk.winui\1.8.260803003\buildTransitive\Microsoft.UI.Xaml.Markup.Compiler.interop.targets(1031,9): message :       BeforeResolveReferences;
       C:\Users\tuoza\.nuget\packages\microsoft.windowsappsdk.winui\1.8.260803003\buildTransitive\Microsoft.UI.Xaml.Markup.Compiler.interop.targets(1031,9): message :       AssignProjectConfiguration;
       C:\Users\tuoza\.nuget\packages\microsoft.windowsappsdk.winui\1.8.260803003\buildTransitive\Microsoft.UI.Xaml.Markup.Compiler.interop.targets(1031,9): message :       ResolveProjectReferences;
       C:\Users\tuoza\.nuget\packages\microsoft.windowsappsdk.winui\1.8.260803003\buildTransitive\Microsoft.UI.Xaml.Markup.Compiler.interop.targets(1031,9): message :       FindInvalidProjectReferences;
       C:\Users\tuoza\.nuget\packages\microsoft.windowsappsdk.winui\1.8.260803003\buildTransitive\Microsoft.UI.Xaml.Markup.Compiler.interop.targets(1031,9): message :       ResolveNativeReferences;
       C:\Users\tuoza\.nuget\packages\microsoft.windowsappsdk.winui\1.8.260803003\buildTransitive\Microsoft.UI.Xaml.Markup.Compiler.interop.targets(1031,9): message :       ResolveAssemblyReferences;
       C:\Users\tuoza\.nuget\packages\microsoft.windowsappsdk.winui\1.8.260803003\buildTransitive\Microsoft.UI.Xaml.Markup.Compiler.interop.targets(1031,9): message :       GenerateBindingRedirects;
       C:\Users\tuoza\.nuget\packages\microsoft.windowsappsdk.winui\1.8.260803003\buildTransitive\Microsoft.UI.Xaml.Markup.Compiler.interop.targets(1031,9): message :       GenerateBindingRedirectsUpdateAppConfig;
       C:\Users\tuoza\.nuget\packages\microsoft.windowsappsdk.winui\1.8.260803003\buildTransitive\Microsoft.UI.Xaml.Markup.Compiler.interop.targets(1031,9): message :       ResolveComReferences;
       C:\Users\tuoza\.nuget\packages\microsoft.windowsappsdk.winui\1.8.260803003\buildTransitive\Microsoft.UI.Xaml.Markup.Compiler.interop.targets(1031,9): message :       AfterResolveReferences
       C:\Users\tuoza\.nuget\packages\microsoft.windowsappsdk.winui\1.8.260803003\buildTransitive\Microsoft.UI.Xaml.Markup.Compiler.interop.targets(1031,9): message :     ;WindowsAppSDKVerifyCsWinRtVersions
       C:\Users\tuoza\.nuget\packages\microsoft.windowsappsdk.winui\1.8.260803003\buildTransitive\Microsoft.UI.Xaml.Markup.Compiler.interop.targets(1031,9): message :         ") C:\Users\tuoza\.nuget\packages\microsoft.windowsappsdk.winui\1.8.260803003\buildTransitive\Microsoft.UI.Xaml.Markup.Compiler.interop.targets (1031,9)
       C:\Program Files\dotnet\sdk\10.0.301\Sdks\Microsoft.NET.Sdk\targets\Microsoft.PackageDependencyResolution.targets(29,5): message : プロパティの再代入: $(ProjectAssetsCacheFile)="C:\Users\tuoza\source\repos\Archivio\Archivio\obj\x64\Debug\net10.0-windows10.0.19041.0\win-x64\Archivio.assets.cache" (以前の値: "obj\x64\Debug\net10.0-windows10.0.19041.0\win-x64\Archivio.assets.cache") C:\Program Files\dotnet\sdk\10.0.301\Sdks\Microsoft.NET.Sdk\targets\Microsoft.PackageDependencyResolution.targets (29,5)
       C:\Program Files\dotnet\sdk\10.0.301\Sdks\Microsoft.NET.Sdk\targets\Microsoft.PackageDependencyResolution.targets(80,5): message : プロパティの再代入: $(ResolveAssemblyReferencesDependsOn)="
       C:\Program Files\dotnet\sdk\10.0.301\Sdks\Microsoft.NET.Sdk\targets\Microsoft.PackageDependencyResolution.targets(80,5): message :       
       C:\Program Files\dotnet\sdk\10.0.301\Sdks\Microsoft.NET.Sdk\targets\Microsoft.PackageDependencyResolution.targets(80,5): message :       ResolveProjectReferences;
       C:\Program Files\dotnet\sdk\10.0.301\Sdks\Microsoft.NET.Sdk\targets\Microsoft.PackageDependencyResolution.targets(80,5): message :       FindInvalidProjectReferences;
       C:\Program Files\dotnet\sdk\10.0.301\Sdks\Microsoft.NET.Sdk\targets\Microsoft.PackageDependencyResolution.targets(80,5): message :       GetFrameworkPaths;
       C:\Program Files\dotnet\sdk\10.0.301\Sdks\Microsoft.NET.Sdk\targets\Microsoft.PackageDependencyResolution.targets(80,5): message :       GetReferenceAssemblyPaths;
       C:\Program Files\dotnet\sdk\10.0.301\Sdks\Microsoft.NET.Sdk\targets\Microsoft.PackageDependencyResolution.targets(80,5): message :       PrepareForBuild;
       C:\Program Files\dotnet\sdk\10.0.301\Sdks\Microsoft.NET.Sdk\targets\Microsoft.PackageDependencyResolution.targets(80,5): message :       ResolveSDKReferences;
       C:\Program Files\dotnet\sdk\10.0.301\Sdks\Microsoft.NET.Sdk\targets\Microsoft.PackageDependencyResolution.targets(80,5): message :       ExpandSDKReferences;
       C:\Program Files\dotnet\sdk\10.0.301\Sdks\Microsoft.NET.Sdk\targets\Microsoft.PackageDependencyResolution.targets(80,5): message :     ;
       C:\Program Files\dotnet\sdk\10.0.301\Sdks\Microsoft.NET.Sdk\targets\Microsoft.PackageDependencyResolution.targets(80,5): message :       ResolvePackageDependenciesForBuild;
       C:\Program Files\dotnet\sdk\10.0.301\Sdks\Microsoft.NET.Sdk\targets\Microsoft.PackageDependencyResolution.targets(80,5): message :       _HandlePackageFileConflicts;
       C:\Program Files\dotnet\sdk\10.0.301\Sdks\Microsoft.NET.Sdk\targets\Microsoft.PackageDependencyResolution.targets(80,5): message :     " (以前の値: "
       C:\Program Files\dotnet\sdk\10.0.301\Sdks\Microsoft.NET.Sdk\targets\Microsoft.PackageDependencyResolution.targets(80,5): message :       ResolveProjectReferences;
       C:\Program Files\dotnet\sdk\10.0.301\Sdks\Microsoft.NET.Sdk\targets\Microsoft.PackageDependencyResolution.targets(80,5): message :       FindInvalidProjectReferences;
       C:\Program Files\dotnet\sdk\10.0.301\Sdks\Microsoft.NET.Sdk\targets\Microsoft.PackageDependencyResolution.targets(80,5): message :       GetFrameworkPaths;
       C:\Program Files\dotnet\sdk\10.0.301\Sdks\Microsoft.NET.Sdk\targets\Microsoft.PackageDependencyResolution.targets(80,5): message :       GetReferenceAssemblyPaths;
       C:\Program Files\dotnet\sdk\10.0.301\Sdks\Microsoft.NET.Sdk\targets\Microsoft.PackageDependencyResolution.targets(80,5): message :       PrepareForBuild;
       C:\Program Files\dotnet\sdk\10.0.301\Sdks\Microsoft.NET.Sdk\targets\Microsoft.PackageDependencyResolution.targets(80,5): message :       ResolveSDKReferences;
       C:\Program Files\dotnet\sdk\10.0.301\Sdks\Microsoft.NET.Sdk\targets\Microsoft.PackageDependencyResolution.targets(80,5): message :       ExpandSDKReferences;
       C:\Program Files\dotnet\sdk\10.0.301\Sdks\Microsoft.NET.Sdk\targets\Microsoft.PackageDependencyResolution.targets(80,5): message :     ") C:\Program Files\dotnet\sdk\10.0.301\Sdks\Microsoft.NET.Sdk\targets\Microsoft.PackageDependencyResolution.targets (80,5)
       C:\Program Files\dotnet\sdk\10.0.301\Sdks\Microsoft.NET.Sdk\targets\Microsoft.PackageDependencyResolution.targets(86,5): message : プロパティの再代入: $(PrepareResourcesDependsOn)="
       C:\Program Files\dotnet\sdk\10.0.301\Sdks\Microsoft.NET.Sdk\targets\Microsoft.PackageDependencyResolution.targets(86,5): message :       ResolvePackageDependenciesForBuild;
       C:\Program Files\dotnet\sdk\10.0.301\Sdks\Microsoft.NET.Sdk\targets\Microsoft.PackageDependencyResolution.targets(86,5): message :       _HandlePackageFileConflicts;
       C:\Program Files\dotnet\sdk\10.0.301\Sdks\Microsoft.NET.Sdk\targets\Microsoft.PackageDependencyResolution.targets(86,5): message :       
       C:\Program Files\dotnet\sdk\10.0.301\Sdks\Microsoft.NET.Sdk\targets\Microsoft.PackageDependencyResolution.targets(86,5): message :             ResolveKeySource;
       C:\Program Files\dotnet\sdk\10.0.301\Sdks\Microsoft.NET.Sdk\targets\Microsoft.PackageDependencyResolution.targets(86,5): message :             AddImplicitDefineConstants;
       C:\Program Files\dotnet\sdk\10.0.301\Sdks\Microsoft.NET.Sdk\targets\Microsoft.PackageDependencyResolution.targets(86,5): message :             MarkupCompilePass1;
       C:\Program Files\dotnet\sdk\10.0.301\Sdks\Microsoft.NET.Sdk\targets\Microsoft.PackageDependencyResolution.targets(86,5): message :             XamlPreCompile;
       C:\Program Files\dotnet\sdk\10.0.301\Sdks\Microsoft.NET.Sdk\targets\Microsoft.PackageDependencyResolution.targets(86,5): message :             MarkupCompilePass2;
       C:\Program Files\dotnet\sdk\10.0.301\Sdks\Microsoft.NET.Sdk\targets\Microsoft.PackageDependencyResolution.targets(86,5): message :             
       C:\Program Files\dotnet\sdk\10.0.301\Sdks\Microsoft.NET.Sdk\targets\Microsoft.PackageDependencyResolution.targets(86,5): message :       ;
       C:\Program Files\dotnet\sdk\10.0.301\Sdks\Microsoft.NET.Sdk\targets\Microsoft.PackageDependencyResolution.targets(86,5): message :       PrepareResourceNames;
       C:\Program Files\dotnet\sdk\10.0.301\Sdks\Microsoft.NET.Sdk\targets\Microsoft.PackageDependencyResolution.targets(86,5): message :       ResGen;
       C:\Program Files\dotnet\sdk\10.0.301\Sdks\Microsoft.NET.Sdk\targets\Microsoft.PackageDependencyResolution.targets(86,5): message :       CompileLicxFiles
       C:\Program Files\dotnet\sdk\10.0.301\Sdks\Microsoft.NET.Sdk\targets\Microsoft.PackageDependencyResolution.targets(86,5): message :     
       C:\Program Files\dotnet\sdk\10.0.301\Sdks\Microsoft.NET.Sdk\targets\Microsoft.PackageDependencyResolution.targets(86,5): message :         
       C:\Program Files\dotnet\sdk\10.0.301\Sdks\Microsoft.NET.Sdk\targets\Microsoft.PackageDependencyResolution.targets(86,5): message :     " (以前の値: "
       C:\Program Files\dotnet\sdk\10.0.301\Sdks\Microsoft.NET.Sdk\targets\Microsoft.PackageDependencyResolution.targets(86,5): message :             ResolveKeySource;
       C:\Program Files\dotnet\sdk\10.0.301\Sdks\Microsoft.NET.Sdk\targets\Microsoft.PackageDependencyResolution.targets(86,5): message :             AddImplicitDefineConstants;
       C:\Program Files\dotnet\sdk\10.0.301\Sdks\Microsoft.NET.Sdk\targets\Microsoft.PackageDependencyResolution.targets(86,5): message :             MarkupCompilePass1;
       C:\Program Files\dotnet\sdk\10.0.301\Sdks\Microsoft.NET.Sdk\targets\Microsoft.PackageDependencyResolution.targets(86,5): message :             XamlPreCompile;
       C:\Program Files\dotnet\sdk\10.0.301\Sdks\Microsoft.NET.Sdk\targets\Microsoft.PackageDependencyResolution.targets(86,5): message :             MarkupCompilePass2;
       C:\Program Files\dotnet\sdk\10.0.301\Sdks\Microsoft.NET.Sdk\targets\Microsoft.PackageDependencyResolution.targets(86,5): message :             
       C:\Program Files\dotnet\sdk\10.0.301\Sdks\Microsoft.NET.Sdk\targets\Microsoft.PackageDependencyResolution.targets(86,5): message :       ;
       C:\Program Files\dotnet\sdk\10.0.301\Sdks\Microsoft.NET.Sdk\targets\Microsoft.PackageDependencyResolution.targets(86,5): message :       PrepareResourceNames;
       C:\Program Files\dotnet\sdk\10.0.301\Sdks\Microsoft.NET.Sdk\targets\Microsoft.PackageDependencyResolution.targets(86,5): message :       ResGen;
       C:\Program Files\dotnet\sdk\10.0.301\Sdks\Microsoft.NET.Sdk\targets\Microsoft.PackageDependencyResolution.targets(86,5): message :       CompileLicxFiles
       C:\Program Files\dotnet\sdk\10.0.301\Sdks\Microsoft.NET.Sdk\targets\Microsoft.PackageDependencyResolution.targets(86,5): message :     
       C:\Program Files\dotnet\sdk\10.0.301\Sdks\Microsoft.NET.Sdk\targets\Microsoft.PackageDependencyResolution.targets(86,5): message :         ") C:\Program Files\dotnet\sdk\10.0.301\Sdks\Microsoft.NET.Sdk\targets\Microsoft.PackageDependencyResolution.targets (86,5)
       C:\Program Files\dotnet\sdk\10.0.301\Sdks\Microsoft.NET.Sdk\targets\Microsoft.NET.Sdk.DefaultItems.targets(35,5): message : プロパティの再代入: $(DefaultItemExcludes)=";bin\x64\Debug\/**;obj\x64\Debug\/**;bin\/**" (以前の値: ";bin\x64\Debug\/**;obj\x64\Debug\/**") C:\Program Files\dotnet\sdk\10.0.301\Sdks\Microsoft.NET.Sdk\targets\Microsoft.NET.Sdk.DefaultItems.targets (35,5)
       C:\Program Files\dotnet\sdk\10.0.301\Sdks\Microsoft.NET.Sdk\targets\Microsoft.NET.Sdk.DefaultItems.targets(37,5): message : プロパティの再代入: $(DefaultItemExcludes)=";bin\x64\Debug\/**;obj\x64\Debug\/**;bin\/**;obj\/**" (以前の値: ";bin\x64\Debug\/**;obj\x64\Debug\/**;bin\/**") C:\Program Files\dotnet\sdk\10.0.301\Sdks\Microsoft.NET.Sdk\targets\Microsoft.NET.Sdk.DefaultItems.targets (37,5)
       C:\Program Files\dotnet\sdk\10.0.301\Sdks\Microsoft.NET.Sdk\targets\Microsoft.NET.Sdk.DefaultItems.targets(41,5): message : プロパティの再代入: $(DefaultItemExcludes)=";bin\x64\Debug\/**;obj\x64\Debug\/**;bin\/**;obj\/**;bin\Debug\net10.0-windows10.0.19041.0\win-x64\publish\/**" (以前の値: ";bin\x64\Debug\/**;obj\x64\Debug\/**;bin\/**;obj\/**") C:\Program Files\dotnet\sdk\10.0.301\Sdks\Microsoft.NET.Sdk\targets\Microsoft.NET.Sdk.DefaultItems.targets (41,5)
       C:\Program Files\dotnet\sdk\10.0.301\Sdks\Microsoft.NET.Sdk\targets\Microsoft.NET.Sdk.DefaultItems.targets(44,5): message : プロパティの再代入: $(DefaultItemExcludes)=";bin\x64\Debug\/**;obj\x64\Debug\/**;bin\/**;obj\/**;bin\Debug\net10.0-windows10.0.19041.0\win-x64\publish\/**;**/*.user" (以前の値: ";bin\x64\Debug\/**;obj\x64\Debug\/**;bin\/**;obj\/**;bin\Debug\net10.0-windows10.0.19041.0\win-x64\publish\/**") C:\Program Files\dotnet\sdk\10.0.301\Sdks\Microsoft.NET.Sdk\targets\Microsoft.NET.Sdk.DefaultItems.targets (44,5)
       C:\Program Files\dotnet\sdk\10.0.301\Sdks\Microsoft.NET.Sdk\targets\Microsoft.NET.Sdk.DefaultItems.targets(45,5): message : プロパティの再代入: $(DefaultItemExcludes)=";bin\x64\Debug\/**;obj\x64\Debug\/**;bin\/**;obj\/**;bin\Debug\net10.0-windows10.0.19041.0\win-x64\publish\/**;**/*.user;**/*.*proj" (以前の値: ";bin\x64\Debug\/**;obj\x64\Debug\/**;bin\/**;obj\/**;bin\Debug\net10.0-windows10.0.19041.0\win-x64\publish\/**;**/*.user") C:\Program Files\dotnet\sdk\10.0.301\Sdks\Microsoft.NET.Sdk\targets\Microsoft.NET.Sdk.DefaultItems.targets (45,5)
       C:\Program Files\dotnet\sdk\10.0.301\Sdks\Microsoft.NET.Sdk\targets\Microsoft.NET.Sdk.DefaultItems.targets(46,5): message : プロパティの再代入: $(DefaultItemExcludes)=";bin\x64\Debug\/**;obj\x64\Debug\/**;bin\/**;obj\/**;bin\Debug\net10.0-windows10.0.19041.0\win-x64\publish\/**;**/*.user;**/*.*proj;**/*.sln" (以前の値: ";bin\x64\Debug\/**;obj\x64\Debug\/**;bin\/**;obj\/**;bin\Debug\net10.0-windows10.0.19041.0\win-x64\publish\/**;**/*.user;**/*.*proj") C:\Program Files\dotnet\sdk\10.0.301\Sdks\Microsoft.NET.Sdk\targets\Microsoft.NET.Sdk.DefaultItems.targets (46,5)
       C:\Program Files\dotnet\sdk\10.0.301\Sdks\Microsoft.NET.Sdk\targets\Microsoft.NET.Sdk.DefaultItems.targets(47,5): message : プロパティの再代入: $(DefaultItemExcludes)=";bin\x64\Debug\/**;obj\x64\Debug\/**;bin\/**;obj\/**;bin\Debug\net10.0-windows10.0.19041.0\win-x64\publish\/**;**/*.user;**/*.*proj;**/*.sln;**/*.slnx" (以前の値: ";bin\x64\Debug\/**;obj\x64\Debug\/**;bin\/**;obj\/**;bin\Debug\net10.0-windows10.0.19041.0\win-x64\publish\/**;**/*.user;**/*.*proj;**/*.sln") C:\Program Files\dotnet\sdk\10.0.301\Sdks\Microsoft.NET.Sdk\targets\Microsoft.NET.Sdk.DefaultItems.targets (47,5)
       C:\Program Files\dotnet\sdk\10.0.301\Sdks\Microsoft.NET.Sdk\targets\Microsoft.NET.Sdk.DefaultItems.targets(48,5): message : プロパティの再代入: $(DefaultItemExcludes)=";bin\x64\Debug\/**;obj\x64\Debug\/**;bin\/**;obj\/**;bin\Debug\net10.0-windows10.0.19041.0\win-x64\publish\/**;**/*.user;**/*.*proj;**/*.sln;**/*.slnx;**/*.vssscc" (以前の値: ";bin\x64\Debug\/**;obj\x64\Debug\/**;bin\/**;obj\/**;bin\Debug\net10.0-windows10.0.19041.0\win-x64\publish\/**;**/*.user;**/*.*proj;**/*.sln;**/*.slnx") C:\Program Files\dotnet\sdk\10.0.301\Sdks\Microsoft.NET.Sdk\targets\Microsoft.NET.Sdk.DefaultItems.targets (48,5)
       C:\Program Files\dotnet\sdk\10.0.301\Sdks\Microsoft.NET.Sdk\targets\Microsoft.NET.Sdk.DefaultItems.targets(49,5): message : プロパティの再代入: $(DefaultItemExcludes)=";bin\x64\Debug\/**;obj\x64\Debug\/**;bin\/**;obj\/**;bin\Debug\net10.0-windows10.0.19041.0\win-x64\publish\/**;**/*.user;**/*.*proj;**/*.sln;**/*.slnx;**/*.vssscc;**/.DS_Store" (以前の値: ";bin\x64\Debug\/**;obj\x64\Debug\/**;bin\/**;obj\/**;bin\Debug\net10.0-windows10.0.19041.0\win-x64\publish\/**;**/*.user;**/*.*proj;**/*.sln;**/*.slnx;**/*.vssscc") C:\Program Files\dotnet\sdk\10.0.301\Sdks\Microsoft.NET.Sdk\targets\Microsoft.NET.Sdk.DefaultItems.targets (49,5)
       C:\Program Files\dotnet\sdk\10.0.301\Sdks\Microsoft.NET.Sdk\targets\Microsoft.NET.Sdk.FrameworkReferenceResolution.targets(14,5): message : プロパティの再代入: $(ResolveAssemblyReferencesDependsOn)="
       C:\Program Files\dotnet\sdk\10.0.301\Sdks\Microsoft.NET.Sdk\targets\Microsoft.NET.Sdk.FrameworkReferenceResolution.targets(14,5): message :       
       C:\Program Files\dotnet\sdk\10.0.301\Sdks\Microsoft.NET.Sdk\targets\Microsoft.NET.Sdk.FrameworkReferenceResolution.targets(14,5): message :       
       C:\Program Files\dotnet\sdk\10.0.301\Sdks\Microsoft.NET.Sdk\targets\Microsoft.NET.Sdk.FrameworkReferenceResolution.targets(14,5): message :       ResolveProjectReferences;
       C:\Program Files\dotnet\sdk\10.0.301\Sdks\Microsoft.NET.Sdk\targets\Microsoft.NET.Sdk.FrameworkReferenceResolution.targets(14,5): message :       FindInvalidProjectReferences;
       C:\Program Files\dotnet\sdk\10.0.301\Sdks\Microsoft.NET.Sdk\targets\Microsoft.NET.Sdk.FrameworkReferenceResolution.targets(14,5): message :       GetFrameworkPaths;
       C:\Program Files\dotnet\sdk\10.0.301\Sdks\Microsoft.NET.Sdk\targets\Microsoft.NET.Sdk.FrameworkReferenceResolution.targets(14,5): message :       GetReferenceAssemblyPaths;
       C:\Program Files\dotnet\sdk\10.0.301\Sdks\Microsoft.NET.Sdk\targets\Microsoft.NET.Sdk.FrameworkReferenceResolution.targets(14,5): message :       PrepareForBuild;
       C:\Program Files\dotnet\sdk\10.0.301\Sdks\Microsoft.NET.Sdk\targets\Microsoft.NET.Sdk.FrameworkReferenceResolution.targets(14,5): message :       ResolveSDKReferences;
       C:\Program Files\dotnet\sdk\10.0.301\Sdks\Microsoft.NET.Sdk\targets\Microsoft.NET.Sdk.FrameworkReferenceResolution.targets(14,5): message :       ExpandSDKReferences;
       C:\Program Files\dotnet\sdk\10.0.301\Sdks\Microsoft.NET.Sdk\targets\Microsoft.NET.Sdk.FrameworkReferenceResolution.targets(14,5): message :     ;
       C:\Program Files\dotnet\sdk\10.0.301\Sdks\Microsoft.NET.Sdk\targets\Microsoft.NET.Sdk.FrameworkReferenceResolution.targets(14,5): message :       ResolvePackageDependenciesForBuild;
       C:\Program Files\dotnet\sdk\10.0.301\Sdks\Microsoft.NET.Sdk\targets\Microsoft.NET.Sdk.FrameworkReferenceResolution.targets(14,5): message :       _HandlePackageFileConflicts;
       C:\Program Files\dotnet\sdk\10.0.301\Sdks\Microsoft.NET.Sdk\targets\Microsoft.NET.Sdk.FrameworkReferenceResolution.targets(14,5): message :     ;
       C:\Program Files\dotnet\sdk\10.0.301\Sdks\Microsoft.NET.Sdk\targets\Microsoft.NET.Sdk.FrameworkReferenceResolution.targets(14,5): message :       ResolveTargetingPackAssets;
       C:\Program Files\dotnet\sdk\10.0.301\Sdks\Microsoft.NET.Sdk\targets\Microsoft.NET.Sdk.FrameworkReferenceResolution.targets(14,5): message :     " (以前の値: "
       C:\Program Files\dotnet\sdk\10.0.301\Sdks\Microsoft.NET.Sdk\targets\Microsoft.NET.Sdk.FrameworkReferenceResolution.targets(14,5): message :       
       C:\Program Files\dotnet\sdk\10.0.301\Sdks\Microsoft.NET.Sdk\targets\Microsoft.NET.Sdk.FrameworkReferenceResolution.targets(14,5): message :       ResolveProjectReferences;
       C:\Program Files\dotnet\sdk\10.0.301\Sdks\Microsoft.NET.Sdk\targets\Microsoft.NET.Sdk.FrameworkReferenceResolution.targets(14,5): message :       FindInvalidProjectReferences;
       C:\Program Files\dotnet\sdk\10.0.301\Sdks\Microsoft.NET.Sdk\targets\Microsoft.NET.Sdk.FrameworkReferenceResolution.targets(14,5): message :       GetFrameworkPaths;
       C:\Program Files\dotnet\sdk\10.0.301\Sdks\Microsoft.NET.Sdk\targets\Microsoft.NET.Sdk.FrameworkReferenceResolution.targets(14,5): message :       GetReferenceAssemblyPaths;
       C:\Program Files\dotnet\sdk\10.0.301\Sdks\Microsoft.NET.Sdk\targets\Microsoft.NET.Sdk.FrameworkReferenceResolution.targets(14,5): message :       PrepareForBuild;
       C:\Program Files\dotnet\sdk\10.0.301\Sdks\Microsoft.NET.Sdk\targets\Microsoft.NET.Sdk.FrameworkReferenceResolution.targets(14,5): message :       ResolveSDKReferences;
       C:\Program Files\dotnet\sdk\10.0.301\Sdks\Microsoft.NET.Sdk\targets\Microsoft.NET.Sdk.FrameworkReferenceResolution.targets(14,5): message :       ExpandSDKReferences;
       C:\Program Files\dotnet\sdk\10.0.301\Sdks\Microsoft.NET.Sdk\targets\Microsoft.NET.Sdk.FrameworkReferenceResolution.targets(14,5): message :     ;
       C:\Program Files\dotnet\sdk\10.0.301\Sdks\Microsoft.NET.Sdk\targets\Microsoft.NET.Sdk.FrameworkReferenceResolution.targets(14,5): message :       ResolvePackageDependenciesForBuild;
       C:\Program Files\dotnet\sdk\10.0.301\Sdks\Microsoft.NET.Sdk\targets\Microsoft.NET.Sdk.FrameworkReferenceResolution.targets(14,5): message :       _HandlePackageFileConflicts;
       C:\Program Files\dotnet\sdk\10.0.301\Sdks\Microsoft.NET.Sdk\targets\Microsoft.NET.Sdk.FrameworkReferenceResolution.targets(14,5): message :     ") C:\Program Files\dotnet\sdk\10.0.301\Sdks\Microsoft.NET.Sdk\targets\Microsoft.NET.Sdk.FrameworkReferenceResolution.targets (14,5)
       C:\Program Files\dotnet\sdk\10.0.301\Sdks\Microsoft.NET.Sdk\targets\Microsoft.NET.Sdk.targets(44,5): message : プロパティの再代入: $(_GenerateRuntimeConfigurationPropertyInputsCache)="C:\Users\tuoza\source\repos\Archivio\Archivio\obj\x64\Debug\net10.0-windows10.0.19041.0\win-x64\Archivio.genruntimeconfig.cache" (以前の値: "obj\x64\Debug\net10.0-windows10.0.19041.0\win-x64\Archivio.genruntimeconfig.cache") C:\Program Files\dotnet\sdk\10.0.301\Sdks\Microsoft.NET.Sdk\targets\Microsoft.NET.Sdk.targets (44,5)
       C:\Program Files\dotnet\sdk\10.0.301\Sdks\Microsoft.NET.Sdk\targets\Microsoft.NET.Sdk.targets(46,5): message : プロパティの再代入: $(_GeneratePublishDependencyFilePropertyInputsCache)="C:\Users\tuoza\source\repos\Archivio\Archivio\obj\x64\Debug\net10.0-windows10.0.19041.0\win-x64\Archivio.genpublishdeps.cache" (以前の値: "obj\x64\Debug\net10.0-windows10.0.19041.0\win-x64\Archivio.genpublishdeps.cache") C:\Program Files\dotnet\sdk\10.0.301\Sdks\Microsoft.NET.Sdk\targets\Microsoft.NET.Sdk.targets (46,5)
       C:\Program Files\dotnet\sdk\10.0.301\Sdks\Microsoft.NET.Sdk\targets\Microsoft.NET.Sdk.targets(48,5): message : プロパティの再代入: $(_GenerateSingleFileBundlePropertyInputsCache)="C:\Users\tuoza\source\repos\Archivio\Archivio\obj\x64\Debug\net10.0-windows10.0.19041.0\win-x64\Archivio.genbundle.cache" (以前の値: "obj\x64\Debug\net10.0-windows10.0.19041.0\win-x64\Archivio.genbundle.cache") C:\Program Files\dotnet\sdk\10.0.301\Sdks\Microsoft.NET.Sdk\targets\Microsoft.NET.Sdk.targets (48,5)
       C:\Program Files\dotnet\sdk\10.0.301\Sdks\Microsoft.NET.Sdk\targets\Microsoft.NET.Sdk.targets(81,5): message : プロパティの再代入: $(GenerateRuntimeConfigDevFile)="false" (以前の値: "true") C:\Program Files\dotnet\sdk\10.0.301\Sdks\Microsoft.NET.Sdk\targets\Microsoft.NET.Sdk.targets (81,5)
       C:\Program Files\dotnet\sdk\10.0.301\Sdks\Microsoft.NET.Sdk\targets\Microsoft.NET.Sdk.targets(97,5): message : 環境から展開された 'C:\Users\tuoza' 値を持つプロパティ 'HOME'。
       C:\Program Files\dotnet\sdk\10.0.301\Sdks\Microsoft.NET.Sdk\targets\Microsoft.NET.Sdk.targets(99,5): message : プロパティの再代入: $(_DefaultUserProfileRuntimeStorePath)="C:\Users\tuoza\.dotnet\store" (以前の値: "C:\Users\tuoza") C:\Program Files\dotnet\sdk\10.0.301\Sdks\Microsoft.NET.Sdk\targets\Microsoft.NET.Sdk.targets (99,5)
       C:\Program Files\dotnet\sdk\10.0.301\Sdks\Microsoft.NET.Sdk\targets\Microsoft.NET.Sdk.targets(144,5): message : プロパティの再代入: $(AvailablePlatforms)="Any CPU,x86,x64,ARM32" (以前の値: "Any CPU,x86,x64") C:\Program Files\dotnet\sdk\10.0.301\Sdks\Microsoft.NET.Sdk\targets\Microsoft.NET.Sdk.targets (144,5)
       C:\Program Files\dotnet\sdk\10.0.301\Sdks\Microsoft.NET.Sdk\targets\Microsoft.NET.Sdk.targets(148,5): message : プロパティの再代入: $(AvailablePlatforms)="Any CPU,x86,x64,ARM32,ARM64" (以前の値: "Any CPU,x86,x64,ARM32") C:\Program Files\dotnet\sdk\10.0.301\Sdks\Microsoft.NET.Sdk\targets\Microsoft.NET.Sdk.targets (148,5)
       C:\Program Files\dotnet\sdk\10.0.301\Sdks\Microsoft.NET.Sdk\targets\Microsoft.NET.Sdk.targets(204,5): message : プロパティの再代入: $(CoreBuildDependsOn)="
       C:\Program Files\dotnet\sdk\10.0.301\Sdks\Microsoft.NET.Sdk\targets\Microsoft.NET.Sdk.targets(204,5): message :       _CheckForBuildWithNoBuild;
       C:\Program Files\dotnet\sdk\10.0.301\Sdks\Microsoft.NET.Sdk\targets\Microsoft.NET.Sdk.targets(204,5): message :       
       C:\Program Files\dotnet\sdk\10.0.301\Sdks\Microsoft.NET.Sdk\targets\Microsoft.NET.Sdk.targets(204,5): message :       BuildOnlySettings;
       C:\Program Files\dotnet\sdk\10.0.301\Sdks\Microsoft.NET.Sdk\targets\Microsoft.NET.Sdk.targets(204,5): message :       PrepareForBuild;
       C:\Program Files\dotnet\sdk\10.0.301\Sdks\Microsoft.NET.Sdk\targets\Microsoft.NET.Sdk.targets(204,5): message :       PreBuildEvent;
       C:\Program Files\dotnet\sdk\10.0.301\Sdks\Microsoft.NET.Sdk\targets\Microsoft.NET.Sdk.targets(204,5): message :       ResolveReferences;
       C:\Program Files\dotnet\sdk\10.0.301\Sdks\Microsoft.NET.Sdk\targets\Microsoft.NET.Sdk.targets(204,5): message :       PrepareResources;
       C:\Program Files\dotnet\sdk\10.0.301\Sdks\Microsoft.NET.Sdk\targets\Microsoft.NET.Sdk.targets(204,5): message :       ResolveKeySource;
       C:\Program Files\dotnet\sdk\10.0.301\Sdks\Microsoft.NET.Sdk\targets\Microsoft.NET.Sdk.targets(204,5): message :       Compile;
       C:\Program Files\dotnet\sdk\10.0.301\Sdks\Microsoft.NET.Sdk\targets\Microsoft.NET.Sdk.targets(204,5): message :       ExportWindowsMDFile;
       C:\Program Files\dotnet\sdk\10.0.301\Sdks\Microsoft.NET.Sdk\targets\Microsoft.NET.Sdk.targets(204,5): message :       UnmanagedUnregistration;
       C:\Program Files\dotnet\sdk\10.0.301\Sdks\Microsoft.NET.Sdk\targets\Microsoft.NET.Sdk.targets(204,5): message :       GenerateSerializationAssemblies;
       C:\Program Files\dotnet\sdk\10.0.301\Sdks\Microsoft.NET.Sdk\targets\Microsoft.NET.Sdk.targets(204,5): message :       CreateSatelliteAssemblies;
       C:\Program Files\dotnet\sdk\10.0.301\Sdks\Microsoft.NET.Sdk\targets\Microsoft.NET.Sdk.targets(204,5): message :       GenerateManifests;
       C:\Program Files\dotnet\sdk\10.0.301\Sdks\Microsoft.NET.Sdk\targets\Microsoft.NET.Sdk.targets(204,5): message :       GetTargetPath;
       C:\Program Files\dotnet\sdk\10.0.301\Sdks\Microsoft.NET.Sdk\targets\Microsoft.NET.Sdk.targets(204,5): message :       PrepareForRun;
       C:\Program Files\dotnet\sdk\10.0.301\Sdks\Microsoft.NET.Sdk\targets\Microsoft.NET.Sdk.targets(204,5): message :       UnmanagedRegistration;
       C:\Program Files\dotnet\sdk\10.0.301\Sdks\Microsoft.NET.Sdk\targets\Microsoft.NET.Sdk.targets(204,5): message :       IncrementalClean;
       C:\Program Files\dotnet\sdk\10.0.301\Sdks\Microsoft.NET.Sdk\targets\Microsoft.NET.Sdk.targets(204,5): message :       PostBuildEvent
       C:\Program Files\dotnet\sdk\10.0.301\Sdks\Microsoft.NET.Sdk\targets\Microsoft.NET.Sdk.targets(204,5): message :     ;
       C:\Program Files\dotnet\sdk\10.0.301\Sdks\Microsoft.NET.Sdk\targets\Microsoft.NET.Sdk.targets(204,5): message :       GenerateBuildDependencyFile;
       C:\Program Files\dotnet\sdk\10.0.301\Sdks\Microsoft.NET.Sdk\targets\Microsoft.NET.Sdk.targets(204,5): message :       GenerateBuildRuntimeConfigurationFiles
       C:\Program Files\dotnet\sdk\10.0.301\Sdks\Microsoft.NET.Sdk\targets\Microsoft.NET.Sdk.targets(204,5): message :     " (以前の値: "
       C:\Program Files\dotnet\sdk\10.0.301\Sdks\Microsoft.NET.Sdk\targets\Microsoft.NET.Sdk.targets(204,5): message :       BuildOnlySettings;
       C:\Program Files\dotnet\sdk\10.0.301\Sdks\Microsoft.NET.Sdk\targets\Microsoft.NET.Sdk.targets(204,5): message :       PrepareForBuild;
       C:\Program Files\dotnet\sdk\10.0.301\Sdks\Microsoft.NET.Sdk\targets\Microsoft.NET.Sdk.targets(204,5): message :       PreBuildEvent;
       C:\Program Files\dotnet\sdk\10.0.301\Sdks\Microsoft.NET.Sdk\targets\Microsoft.NET.Sdk.targets(204,5): message :       ResolveReferences;
       C:\Program Files\dotnet\sdk\10.0.301\Sdks\Microsoft.NET.Sdk\targets\Microsoft.NET.Sdk.targets(204,5): message :       PrepareResources;
       C:\Program Files\dotnet\sdk\10.0.301\Sdks\Microsoft.NET.Sdk\targets\Microsoft.NET.Sdk.targets(204,5): message :       ResolveKeySource;
       C:\Program Files\dotnet\sdk\10.0.301\Sdks\Microsoft.NET.Sdk\targets\Microsoft.NET.Sdk.targets(204,5): message :       Compile;
       C:\Program Files\dotnet\sdk\10.0.301\Sdks\Microsoft.NET.Sdk\targets\Microsoft.NET.Sdk.targets(204,5): message :       ExportWindowsMDFile;
       C:\Program Files\dotnet\sdk\10.0.301\Sdks\Microsoft.NET.Sdk\targets\Microsoft.NET.Sdk.targets(204,5): message :       UnmanagedUnregistration;
       C:\Program Files\dotnet\sdk\10.0.301\Sdks\Microsoft.NET.Sdk\targets\Microsoft.NET.Sdk.targets(204,5): message :       GenerateSerializationAssemblies;
       C:\Program Files\dotnet\sdk\10.0.301\Sdks\Microsoft.NET.Sdk\targets\Microsoft.NET.Sdk.targets(204,5): message :       CreateSatelliteAssemblies;
       C:\Program Files\dotnet\sdk\10.0.301\Sdks\Microsoft.NET.Sdk\targets\Microsoft.NET.Sdk.targets(204,5): message :       GenerateManifests;
       C:\Program Files\dotnet\sdk\10.0.301\Sdks\Microsoft.NET.Sdk\targets\Microsoft.NET.Sdk.targets(204,5): message :       GetTargetPath;
       C:\Program Files\dotnet\sdk\10.0.301\Sdks\Microsoft.NET.Sdk\targets\Microsoft.NET.Sdk.targets(204,5): message :       PrepareForRun;
       C:\Program Files\dotnet\sdk\10.0.301\Sdks\Microsoft.NET.Sdk\targets\Microsoft.NET.Sdk.targets(204,5): message :       UnmanagedRegistration;
       C:\Program Files\dotnet\sdk\10.0.301\Sdks\Microsoft.NET.Sdk\targets\Microsoft.NET.Sdk.targets(204,5): message :       IncrementalClean;
       C:\Program Files\dotnet\sdk\10.0.301\Sdks\Microsoft.NET.Sdk\targets\Microsoft.NET.Sdk.targets(204,5): message :       PostBuildEvent
       C:\Program Files\dotnet\sdk\10.0.301\Sdks\Microsoft.NET.Sdk\targets\Microsoft.NET.Sdk.targets(204,5): message :     ") C:\Program Files\dotnet\sdk\10.0.301\Sdks\Microsoft.NET.Sdk\targets\Microsoft.NET.Sdk.targets (204,5)
       C:\Program Files\dotnet\sdk\10.0.301\Sdks\Microsoft.NET.Sdk\targets\Microsoft.NET.Sdk.targets(213,5): message : プロパティの再代入: $(CoreCleanDependsOn)="
       C:\Program Files\dotnet\sdk\10.0.301\Sdks\Microsoft.NET.Sdk\targets\Microsoft.NET.Sdk.targets(213,5): message :       _SdkBeforeClean;
       C:\Program Files\dotnet\sdk\10.0.301\Sdks\Microsoft.NET.Sdk\targets\Microsoft.NET.Sdk.targets(213,5): message :       
       C:\Program Files\dotnet\sdk\10.0.301\Sdks\Microsoft.NET.Sdk\targets\Microsoft.NET.Sdk.targets(213,5): message :     " (以前の値: "") C:\Program Files\dotnet\sdk\10.0.301\Sdks\Microsoft.NET.Sdk\targets\Microsoft.NET.Sdk.targets (213,5)
       C:\Program Files\dotnet\sdk\10.0.301\Sdks\Microsoft.NET.Sdk\targets\Microsoft.NET.Sdk.targets(220,5): message : プロパティの再代入: $(RebuildDependsOn)="
       C:\Program Files\dotnet\sdk\10.0.301\Sdks\Microsoft.NET.Sdk\targets\Microsoft.NET.Sdk.targets(220,5): message :       _SdkBeforeRebuild;
       C:\Program Files\dotnet\sdk\10.0.301\Sdks\Microsoft.NET.Sdk\targets\Microsoft.NET.Sdk.targets(220,5): message :       
       C:\Program Files\dotnet\sdk\10.0.301\Sdks\Microsoft.NET.Sdk\targets\Microsoft.NET.Sdk.targets(220,5): message :       BeforeRebuild;
       C:\Program Files\dotnet\sdk\10.0.301\Sdks\Microsoft.NET.Sdk\targets\Microsoft.NET.Sdk.targets(220,5): message :       Clean;
       C:\Program Files\dotnet\sdk\10.0.301\Sdks\Microsoft.NET.Sdk\targets\Microsoft.NET.Sdk.targets(220,5): message :       Build;
       C:\Program Files\dotnet\sdk\10.0.301\Sdks\Microsoft.NET.Sdk\targets\Microsoft.NET.Sdk.targets(220,5): message :       AfterRebuild;
       C:\Program Files\dotnet\sdk\10.0.301\Sdks\Microsoft.NET.Sdk\targets\Microsoft.NET.Sdk.targets(220,5): message :     
       C:\Program Files\dotnet\sdk\10.0.301\Sdks\Microsoft.NET.Sdk\targets\Microsoft.NET.Sdk.targets(220,5): message :     " (以前の値: "
       C:\Program Files\dotnet\sdk\10.0.301\Sdks\Microsoft.NET.Sdk\targets\Microsoft.NET.Sdk.targets(220,5): message :       BeforeRebuild;
       C:\Program Files\dotnet\sdk\10.0.301\Sdks\Microsoft.NET.Sdk\targets\Microsoft.NET.Sdk.targets(220,5): message :       Clean;
       C:\Program Files\dotnet\sdk\10.0.301\Sdks\Microsoft.NET.Sdk\targets\Microsoft.NET.Sdk.targets(220,5): message :       Build;
       C:\Program Files\dotnet\sdk\10.0.301\Sdks\Microsoft.NET.Sdk\targets\Microsoft.NET.Sdk.targets(220,5): message :       AfterRebuild;
       C:\Program Files\dotnet\sdk\10.0.301\Sdks\Microsoft.NET.Sdk\targets\Microsoft.NET.Sdk.targets(220,5): message :     ") C:\Program Files\dotnet\sdk\10.0.301\Sdks\Microsoft.NET.Sdk\targets\Microsoft.NET.Sdk.targets (220,5)
       C:\Program Files\dotnet\sdk\10.0.301\Sdks\Microsoft.NET.Sdk\targets\Microsoft.NET.Sdk.targets(799,5): message : プロパティの再代入: $(CompileDependsOn)="
       C:\Program Files\dotnet\sdk\10.0.301\Sdks\Microsoft.NET.Sdk\targets\Microsoft.NET.Sdk.targets(799,5): message :       
       C:\Program Files\dotnet\sdk\10.0.301\Sdks\Microsoft.NET.Sdk\targets\Microsoft.NET.Sdk.targets(799,5): message :       ResolveReferences;
       C:\Program Files\dotnet\sdk\10.0.301\Sdks\Microsoft.NET.Sdk\targets\Microsoft.NET.Sdk.targets(799,5): message :       ResolveKeySource;
       C:\Program Files\dotnet\sdk\10.0.301\Sdks\Microsoft.NET.Sdk\targets\Microsoft.NET.Sdk.targets(799,5): message :       SetWin32ManifestProperties;
       C:\Program Files\dotnet\sdk\10.0.301\Sdks\Microsoft.NET.Sdk\targets\Microsoft.NET.Sdk.targets(799,5): message :       _SetPreferNativeArm64Win32ManifestProperties;
       C:\Program Files\dotnet\sdk\10.0.301\Sdks\Microsoft.NET.Sdk\targets\Microsoft.NET.Sdk.targets(799,5): message :       FindReferenceAssembliesForReferences;
       C:\Program Files\dotnet\sdk\10.0.301\Sdks\Microsoft.NET.Sdk\targets\Microsoft.NET.Sdk.targets(799,5): message :       _GenerateCompileInputs;
       C:\Program Files\dotnet\sdk\10.0.301\Sdks\Microsoft.NET.Sdk\targets\Microsoft.NET.Sdk.targets(799,5): message :       BeforeCompile;
       C:\Program Files\dotnet\sdk\10.0.301\Sdks\Microsoft.NET.Sdk\targets\Microsoft.NET.Sdk.targets(799,5): message :       _TimeStampBeforeCompile;
       C:\Program Files\dotnet\sdk\10.0.301\Sdks\Microsoft.NET.Sdk\targets\Microsoft.NET.Sdk.targets(799,5): message :       _GenerateCompileDependencyCache;
       C:\Program Files\dotnet\sdk\10.0.301\Sdks\Microsoft.NET.Sdk\targets\Microsoft.NET.Sdk.targets(799,5): message :       CoreCompile;
       C:\Program Files\dotnet\sdk\10.0.301\Sdks\Microsoft.NET.Sdk\targets\Microsoft.NET.Sdk.targets(799,5): message :       _TimeStampAfterCompile;
       C:\Program Files\dotnet\sdk\10.0.301\Sdks\Microsoft.NET.Sdk\targets\Microsoft.NET.Sdk.targets(799,5): message :       AfterCompile;
       C:\Program Files\dotnet\sdk\10.0.301\Sdks\Microsoft.NET.Sdk\targets\Microsoft.NET.Sdk.targets(799,5): message :     ;
       C:\Program Files\dotnet\sdk\10.0.301\Sdks\Microsoft.NET.Sdk\targets\Microsoft.NET.Sdk.targets(799,5): message :       _CreateAppHost;
       C:\Program Files\dotnet\sdk\10.0.301\Sdks\Microsoft.NET.Sdk\targets\Microsoft.NET.Sdk.targets(799,5): message :       _CreateComHost;
       C:\Program Files\dotnet\sdk\10.0.301\Sdks\Microsoft.NET.Sdk\targets\Microsoft.NET.Sdk.targets(799,5): message :       _GetIjwHostPaths;
       C:\Program Files\dotnet\sdk\10.0.301\Sdks\Microsoft.NET.Sdk\targets\Microsoft.NET.Sdk.targets(799,5): message :     " (以前の値: "
       C:\Program Files\dotnet\sdk\10.0.301\Sdks\Microsoft.NET.Sdk\targets\Microsoft.NET.Sdk.targets(799,5): message :       ResolveReferences;
       C:\Program Files\dotnet\sdk\10.0.301\Sdks\Microsoft.NET.Sdk\targets\Microsoft.NET.Sdk.targets(799,5): message :       ResolveKeySource;
       C:\Program Files\dotnet\sdk\10.0.301\Sdks\Microsoft.NET.Sdk\targets\Microsoft.NET.Sdk.targets(799,5): message :       SetWin32ManifestProperties;
       C:\Program Files\dotnet\sdk\10.0.301\Sdks\Microsoft.NET.Sdk\targets\Microsoft.NET.Sdk.targets(799,5): message :       _SetPreferNativeArm64Win32ManifestProperties;
       C:\Program Files\dotnet\sdk\10.0.301\Sdks\Microsoft.NET.Sdk\targets\Microsoft.NET.Sdk.targets(799,5): message :       FindReferenceAssembliesForReferences;
       C:\Program Files\dotnet\sdk\10.0.301\Sdks\Microsoft.NET.Sdk\targets\Microsoft.NET.Sdk.targets(799,5): message :       _GenerateCompileInputs;
       C:\Program Files\dotnet\sdk\10.0.301\Sdks\Microsoft.NET.Sdk\targets\Microsoft.NET.Sdk.targets(799,5): message :       BeforeCompile;
       C:\Program Files\dotnet\sdk\10.0.301\Sdks\Microsoft.NET.Sdk\targets\Microsoft.NET.Sdk.targets(799,5): message :       _TimeStampBeforeCompile;
       C:\Program Files\dotnet\sdk\10.0.301\Sdks\Microsoft.NET.Sdk\targets\Microsoft.NET.Sdk.targets(799,5): message :       _GenerateCompileDependencyCache;
       C:\Program Files\dotnet\sdk\10.0.301\Sdks\Microsoft.NET.Sdk\targets\Microsoft.NET.Sdk.targets(799,5): message :       CoreCompile;
       C:\Program Files\dotnet\sdk\10.0.301\Sdks\Microsoft.NET.Sdk\targets\Microsoft.NET.Sdk.targets(799,5): message :       _TimeStampAfterCompile;
       C:\Program Files\dotnet\sdk\10.0.301\Sdks\Microsoft.NET.Sdk\targets\Microsoft.NET.Sdk.targets(799,5): message :       AfterCompile;
       C:\Program Files\dotnet\sdk\10.0.301\Sdks\Microsoft.NET.Sdk\targets\Microsoft.NET.Sdk.targets(799,5): message :     ") C:\Program Files\dotnet\sdk\10.0.301\Sdks\Microsoft.NET.Sdk\targets\Microsoft.NET.Sdk.targets (799,5)
       C:\Program Files\dotnet\sdk\10.0.301\Sdks\Microsoft.NET.Sdk\targets\Microsoft.NET.Sdk.targets(1131,5): message : プロパティの再代入: $(CreateSatelliteAssembliesDependsOn)="
       C:\Program Files\dotnet\sdk\10.0.301\Sdks\Microsoft.NET.Sdk\targets\Microsoft.NET.Sdk.targets(1131,5): message :       
       C:\Program Files\dotnet\sdk\10.0.301\Sdks\Microsoft.NET.Sdk\targets\Microsoft.NET.Sdk.targets(1131,5): message :       ;
       C:\Program Files\dotnet\sdk\10.0.301\Sdks\Microsoft.NET.Sdk\targets\Microsoft.NET.Sdk.targets(1131,5): message :       _GenerateSatelliteAssemblyInputs;
       C:\Program Files\dotnet\sdk\10.0.301\Sdks\Microsoft.NET.Sdk\targets\Microsoft.NET.Sdk.targets(1131,5): message :       ComputeIntermediateSatelliteAssemblies;
       C:\Program Files\dotnet\sdk\10.0.301\Sdks\Microsoft.NET.Sdk\targets\Microsoft.NET.Sdk.targets(1131,5): message :       GenerateSatelliteAssemblies
       C:\Program Files\dotnet\sdk\10.0.301\Sdks\Microsoft.NET.Sdk\targets\Microsoft.NET.Sdk.targets(1131,5): message :     ;
       C:\Program Files\dotnet\sdk\10.0.301\Sdks\Microsoft.NET.Sdk\targets\Microsoft.NET.Sdk.targets(1131,5): message :       CoreGenerateSatelliteAssemblies
       C:\Program Files\dotnet\sdk\10.0.301\Sdks\Microsoft.NET.Sdk\targets\Microsoft.NET.Sdk.targets(1131,5): message :     " (以前の値: "
       C:\Program Files\dotnet\sdk\10.0.301\Sdks\Microsoft.NET.Sdk\targets\Microsoft.NET.Sdk.targets(1131,5): message :       ;
       C:\Program Files\dotnet\sdk\10.0.301\Sdks\Microsoft.NET.Sdk\targets\Microsoft.NET.Sdk.targets(1131,5): message :       _GenerateSatelliteAssemblyInputs;
       C:\Program Files\dotnet\sdk\10.0.301\Sdks\Microsoft.NET.Sdk\targets\Microsoft.NET.Sdk.targets(1131,5): message :       ComputeIntermediateSatelliteAssemblies;
       C:\Program Files\dotnet\sdk\10.0.301\Sdks\Microsoft.NET.Sdk\targets\Microsoft.NET.Sdk.targets(1131,5): message :       GenerateSatelliteAssemblies
       C:\Program Files\dotnet\sdk\10.0.301\Sdks\Microsoft.NET.Sdk\targets\Microsoft.NET.Sdk.targets(1131,5): message :     ") C:\Program Files\dotnet\sdk\10.0.301\Sdks\Microsoft.NET.Sdk\targets\Microsoft.NET.Sdk.targets (1131,5)
       C:\Program Files\dotnet\sdk\10.0.301\Sdks\Microsoft.SourceLink.GitLab\build\Microsoft.SourceLink.GitLab.targets(12,5): message : プロパティの再代入: $(SourceLinkUrlInitializerTargets)=";_InitializeGitHubSourceLinkUrl;_InitializeGitLabSourceLinkUrl" (以前の値: ";_InitializeGitHubSourceLinkUrl") C:\Program Files\dotnet\sdk\10.0.301\Sdks\Microsoft.SourceLink.GitLab\build\Microsoft.SourceLink.GitLab.targets (12,5)
       C:\Program Files\dotnet\sdk\10.0.301\Sdks\Microsoft.SourceLink.GitLab\build\Microsoft.SourceLink.GitLab.targets(13,5): message : プロパティの再代入: $(SourceControlManagerUrlTranslationTargets)=";TranslateGitHubUrlsInSourceControlInformation;TranslateGitLabUrlsInSourceControlInformation" (以前の値: ";TranslateGitHubUrlsInSourceControlInformation") C:\Program Files\dotnet\sdk\10.0.301\Sdks\Microsoft.SourceLink.GitLab\build\Microsoft.SourceLink.GitLab.targets (13,5)
       C:\Program Files\dotnet\sdk\10.0.301\Sdks\Microsoft.SourceLink.AzureRepos.Git\build\Microsoft.SourceLink.AzureRepos.Git.targets(12,5): message : プロパティの再代入: $(SourceLinkUrlInitializerTargets)=";_InitializeGitHubSourceLinkUrl;_InitializeGitLabSourceLinkUrl;_InitializeAzureReposGitSourceLinkUrl" (以前の値: ";_InitializeGitHubSourceLinkUrl;_InitializeGitLabSourceLinkUrl") C:\Program Files\dotnet\sdk\10.0.301\Sdks\Microsoft.SourceLink.AzureRepos.Git\build\Microsoft.SourceLink.AzureRepos.Git.targets (12,5)
       C:\Program Files\dotnet\sdk\10.0.301\Sdks\Microsoft.SourceLink.AzureRepos.Git\build\Microsoft.SourceLink.AzureRepos.Git.targets(13,5): message : プロパティの再代入: $(SourceControlManagerUrlTranslationTargets)=";TranslateGitHubUrlsInSourceControlInformation;TranslateGitLabUrlsInSourceControlInformation;TranslateAzureReposGitUrlsInSourceControlInformation" (以前の値: ";TranslateGitHubUrlsInSourceControlInformation;TranslateGitLabUrlsInSourceControlInformation") C:\Program Files\dotnet\sdk\10.0.301\Sdks\Microsoft.SourceLink.AzureRepos.Git\build\Microsoft.SourceLink.AzureRepos.Git.targets (13,5)
       C:\Program Files\dotnet\sdk\10.0.301\Sdks\Microsoft.SourceLink.Bitbucket.Git\build\Microsoft.SourceLink.Bitbucket.Git.targets(12,5): message : プロパティの再代入: $(SourceLinkUrlInitializerTargets)=";_InitializeGitHubSourceLinkUrl;_InitializeGitLabSourceLinkUrl;_InitializeAzureReposGitSourceLinkUrl;_InitializeBitbucketGitSourceLinkUrl" (以前の値: ";_InitializeGitHubSourceLinkUrl;_InitializeGitLabSourceLinkUrl;_InitializeAzureReposGitSourceLinkUrl") C:\Program Files\dotnet\sdk\10.0.301\Sdks\Microsoft.SourceLink.Bitbucket.Git\build\Microsoft.SourceLink.Bitbucket.Git.targets (12,5)
       C:\Program Files\dotnet\sdk\10.0.301\Sdks\Microsoft.SourceLink.Bitbucket.Git\build\Microsoft.SourceLink.Bitbucket.Git.targets(13,5): message : プロパティの再代入: $(SourceControlManagerUrlTranslationTargets)=";TranslateGitHubUrlsInSourceControlInformation;TranslateGitLabUrlsInSourceControlInformation;TranslateAzureReposGitUrlsInSourceControlInformation;TranslateBitbucketGitUrlsInSourceControlInformation" (以前の値: ";TranslateGitHubUrlsInSourceControlInformation;TranslateGitLabUrlsInSourceControlInformation;TranslateAzureReposGitUrlsInSourceControlInformation") C:\Program Files\dotnet\sdk\10.0.301\Sdks\Microsoft.SourceLink.Bitbucket.Git\build\Microsoft.SourceLink.Bitbucket.Git.targets (13,5)
       C:\Program Files\dotnet\sdk\10.0.301\Sdks\Microsoft.NET.Sdk\targets\Microsoft.NET.DesignerSupport.targets(21,5): message : プロパティの再代入: $(DesignerRuntimeImplementationProjectOutputGroupDependsOn)="
       C:\Program Files\dotnet\sdk\10.0.301\Sdks\Microsoft.NET.Sdk\targets\Microsoft.NET.DesignerSupport.targets(21,5): message :       
       C:\Program Files\dotnet\sdk\10.0.301\Sdks\Microsoft.NET.Sdk\targets\Microsoft.NET.DesignerSupport.targets(21,5): message :       ;
       C:\Program Files\dotnet\sdk\10.0.301\Sdks\Microsoft.NET.Sdk\targets\Microsoft.NET.DesignerSupport.targets(21,5): message :       
       C:\Program Files\dotnet\sdk\10.0.301\Sdks\Microsoft.NET.Sdk\targets\Microsoft.NET.DesignerSupport.targets(21,5): message :       ;
       C:\Program Files\dotnet\sdk\10.0.301\Sdks\Microsoft.NET.Sdk\targets\Microsoft.NET.DesignerSupport.targets(21,5): message :       BuildOnlySettings;
       C:\Program Files\dotnet\sdk\10.0.301\Sdks\Microsoft.NET.Sdk\targets\Microsoft.NET.DesignerSupport.targets(21,5): message :       PrepareForBuild;
       C:\Program Files\dotnet\sdk\10.0.301\Sdks\Microsoft.NET.Sdk\targets\Microsoft.NET.DesignerSupport.targets(21,5): message :       AssignTargetPaths;
       C:\Program Files\dotnet\sdk\10.0.301\Sdks\Microsoft.NET.Sdk\targets\Microsoft.NET.DesignerSupport.targets(21,5): message :       ResolveReferences
       C:\Program Files\dotnet\sdk\10.0.301\Sdks\Microsoft.NET.Sdk\targets\Microsoft.NET.DesignerSupport.targets(21,5): message :     
       C:\Program Files\dotnet\sdk\10.0.301\Sdks\Microsoft.NET.Sdk\targets\Microsoft.NET.DesignerSupport.targets(21,5): message :     ;
       C:\Program Files\dotnet\sdk\10.0.301\Sdks\Microsoft.NET.Sdk\targets\Microsoft.NET.DesignerSupport.targets(21,5): message :       _GenerateDesignerDepsFile;
       C:\Program Files\dotnet\sdk\10.0.301\Sdks\Microsoft.NET.Sdk\targets\Microsoft.NET.DesignerSupport.targets(21,5): message :       _GenerateDesignerRuntimeConfigFile;
       C:\Program Files\dotnet\sdk\10.0.301\Sdks\Microsoft.NET.Sdk\targets\Microsoft.NET.DesignerSupport.targets(21,5): message :       GetCopyToOutputDirectoryItems;
       C:\Program Files\dotnet\sdk\10.0.301\Sdks\Microsoft.NET.Sdk\targets\Microsoft.NET.DesignerSupport.targets(21,5): message :       _GatherDesignerShadowCopyFiles;
       C:\Program Files\dotnet\sdk\10.0.301\Sdks\Microsoft.NET.Sdk\targets\Microsoft.NET.DesignerSupport.targets(21,5): message :     " (以前の値: "
       C:\Program Files\dotnet\sdk\10.0.301\Sdks\Microsoft.NET.Sdk\targets\Microsoft.NET.DesignerSupport.targets(21,5): message :       ;
       C:\Program Files\dotnet\sdk\10.0.301\Sdks\Microsoft.NET.Sdk\targets\Microsoft.NET.DesignerSupport.targets(21,5): message :       
       C:\Program Files\dotnet\sdk\10.0.301\Sdks\Microsoft.NET.Sdk\targets\Microsoft.NET.DesignerSupport.targets(21,5): message :       ;
       C:\Program Files\dotnet\sdk\10.0.301\Sdks\Microsoft.NET.Sdk\targets\Microsoft.NET.DesignerSupport.targets(21,5): message :       BuildOnlySettings;
       C:\Program Files\dotnet\sdk\10.0.301\Sdks\Microsoft.NET.Sdk\targets\Microsoft.NET.DesignerSupport.targets(21,5): message :       PrepareForBuild;
       C:\Program Files\dotnet\sdk\10.0.301\Sdks\Microsoft.NET.Sdk\targets\Microsoft.NET.DesignerSupport.targets(21,5): message :       AssignTargetPaths;
       C:\Program Files\dotnet\sdk\10.0.301\Sdks\Microsoft.NET.Sdk\targets\Microsoft.NET.DesignerSupport.targets(21,5): message :       ResolveReferences
       C:\Program Files\dotnet\sdk\10.0.301\Sdks\Microsoft.NET.Sdk\targets\Microsoft.NET.DesignerSupport.targets(21,5): message :     
       C:\Program Files\dotnet\sdk\10.0.301\Sdks\Microsoft.NET.Sdk\targets\Microsoft.NET.DesignerSupport.targets(21,5): message :     ") C:\Program Files\dotnet\sdk\10.0.301\Sdks\Microsoft.NET.Sdk\targets\Microsoft.NET.DesignerSupport.targets (21,5)
       C:\Program Files\dotnet\sdk\10.0.301\Sdks\Microsoft.NET.Sdk\targets\Microsoft.NET.Sdk.CSharp.targets(31,5): message : プロパティの再代入: $(DefineConstants)="TRACE;MICROSOFT_WINDOWSAPPSDK_BOOTSTRAP_AUTO_INITIALIZE;MICROSOFT_WINDOWSAPPSDK_AUTOINITIALIZE_BOOTSTRAP;DEBUG" (以前の値: "TRACE;MICROSOFT_WINDOWSAPPSDK_BOOTSTRAP_AUTO_INITIALIZE;MICROSOFT_WINDOWSAPPSDK_AUTOINITIALIZE_BOOTSTRAP") C:\Program Files\dotnet\sdk\10.0.301\Sdks\Microsoft.NET.Sdk\targets\Microsoft.NET.Sdk.CSharp.targets (31,5)
       C:\Program Files\dotnet\sdk\10.0.301\Sdks\Microsoft.NET.Sdk\targets\Microsoft.NET.Sdk.CSharp.targets(45,5): message : プロパティの再代入: $(WarningsAsErrors)=";NU1605;SYSLIB0011" (以前の値: ";NU1605") C:\Program Files\dotnet\sdk\10.0.301\Sdks\Microsoft.NET.Sdk\targets\Microsoft.NET.Sdk.CSharp.targets (45,5)
       C:\Program Files\dotnet\sdk\10.0.301\Sdks\Microsoft.NET.Sdk\targets\Microsoft.NET.Windows.targets(239,5): message : プロパティの再代入: $(_RunCsWinRTGeneratorPropertyInputsCachePath)="C:\Users\tuoza\source\repos\Archivio\Archivio\obj\x64\Debug\net10.0-windows10.0.19041.0\win-x64\Archivio.cswinrtgen.cache" (以前の値: "obj\x64\Debug\net10.0-windows10.0.19041.0\win-x64\Archivio.cswinrtgen.cache") C:\Program Files\dotnet\sdk\10.0.301\Sdks\Microsoft.NET.Sdk\targets\Microsoft.NET.Windows.targets (239,5)
       C:\Program Files\dotnet\sdk\10.0.301\NuGet.Build.Tasks.Pack.targets(34,5): message : プロパティの再代入: $(PackageDescription)="Package Description" (以前の値: "") C:\Program Files\dotnet\sdk\10.0.301\NuGet.Build.Tasks.Pack.targets (34,5)
       C:\Program Files\dotnet\sdk\10.0.301\NuGet.Build.Tasks.Pack.targets(59,5): message : プロパティの再代入: $(GenerateNuspecDependsOn)="Build;_LoadPackInputItems; _GetTargetFrameworksOutput; _WalkEachTargetPerFramework; _GetPackageFiles; " (以前の値: "_LoadPackInputItems; _GetTargetFrameworksOutput; _WalkEachTargetPerFramework; _GetPackageFiles; ") C:\Program Files\dotnet\sdk\10.0.301\NuGet.Build.Tasks.Pack.targets (59,5)
       C:\Program Files\dotnet\sdk\10.0.301\Sdks\Microsoft.NET.Sdk\Sdk\Sdk.targets(59,5): message : プロパティの再代入: $(_IsNotSetContainersTargetsDir)="true" (以前の値: "false") C:\Program Files\dotnet\sdk\10.0.301\Sdks\Microsoft.NET.Sdk\Sdk\Sdk.targets (59,5)
       C:\Program Files\dotnet\sdk\10.0.301\Containers\build\Microsoft.NET.Build.Containers.targets(5,5): message : プロパティの再代入: $(_IsSDKContainerAllowedVersion)="true" (以前の値: "false") C:\Program Files\dotnet\sdk\10.0.301\Containers\build\Microsoft.NET.Build.Containers.targets (5,5)
       C:\Program Files\dotnet\sdk\10.0.301\Containers\build\Microsoft.NET.Build.Containers.targets(15,5): message : プロパティの再代入: $(_ContainerIsTargetingNet8TFM)="true" (以前の値: "false") C:\Program Files\dotnet\sdk\10.0.301\Containers\build\Microsoft.NET.Build.Containers.targets (15,5)
       プロジェクト "C:\Users\tuoza\.nuget\packages\microsoft.windows.sdk.buildtools.msix\1.7.20250829.1\build\Microsoft.Windows.SDK.BuildTools.MSIX.Packaging.targets" のターゲット "BeforeGenerateAppxPackageRecipe" をプロジェクト "C:\Users\tuoza\.nuget\packages\microsoft.windows.sdk.buildtools.msix\1.7.20250829.1\build\Microsoft.Windows.SDK.BuildTools.MSIX.Packaging.targets" からのターゲット "BeforeGenerateAppxPackageRecipe" でオーバーライドしています。
       プロジェクト "C:\Users\tuoza\.nuget\packages\microsoft.windows.sdk.buildtools.msix\1.7.20250829.1\build\Microsoft.Windows.SDK.BuildTools.MSIX.Packaging.targets" のターゲット "_AddWindowsInstallScriptToTestLayout" をプロジェクト "C:\Users\tuoza\.nuget\packages\microsoft.windows.sdk.buildtools.msix\1.7.20250829.1\build\Microsoft.Windows.SDK.BuildTools.MSIX.Packaging.targets" からのターゲット "_AddWindowsInstallScriptToTestLayout" でオーバーライドしています。
       プロジェクト "C:\Users\tuoza\.nuget\packages\microsoft.windows.sdk.buildtools.msix\1.7.20250829.1\build\Microsoft.Windows.SDK.BuildTools.MSIX.Packaging.targets" のターゲット "_GetAppxManifestSchemaItems" をプロジェクト "C:\Users\tuoza\.nuget\packages\microsoft.windows.sdk.buildtools.msix\1.7.20250829.1\build\Microsoft.Windows.SDK.BuildTools.MSIX.Packaging.targets" からのターゲット "_GetAppxManifestSchemaItems" でオーバーライドしています。
       プロジェクト "C:\Program Files\dotnet\sdk\10.0.301\Microsoft.Common.CurrentVersion.targets" のターゲット "GetPackagingOutputs" をプロジェクト "C:\Users\tuoza\.nuget\packages\microsoft.windows.sdk.buildtools.msix\1.7.20250829.1\build\Microsoft.Windows.SDK.BuildTools.MSIX.Packaging.targets" からのターゲット "GetPackagingOutputs" でオーバーライドしています。
       プロジェクト "C:\Users\tuoza\.nuget\packages\microsoft.windows.sdk.buildtools.msix\1.7.20250829.1\build\Microsoft.Windows.SDK.BuildTools.MSIX.Packaging.targets" のターゲット "BeforeGenerateAppxPackageRecipe" をプロジェクト "C:\Users\tuoza\.nuget\packages\microsoft.windows.sdk.buildtools.msix\1.7.20250829.1\build\Microsoft.Windows.SDK.BuildTools.MSIX.Packaging.targets" からのターゲット "BeforeGenerateAppxPackageRecipe" でオーバーライドしています。
       プロジェクト "C:\Users\tuoza\.nuget\packages\microsoft.windows.sdk.buildtools.msix\1.7.20250829.1\build\Microsoft.Windows.SDK.BuildTools.MSIX.Packaging.targets" のターゲット "_GetPackageArchitecture" をプロジェクト "C:\Users\tuoza\.nuget\packages\microsoft.windows.sdk.buildtools.msix\1.7.20250829.1\build\Microsoft.Windows.SDK.BuildTools.MSIX.Packaging.targets" からのターゲット "_GetPackageArchitecture" でオーバーライドしています。
       プロジェクト "C:\Users\tuoza\.nuget\packages\microsoft.windows.sdk.buildtools.msix\1.7.20250829.1\build\Microsoft.Windows.SDK.BuildTools.MSIX.Common.targets" のターゲット "MsixCheckForInvalidCustomBeforeMicrosoftCommonTargets" をプロジェクト "C:\Users\tuoza\.nuget\packages\microsoft.windows.sdk.buildtools.msix\1.7.20250829.1\build\Microsoft.Windows.SDK.BuildTools.MSIX.targets" からのターゲット "MsixCheckForInvalidCustomBeforeMicrosoftCommonTargets" でオーバーライドしています。
       プロジェクト "C:\Program Files\dotnet\sdk\10.0.301\Microsoft.Common.CurrentVersion.targets" のターゲット "ResolveFrameworkReferences" をプロジェクト "C:\Program Files\dotnet\sdk\10.0.301\Sdks\Microsoft.NET.Sdk\targets\Microsoft.NET.Sdk.FrameworkReferenceResolution.targets" からのターゲット "ResolveFrameworkReferences" でオーバーライドしています。
       プロジェクト "C:\Program Files\dotnet\sdk\10.0.301\Microsoft.Common.CurrentVersion.targets" のターゲット "GenerateSupportedTargetFrameworkAlias" をプロジェクト "C:\Program Files\dotnet\sdk\10.0.301\Sdks\Microsoft.NET.Sdk\targets\Microsoft.NET.Sdk.targets" からのターゲット "GenerateSupportedTargetFrameworkAlias" でオーバーライドしています。
       プロジェクト "C:\Program Files\dotnet\sdk\10.0.301\Microsoft.Common.CurrentVersion.targets" のターゲット "GetReferenceAssemblyPaths" をプロジェクト "C:\Program Files\dotnet\sdk\10.0.301\Sdks\Microsoft.NET.Sdk\targets\Microsoft.NET.DisableStandardFrameworkResolution.targets" からのターゲット "GetReferenceAssemblyPaths" でオーバーライドしています。
       プロジェクト "C:\Program Files\dotnet\sdk\10.0.301\Microsoft.Common.CurrentVersion.targets" のターゲット "GetFrameworkPaths" をプロジェクト "C:\Program Files\dotnet\sdk\10.0.301\Sdks\Microsoft.NET.Sdk\targets\Microsoft.NET.DisableStandardFrameworkResolution.targets" からのターゲット "GetFrameworkPaths" でオーバーライドしています。
       プロジェクト "C:\Program Files\dotnet\sdk\10.0.301\Microsoft.Common.CurrentVersion.targets" のターゲット "DesignerRuntimeImplementationProjectOutputGroup" をプロジェクト "C:\Program Files\dotnet\sdk\10.0.301\Sdks\Microsoft.NET.Sdk\targets\Microsoft.NET.DesignerSupport.targets" からのターゲット "DesignerRuntimeImplementationProjectOutputGroup" でオーバーライドしています。
       プロジェクト "C:\Program Files\dotnet\sdk\10.0.301\Microsoft.Common.CurrentVersion.targets" のターゲット "Publish" をプロジェクト "C:\Program Files\dotnet\sdk\10.0.301\Sdks\Microsoft.NET.Sdk\targets\Microsoft.NET.Publish.targets" からのターゲット "Publish" でオーバーライドしています。
       プロジェクト "C:\Program Files\dotnet\sdk\10.0.301\Sdks\Microsoft.NET.Sdk\targets\Microsoft.NET.CrossGen.targets" のターゲット "ResolveReadyToRunCompilers" をプロジェクト "C:\Program Files\dotnet\sdk\10.0.301\Sdks\Microsoft.NET.Sdk\targets\Microsoft.NET.Publish.targets" からのターゲット "ResolveReadyToRunCompilers" でオーバーライドしています。
       プロジェクト "C:\Program Files\dotnet\sdk\10.0.301\Microsoft.Common.CurrentVersion.targets" のターゲット "GetCopyToPublishDirectoryItems" をプロジェクト "C:\Program Files\dotnet\sdk\10.0.301\Sdks\Microsoft.NET.Sdk\targets\Microsoft.NET.Publish.targets" からのターゲット "GetCopyToPublishDirectoryItems" でオーバーライドしています。
       プロジェクト "C:\Program Files\dotnet\sdk\10.0.301\Microsoft.Common.CurrentVersion.targets" のターゲット "Run" をプロジェクト "C:\Program Files\dotnet\sdk\10.0.301\Sdks\Microsoft.NET.Sdk\targets\Microsoft.NET.Sdk.targets" からのターゲット "Run" でオーバーライドしています。
       "C:\Users\tuoza\.nuget\packages\microsoft.windows.sdk.buildtools.msix\1.7.20250829.1\build\Microsoft.Windows.SDK.BuildTools.MSIX.Packaging.targets (4350,99)" にある AfterTargets 属性に一覧表示されているターゲット "ComputeLinkedFilesToPublish" はプロジェクト内に存在しないため、無視されます。
       "C:\Users\tuoza\.nuget\packages\microsoft.windows.sdk.buildtools.msix\1.7.20250829.1\build\Microsoft.Windows.SDK.BuildTools.MSIX.Packaging.targets (4454,5)" にある AfterTargets 属性に一覧表示されているターゲット "ResolveNuGetPackageAssets" はプロジェクト内に存在しないため、無視されます。
       "C:\Users\tuoza\.nuget\packages\microsoft.windowsappsdk.base\1.8.251216001\buildTransitive\Microsoft.WindowsAppSDK.Base.targets (19,61)" にある BeforeTargets 属性に一覧表示されているターゲット "_ConvertItems" はプロジェクト内に存在しないため、無視されます。
       "C:\Users\tuoza\.nuget\packages\microsoft.windowsappsdk.base\1.8.251216001\buildTransitive\Microsoft.WindowsAppSDK.Base.targets (19,91)" にある AfterTargets 属性に一覧表示されているターゲット "_ResolveVCLibDependencies" はプロジェクト内に存在しないため、無視されます。
       "C:\Users\tuoza\.nuget\packages\microsoft.windowsappsdk.winui\1.8.260803003\buildTransitive\Microsoft.WinUI.AppX.targets (56,51)" にある AfterTargets 属性に一覧表示されているターゲット "ResolveNuGetPackageAssets" はプロジェクト内に存在しないため、無視されます。
       "C:\Users\tuoza\.nuget\packages\microsoft.windowsappsdk.winui\1.8.260803003\buildTransitive\Microsoft.WinUI.AppX.targets (112,7)" にある BeforeTargets 属性に一覧表示されているターゲット "_ConvertItems" はプロジェクト内に存在しないため、無視されます。
       "C:\Users\tuoza\.nuget\packages\microsoft.windowsappsdk.winui\1.8.260803003\buildTransitive\Microsoft.WinUI.AppX.targets (113,7)" にある AfterTargets 属性に一覧表示されているターゲット "_ExpandProjectReferences" はプロジェクト内に存在しないため、無視されます。
   1:7>ノード 1 上のプロジェクト "C:\Users\tuoza\source\repos\Archivio\Archivio\Archivio.csproj" (既定のターゲット)。
   1:7>ファイル "C:\Users\tuoza\.nuget\packages\microsoft.windowsappsdk.runtime\1.8.260804001\buildTransitive\Microsoft.WindowsAppSDK.ComponentReference.targets" 内にある、プロジェクト "C:\Users\tuoza\source\repos\Archivio\Archivio\Archivio.csproj" からのターゲット "VerifyReferencedWindowsAppSdkComponentVersions" (エントリ ポイント):
   1:7>プロジェクト "Archivio.csproj" 内のターゲット "VerifyReferencedWindowsAppSdkComponentVersions" のビルドが終了しました。
   1:7>ファイル "C:\Program Files\dotnet\sdk\10.0.301\Sdks\Microsoft.NET.Sdk\targets\Microsoft.NET.TargetFrameworkInference.targets" 内にある、プロジェクト "C:\Users\tuoza\source\repos\Archivio\Archivio\Archivio.csproj" からのターゲット "_CollectTargetFrameworkForTelemetry" (ターゲット "_CheckForInvalidConfigurationAndPlatform" は依存):
       "AllowEmptyTelemetry" タスクをアセンブリ "C:\Program Files\dotnet\sdk\10.0.301\Sdks\Microsoft.NET.Sdk\targets\..\tools\net10.0\Microsoft.NET.Build.Tasks.dll" から使用しています。
       タスク "AllowEmptyTelemetry"
       タスク "AllowEmptyTelemetry" の実行が終了しました。
   1:7>プロジェクト "Archivio.csproj" 内のターゲット "_CollectTargetFrameworkForTelemetry" のビルドが終了しました。
   1:7>ファイル "C:\Program Files\dotnet\sdk\10.0.301\Sdks\Microsoft.NET.Sdk\targets\Microsoft.NET.TargetFrameworkInference.targets" 内にある、プロジェクト "C:\Users\tuoza\source\repos\Archivio\Archivio\Archivio.csproj" からのターゲット "_CheckForUnsupportedTargetPlatformIdentifier" (ターゲット "_CheckForInvalidConfigurationAndPlatform" は依存):
   1:7>プロジェクト "Archivio.csproj" 内のターゲット "_CheckForUnsupportedTargetPlatformIdentifier" のビルドが終了しました。
   1:7>ファイル "C:\Program Files\dotnet\sdk\10.0.301\Sdks\Microsoft.NET.Sdk\targets\Microsoft.NET.TargetFrameworkInference.targets" 内にある、プロジェクト "C:\Users\tuoza\source\repos\Archivio\Archivio\Archivio.csproj" からのターゲット "_CheckForUnsupportedNETCoreVersion" (ターゲット "_CheckForInvalidConfigurationAndPlatform" は依存):
   1:7>プロジェクト "Archivio.csproj" 内のターゲット "_CheckForUnsupportedNETCoreVersion" のビルドが終了しました。
   1:7>ファイル "C:\Program Files\dotnet\sdk\10.0.301\Sdks\Microsoft.NET.Sdk\targets\Microsoft.NET.TargetFrameworkInference.targets" 内にある、プロジェクト "C:\Users\tuoza\source\repos\Archivio\Archivio\Archivio.csproj" からのターゲット "_CheckForUnsupportedCppNETCoreVersion" (ターゲット "_CheckForInvalidConfigurationAndPlatform" は依存):
   1:7>プロジェクト "Archivio.csproj" 内のターゲット "_CheckForUnsupportedCppNETCoreVersion" のビルドが終了しました。
   1:7>ファイル "C:\Program Files\dotnet\sdk\10.0.301\Sdks\Microsoft.NET.Sdk\targets\Microsoft.NET.TargetFrameworkInference.targets" 内にある、プロジェクト "C:\Users\tuoza\source\repos\Archivio\Archivio\Archivio.csproj" からのターゲット "_CheckForSupportedOSPlatformVersionHigherThanTargetPlatformVersion" (ターゲット "_CheckForInvalidConfigurationAndPlatform" は依存):
   1:7>プロジェクト "Archivio.csproj" 内のターゲット "_CheckForSupportedOSPlatformVersionHigherThanTargetPlatformVersion" のビルドが終了しました。
   1:7>ファイル "C:\Program Files\dotnet\sdk\10.0.301\Sdks\Microsoft.NET.Sdk\targets\Microsoft.NET.TargetFrameworkInference.targets" 内にある、プロジェクト "C:\Users\tuoza\source\repos\Archivio\Archivio\Archivio.csproj" からのターゲット "_NormalizeTargetPlatformVersion" (ターゲット "_CheckForInvalidTargetPlatformVersion" は依存):
   1:7>プロジェクト "Archivio.csproj" 内のターゲット "_NormalizeTargetPlatformVersion" のビルドが終了しました。
   1:7>ファイル "C:\Program Files\dotnet\sdk\10.0.301\Sdks\Microsoft.NET.Sdk\targets\Microsoft.NET.TargetFrameworkInference.targets" 内にある、プロジェクト "C:\Users\tuoza\source\repos\Archivio\Archivio\Archivio.csproj" からのターゲット "_CheckForInvalidTargetPlatformVersion" (ターゲット "_CheckForInvalidConfigurationAndPlatform" は依存):
   1:7>プロジェクト "Archivio.csproj" 内のターゲット "_CheckForInvalidTargetPlatformVersion" のビルドが終了しました。
   1:7>ファイル "C:\Program Files\dotnet\sdk\10.0.301\Sdks\Microsoft.NET.Sdk\targets\Microsoft.NET.DefaultOutputPaths.targets" 内にある、プロジェクト "C:\Users\tuoza\source\repos\Archivio\Archivio\Archivio.csproj" からのターゲット "_CheckForUnsupportedArtifactsPath" (ターゲット "_CheckForInvalidConfigurationAndPlatform" は依存):
   1:7>プロジェクト "Archivio.csproj" 内のターゲット "_CheckForUnsupportedArtifactsPath" のビルドが終了しました。
   1:7>ファイル "C:\Program Files\dotnet\sdk\10.0.301\Sdks\Microsoft.NET.Sdk\targets\Microsoft.NET.RuntimeIdentifierInference.targets" 内にある、プロジェクト "C:\Users\tuoza\source\repos\Archivio\Archivio\Archivio.csproj" からのターゲット "_CheckRIDAsserts" (ターゲット "_CheckForUnsupportedAppHostUsage" は依存):
   1:7>プロジェクト "Archivio.csproj" 内のターゲット "_CheckRIDAsserts" のビルドが終了しました。
   1:7>ファイル "C:\Program Files\dotnet\sdk\10.0.301\Sdks\Microsoft.NET.Sdk\targets\Microsoft.NET.RuntimeIdentifierInference.targets" 内にある、プロジェクト "C:\Users\tuoza\source\repos\Archivio\Archivio\Archivio.csproj" からのターゲット "_CheckForUnsupportedAppHostUsage" (ターゲット "_CheckForInvalidConfigurationAndPlatform" は依存):
   1:7>プロジェクト "Archivio.csproj" 内のターゲット "_CheckForUnsupportedAppHostUsage" のビルドが終了しました。
   1:7>ファイル "C:\Program Files\dotnet\sdk\10.0.301\Sdks\Microsoft.NET.Sdk\targets\Microsoft.NET.RuntimeIdentifierInference.targets" 内にある、プロジェクト "C:\Users\tuoza\source\repos\Archivio\Archivio\Archivio.csproj" からのターゲット "_CheckForUnsupportedHostingUsage" (ターゲット "_CheckForInvalidConfigurationAndPlatform" は依存):
   1:7>プロジェクト "Archivio.csproj" 内のターゲット "_CheckForUnsupportedHostingUsage" のビルドが終了しました。
   1:7>ファイル "C:\Program Files\dotnet\sdk\10.0.301\Sdks\Microsoft.NET.Sdk\targets\Microsoft.NET.RuntimeIdentifierInference.targets" 内にある、プロジェクト "C:\Users\tuoza\source\repos\Archivio\Archivio\Archivio.csproj" からのターゲット "_CheckAndUnsetUnsupportedPrefer32Bit" (ターゲット "_CheckForInvalidConfigurationAndPlatform" は依存):
   1:7>プロジェクト "Archivio.csproj" 内のターゲット "_CheckAndUnsetUnsupportedPrefer32Bit" のビルドが終了しました。
   1:7>ファイル "C:\Program Files\dotnet\sdk\10.0.301\Sdks\Microsoft.NET.Sdk\targets\Microsoft.NET.RuntimeIdentifierInference.targets" 内にある、プロジェクト "C:\Users\tuoza\source\repos\Archivio\Archivio\Archivio.csproj" からのターゲット "_CheckForMismatchingPlatform" (ターゲット "_CheckForInvalidConfigurationAndPlatform" は依存):
   1:7>プロジェクト "Archivio.csproj" 内のターゲット "_CheckForMismatchingPlatform" のビルドが終了しました。
   1:7>ファイル "C:\Program Files\dotnet\sdk\10.0.301\Sdks\Microsoft.NET.Sdk\targets\Microsoft.NET.RuntimeIdentifierInference.targets" 内にある、プロジェクト "C:\Users\tuoza\source\repos\Archivio\Archivio\Archivio.csproj" からのターゲット "_CheckForLanguageAndFeatureCombinationSupport" (ターゲット "_CheckForInvalidConfigurationAndPlatform" は依存):
   1:7>プロジェクト "Archivio.csproj" 内のターゲット "_CheckForLanguageAndFeatureCombinationSupport" のビルドが終了しました。
   1:7>ファイル "C:\Program Files\dotnet\sdk\10.0.301\Sdks\Microsoft.NET.Sdk\targets\Microsoft.NET.Sdk.DefaultItems.Shared.targets" 内にある、プロジェクト "C:\Users\tuoza\source\repos\Archivio\Archivio\Archivio.csproj" からのターゲット "UpdateAspNetToFrameworkReference" (ターゲット "ApplyImplicitVersions" は依存):
       "CheckIfPackageReferenceShouldBeFrameworkReference" タスクをアセンブリ "C:\Program Files\dotnet\sdk\10.0.301\Sdks\Microsoft.NET.Sdk\targets\..\tools\net10.0\Microsoft.NET.Build.Tasks.dll" から使用しています。
       タスク "CheckIfPackageReferenceShouldBeFrameworkReference"
       タスク "CheckIfPackageReferenceShouldBeFrameworkReference" の実行が終了しました。
       タスク "CheckIfPackageReferenceShouldBeFrameworkReference"
       タスク "CheckIfPackageReferenceShouldBeFrameworkReference" の実行が終了しました。
   1:7>プロジェクト "Archivio.csproj" 内のターゲット "UpdateAspNetToFrameworkReference" のビルドが終了しました。
   1:7>ファイル "C:\Program Files\dotnet\sdk\10.0.301\Sdks\Microsoft.NET.Sdk\targets\Microsoft.NET.Sdk.DefaultItems.Shared.targets" 内にある、プロジェクト "C:\Users\tuoza\source\repos\Archivio\Archivio\Archivio.csproj" からのターゲット "CheckForImplicitPackageReferenceOverrides" (ターゲット "ApplyImplicitVersions" は依存):
       "CheckForImplicitPackageReferenceOverrides" タスクをアセンブリ "C:\Program Files\dotnet\sdk\10.0.301\Sdks\Microsoft.NET.Sdk\targets\..\tools\net10.0\Microsoft.NET.Build.Tasks.dll" から使用しています。
       タスク "CheckForImplicitPackageReferenceOverrides"
       タスク "CheckForImplicitPackageReferenceOverrides" の実行が終了しました。
   1:7>プロジェクト "Archivio.csproj" 内のターゲット "CheckForImplicitPackageReferenceOverrides" のビルドが終了しました。
   1:7>ファイル "C:\Program Files\dotnet\sdk\10.0.301\Sdks\Microsoft.NET.Sdk\targets\Microsoft.NET.Sdk.DefaultItems.Shared.targets" 内にある、プロジェクト "C:\Users\tuoza\source\repos\Archivio\Archivio\Archivio.csproj" からのターゲット "ApplyImplicitVersions" (ターゲット "CollectPackageReferences" は依存):
       "ApplyImplicitVersions" タスクをアセンブリ "C:\Program Files\dotnet\sdk\10.0.301\Sdks\Microsoft.NET.Sdk\targets\..\tools\net10.0\Microsoft.NET.Build.Tasks.dll" から使用しています。
       タスク "ApplyImplicitVersions"
       タスク "ApplyImplicitVersions" の実行が終了しました。
   1:7>プロジェクト "Archivio.csproj" 内のターゲット "ApplyImplicitVersions" のビルドが終了しました。
       ターゲット "CheckForImplicitPackageReferenceOverrides" を省略しました。以前に正しくビルドされていました。
   1:7>ファイル "C:\Program Files\dotnet\sdk\10.0.301\Sdks\Microsoft.NET.Sdk\targets\Microsoft.NET.Sdk.FrameworkReferenceResolution.targets" 内にある、プロジェクト "C:\Users\tuoza\source\repos\Archivio\Archivio\Archivio.csproj" からのターゲット "AddWindowsSdkKnownFrameworkReferences" (ターゲット "ProcessFrameworkReferences" は依存):
       "CreateWindowsSdkKnownFrameworkReferences" タスクをアセンブリ "C:\Program Files\dotnet\sdk\10.0.301\Sdks\Microsoft.NET.Sdk\targets\..\tools\net10.0\Microsoft.NET.Build.Tasks.dll" から使用しています。
       タスク "CreateWindowsSdkKnownFrameworkReferences"
       タスク "CreateWindowsSdkKnownFrameworkReferences" の実行が終了しました。
   1:7>プロジェクト "Archivio.csproj" 内のターゲット "AddWindowsSdkKnownFrameworkReferences" のビルドが終了しました。
   1:7>ファイル "C:\Program Files\dotnet\sdk\10.0.301\Sdks\Microsoft.NET.Sdk\targets\Microsoft.NET.Publish.targets" 内にある、プロジェクト "C:\Users\tuoza\source\repos\Archivio\Archivio\Archivio.csproj" からのターゲット "_ComputeToolPackInputsToProcessFrameworkReferences" (ターゲット "ProcessFrameworkReferences" は依存):
   1:7>プロジェクト "Archivio.csproj" 内のターゲット "_ComputeToolPackInputsToProcessFrameworkReferences" のビルドが終了しました。
   1:7>ファイル "C:\Program Files\dotnet\sdk\10.0.301\Sdks\Microsoft.NET.Sdk\targets\Microsoft.NET.Sdk.FrameworkReferenceResolution.targets" 内にある、プロジェクト "C:\Users\tuoza\source\repos\Archivio\Archivio\Archivio.csproj" からのターゲット "ProcessFrameworkReferences" (ターゲット "CollectPackageReferences" は依存):
       "CheckForDuplicateFrameworkReferences" タスクをアセンブリ "C:\Program Files\dotnet\sdk\10.0.301\Sdks\Microsoft.NET.Sdk\targets\..\tools\net10.0\Microsoft.NET.Build.Tasks.dll" から使用しています。
       タスク "CheckForDuplicateFrameworkReferences"
       タスク "CheckForDuplicateFrameworkReferences" の実行が終了しました。
       "ProcessFrameworkReferences" タスクをアセンブリ "C:\Program Files\dotnet\sdk\10.0.301\Sdks\Microsoft.NET.Sdk\targets\..\tools\net10.0\Microsoft.NET.Build.Tasks.dll" から使用しています。
       タスク "ProcessFrameworkReferences"
         Found 2 known framework references for target framework .NETCoreApp
         Found 6 known runtime packs for target framework .NETCoreApp
         Selected Microsoft.NETCore.App with RIDs 'linux-arm;linux-arm64;linux-musl-arm64;linux-musl-x64;linux-x64;osx-x64;tizen.4.0.0-armel;tizen.5.0.0-armel;win-arm64;win-x64;win-x86;linux-musl-arm;osx-arm64;linux-s390x;linux-loongarch64;linux-bionic-arm;linux-bionic-arm64;linux-bionic-x64;linux-bionic-x86;linux-ppc64le;freebsd-x64;freebsd-arm64;linux-riscv64;linux-musl-riscv64;linux-musl-loongarch64;android-arm64;android-x64'
         Selected targeting pack 'Microsoft.NETCore.App@10.0.9'
         Finding best RID match for pack Microsoft.NETCore.App@10.0.9 for target RID 'win-x86' from 'linux-arm;linux-arm64;linux-musl-arm64;linux-musl-x64;linux-x64;osx-x64;tizen.4.0.0-armel;tizen.5.0.0-armel;win-arm64;win-x64;win-x86;linux-musl-arm;osx-arm64;linux-s390x;linux-loongarch64;linux-bionic-arm;linux-bionic-arm64;linux-bionic-x64;linux-bionic-x86;linux-ppc64le;freebsd-x64;freebsd-arm64;linux-riscv64;linux-musl-riscv64;linux-musl-loongarch64;android-arm64;android-x64' excluding ''
         Finding best RID match for pack Microsoft.NETCore.App@10.0.9 for target RID 'win-x64' from 'linux-arm;linux-arm64;linux-musl-arm64;linux-musl-x64;linux-x64;osx-x64;tizen.4.0.0-armel;tizen.5.0.0-armel;win-arm64;win-x64;win-x86;linux-musl-arm;osx-arm64;linux-s390x;linux-loongarch64;linux-bionic-arm;linux-bionic-arm64;linux-bionic-x64;linux-bionic-x86;linux-ppc64le;freebsd-x64;freebsd-arm64;linux-riscv64;linux-musl-riscv64;linux-musl-loongarch64;android-arm64;android-x64' excluding ''
         Finding best RID match for pack Microsoft.NETCore.App@10.0.9 for target RID 'win-arm64' from 'linux-arm;linux-arm64;linux-musl-arm64;linux-musl-x64;linux-x64;osx-x64;tizen.4.0.0-armel;tizen.5.0.0-armel;win-arm64;win-x64;win-x86;linux-musl-arm;osx-arm64;linux-s390x;linux-loongarch64;linux-bionic-arm;linux-bionic-arm64;linux-bionic-x64;linux-bionic-x86;linux-ppc64le;freebsd-x64;freebsd-arm64;linux-riscv64;linux-musl-riscv64;linux-musl-loongarch64;android-arm64;android-x64' excluding ''
         Added runtime framework 'Microsoft.NETCore.App@10.0.0'
         Selected Microsoft.WindowsDesktop.App with RIDs 'win-x64;win-x86;win-arm64'
         Selected targeting pack 'Microsoft.WindowsDesktop.App@10.0.9'
         Finding best RID match for pack Microsoft.WindowsDesktop.App@10.0.9 for target RID 'win-x86' from 'win-x64;win-x86;win-arm64' excluding ''
         Finding best RID match for pack Microsoft.WindowsDesktop.App@10.0.9 for target RID 'win-x64' from 'win-x64;win-x86;win-arm64' excluding ''
         Finding best RID match for pack Microsoft.WindowsDesktop.App@10.0.9 for target RID 'win-arm64' from 'win-x64;win-x86;win-arm64' excluding ''
         Added runtime framework 'Microsoft.WindowsDesktop.App@10.0.0'
         Selected Microsoft.WindowsDesktop.App with RIDs 'win-x64;win-x86;win-arm64'
         Selected targeting pack 'Microsoft.WindowsDesktop.App.WPF@10.0.9'
         Finding best RID match for pack Microsoft.WindowsDesktop.App.WPF@10.0.9 for target RID 'win-x86' from 'win-x64;win-x86;win-arm64' excluding ''
         Finding best RID match for pack Microsoft.WindowsDesktop.App.WPF@10.0.9 for target RID 'win-x64' from 'win-x64;win-x86;win-arm64' excluding ''
         Finding best RID match for pack Microsoft.WindowsDesktop.App.WPF@10.0.9 for target RID 'win-arm64' from 'win-x64;win-x86;win-arm64' excluding ''
         Added runtime framework 'Microsoft.WindowsDesktop.App@10.0.0'
         Selected Microsoft.WindowsDesktop.App with RIDs 'win-x64;win-x86;win-arm64'
         Selected targeting pack 'Microsoft.WindowsDesktop.App.WindowsForms@10.0.9'
         Finding best RID match for pack Microsoft.WindowsDesktop.App.WindowsForms@10.0.9 for target RID 'win-x86' from 'win-x64;win-x86;win-arm64' excluding ''
         Finding best RID match for pack Microsoft.WindowsDesktop.App.WindowsForms@10.0.9 for target RID 'win-x64' from 'win-x64;win-x86;win-arm64' excluding ''
         Finding best RID match for pack Microsoft.WindowsDesktop.App.WindowsForms@10.0.9 for target RID 'win-arm64' from 'win-x64;win-x86;win-arm64' excluding ''
         Added runtime framework 'Microsoft.WindowsDesktop.App@10.0.0'
         Selected Microsoft.AspNetCore.App with RIDs 'win-x64;win-x86;osx-x64;linux-musl-x64;linux-musl-arm64;linux-x64;linux-arm;linux-arm64;linux-musl-arm;win-arm64;osx-arm64;linux-s390x;linux-loongarch64;linux-ppc64le;freebsd-x64;freebsd-arm64;linux-riscv64;linux-musl-riscv64;linux-loongarch64;linux-musl-loongarch64'
         Selected targeting pack 'Microsoft.AspNetCore.App@10.0.9'
         Finding best RID match for pack Microsoft.AspNetCore.App@10.0.9 for target RID 'win-x86' from 'win-x64;win-x86;osx-x64;linux-musl-x64;linux-musl-arm64;linux-x64;linux-arm;linux-arm64;linux-musl-arm;win-arm64;osx-arm64;linux-s390x;linux-loongarch64;linux-ppc64le;freebsd-x64;freebsd-arm64;linux-riscv64;linux-musl-riscv64;linux-loongarch64;linux-musl-loongarch64' excluding 'android;linux-bionic'
         Finding best RID match for pack Microsoft.AspNetCore.App@10.0.9 for target RID 'win-x64' from 'win-x64;win-x86;osx-x64;linux-musl-x64;linux-musl-arm64;linux-x64;linux-arm;linux-arm64;linux-musl-arm;win-arm64;osx-arm64;linux-s390x;linux-loongarch64;linux-ppc64le;freebsd-x64;freebsd-arm64;linux-riscv64;linux-musl-riscv64;linux-loongarch64;linux-musl-loongarch64' excluding 'android;linux-bionic'
         Finding best RID match for pack Microsoft.AspNetCore.App@10.0.9 for target RID 'win-arm64' from 'win-x64;win-x86;osx-x64;linux-musl-x64;linux-musl-arm64;linux-x64;linux-arm;linux-arm64;linux-musl-arm;win-arm64;osx-arm64;linux-s390x;linux-loongarch64;linux-ppc64le;freebsd-x64;freebsd-arm64;linux-riscv64;linux-musl-riscv64;linux-loongarch64;linux-musl-loongarch64' excluding 'android;linux-bionic'
         Added runtime framework 'Microsoft.AspNetCore.App@10.0.0'
         Selected Microsoft.Windows.SDK.NET.Ref with RIDs 'any'
         Selected targeting pack 'Microsoft.Windows.SDK.NET.Ref@10.0.19041.57'
         Finding best RID match for pack Microsoft.Windows.SDK.NET.Ref@10.0.19041.57 for target RID 'win-x64' from 'any' excluding ''
         Finding best RID match for pack Microsoft.Windows.SDK.NET.Ref@10.0.19041.57 for target RID 'win-x86' from 'any' excluding ''
         Finding best RID match for pack Microsoft.Windows.SDK.NET.Ref@10.0.19041.57 for target RID 'win-arm64' from 'any' excluding ''
         Selected Microsoft.Windows.SDK.NET.Ref with RIDs 'any'
         Selected targeting pack 'Microsoft.Windows.SDK.NET.Ref.Windows@10.0.19041.57'
         Finding best RID match for pack Microsoft.Windows.SDK.NET.Ref.Windows@10.0.19041.57 for target RID 'win-x64' from 'any' excluding ''
         Finding best RID match for pack Microsoft.Windows.SDK.NET.Ref.Windows@10.0.19041.57 for target RID 'win-x86' from 'any' excluding ''
         Finding best RID match for pack Microsoft.Windows.SDK.NET.Ref.Windows@10.0.19041.57 for target RID 'win-arm64' from 'any' excluding ''
         Selected Microsoft.Windows.SDK.NET.Ref with RIDs 'any'
         Selected targeting pack 'Microsoft.Windows.SDK.NET.Ref.Xaml@10.0.19041.57'
         Finding best RID match for pack Microsoft.Windows.SDK.NET.Ref.Xaml@10.0.19041.57 for target RID 'win-x64' from 'any' excluding ''
         Finding best RID match for pack Microsoft.Windows.SDK.NET.Ref.Xaml@10.0.19041.57 for target RID 'win-x86' from 'any' excluding ''
         Finding best RID match for pack Microsoft.Windows.SDK.NET.Ref.Xaml@10.0.19041.57 for target RID 'win-arm64' from 'any' excluding ''
         Selected Microsoft.Windows.SDK.NET.Ref with RIDs 'any'
         Selected targeting pack 'Microsoft.Windows.SDK.NET.Ref.CsWinRT3.Windows@10.0.19041.57'
         Finding best RID match for pack Microsoft.Windows.SDK.NET.Ref.CsWinRT3.Windows@10.0.19041.57 for target RID 'win-x64' from 'any' excluding ''
         Finding best RID match for pack Microsoft.Windows.SDK.NET.Ref.CsWinRT3.Windows@10.0.19041.57 for target RID 'win-x86' from 'any' excluding ''
         Finding best RID match for pack Microsoft.Windows.SDK.NET.Ref.CsWinRT3.Windows@10.0.19041.57 for target RID 'win-arm64' from 'any' excluding ''
         Selected Microsoft.Windows.SDK.NET.Ref with RIDs 'any'
         Selected targeting pack 'Microsoft.Windows.SDK.NET.Ref.CsWinRT3.Xaml@10.0.19041.57'
         Finding best RID match for pack Microsoft.Windows.SDK.NET.Ref.CsWinRT3.Xaml@10.0.19041.57 for target RID 'win-x64' from 'any' excluding ''
         Finding best RID match for pack Microsoft.Windows.SDK.NET.Ref.CsWinRT3.Xaml@10.0.19041.57 for target RID 'win-x86' from 'any' excluding ''
         Finding best RID match for pack Microsoft.Windows.SDK.NET.Ref.CsWinRT3.Xaml@10.0.19041.57 for target RID 'win-arm64' from 'any' excluding ''
       タスク "ProcessFrameworkReferences" の実行が終了しました。
       "ResolveAppHosts" タスクをアセンブリ "C:\Program Files\dotnet\sdk\10.0.301\Sdks\Microsoft.NET.Sdk\targets\..\tools\net10.0\Microsoft.NET.Build.Tasks.dll" から使用しています。
       タスク "ResolveAppHosts"
       タスク "ResolveAppHosts" の実行が終了しました。
   1:7>プロジェクト "Archivio.csproj" 内のターゲット "ProcessFrameworkReferences" のビルドが終了しました。
   1:7>ファイル "C:\Program Files\dotnet\sdk\10.0.301\Sdks\Microsoft.NET.Sdk\targets\Microsoft.NET.ObsoleteReferences.targets" 内にある、プロジェクト "C:\Users\tuoza\source\repos\Archivio\Archivio\Archivio.csproj" からのターゲット "_CheckForObsoleteDotNetCliToolReferences" (ターゲット "CollectPackageReferences" は依存):
   1:7>プロジェクト "Archivio.csproj" 内のターゲット "_CheckForObsoleteDotNetCliToolReferences" のビルドが終了しました。
   1:7>ファイル "C:\Program Files\dotnet\sdk\10.0.301\NuGet.targets" 内にある、プロジェクト "C:\Users\tuoza\source\repos\Archivio\Archivio\Archivio.csproj" からのターゲット "CollectPackageReferences" (ターゲット "_GetRestoreProjectStyle" は依存):
       "CheckForDuplicateNuGetItemsTask" タスクをアセンブリ "C:\Program Files\dotnet\sdk\10.0.301\NuGet.Build.Tasks.dll" から使用しています。
       タスク "CheckForDuplicateNuGetItemsTask"
       タスク "CheckForDuplicateNuGetItemsTask" の実行が終了しました。
   1:7>プロジェクト "Archivio.csproj" 内のターゲット "CollectPackageReferences" のビルドが終了しました。
   1:7>ファイル "C:\Program Files\dotnet\sdk\10.0.301\NuGet.targets" 内にある、プロジェクト "C:\Users\tuoza\source\repos\Archivio\Archivio\Archivio.csproj" からのターゲット "_GetRestoreProjectStyle" (ターゲット "EnableIntermediateOutputPathMismatchWarning" は依存):
       "GetRestoreProjectStyleTask" タスクをアセンブリ "C:\Program Files\dotnet\sdk\10.0.301\NuGet.Build.Tasks.dll" から使用しています。
       タスク "GetRestoreProjectStyleTask"
       タスク "GetRestoreProjectStyleTask" の実行が終了しました。
   1:7>プロジェクト "Archivio.csproj" 内のターゲット "_GetRestoreProjectStyle" のビルドが終了しました。
   1:7>ファイル "C:\Program Files\dotnet\sdk\10.0.301\NuGet.targets" 内にある、プロジェクト "C:\Users\tuoza\source\repos\Archivio\Archivio\Archivio.csproj" からのターゲット "EnableIntermediateOutputPathMismatchWarning" (ターゲット "_CheckForInvalidConfigurationAndPlatform" は依存):
   1:7>プロジェクト "Archivio.csproj" 内のターゲット "EnableIntermediateOutputPathMismatchWarning" のビルドが終了しました。
   1:7>ファイル "C:\Program Files\dotnet\sdk\10.0.301\Sdks\Microsoft.NET.Sdk\targets\Microsoft.NET.Sdk.DefaultItems.Shared.targets" 内にある、プロジェクト "C:\Users\tuoza\source\repos\Archivio\Archivio\Archivio.csproj" からのターゲット "CheckForDuplicateItems" (ターゲット "CheckForDuplicatePriItems" は依存):
       "CheckForDuplicateItems" タスクをアセンブリ "C:\Program Files\dotnet\sdk\10.0.301\Sdks\Microsoft.NET.Sdk\targets\..\tools\net10.0\Microsoft.NET.Build.Tasks.dll" から使用しています。
       タスク "CheckForDuplicateItems"
       タスク "CheckForDuplicateItems" の実行が終了しました。
       タスク "CheckForDuplicateItems"
       タスク "CheckForDuplicateItems" の実行が終了しました。
       タスク "CheckForDuplicateItems"
       タスク "CheckForDuplicateItems" の実行が終了しました。
   1:7>プロジェクト "Archivio.csproj" 内のターゲット "CheckForDuplicateItems" のビルドが終了しました。
   1:7>ファイル "C:\Users\tuoza\.nuget\packages\microsoft.windows.sdk.buildtools.msix\1.7.20250829.1\build\Microsoft.Windows.SDK.BuildTools.MSIX.Pri.targets" 内にある、プロジェクト "C:\Users\tuoza\source\repos\Archivio\Archivio\Archivio.csproj" からのターゲット "CheckForDuplicatePriItems" (ターゲット "_CheckForInvalidConfigurationAndPlatform" は依存):
       タスク "CheckForDuplicateItems"
       タスク "CheckForDuplicateItems" の実行が終了しました。
   1:7>プロジェクト "Archivio.csproj" 内のターゲット "CheckForDuplicatePriItems" のビルドが終了しました。
   1:7>ファイル "C:\Users\tuoza\.nuget\packages\microsoft.windows.sdk.buildtools.msix\1.7.20250829.1\build\Microsoft.Windows.SDK.BuildTools.MSIX.targets" 内にある、プロジェクト "C:\Users\tuoza\source\repos\Archivio\Archivio\Archivio.csproj" からのターゲット "MsixCheckForInvalidCustomBeforeMicrosoftCommonTargets" (ターゲット "_CheckForInvalidConfigurationAndPlatform" は依存):
   1:7>プロジェクト "Archivio.csproj" 内のターゲット "MsixCheckForInvalidCustomBeforeMicrosoftCommonTargets" のビルドが終了しました。
       ターゲット "CheckForDuplicateItems" を省略しました。以前に正しくビルドされていました。
   1:7>ファイル "C:\Users\tuoza\.nuget\packages\microsoft.windowsappsdk.winui\1.8.260803003\buildTransitive\Microsoft.WinUI.targets" 内にある、プロジェクト "C:\Users\tuoza\source\repos\Archivio\Archivio\Archivio.csproj" からのターゲット "CheckForDuplicatePageItems" (ターゲット "_CheckForInvalidConfigurationAndPlatform" は依存):
       タスク "CheckForDuplicateItems"
       タスク "CheckForDuplicateItems" の実行が終了しました。
   1:7>プロジェクト "Archivio.csproj" 内のターゲット "CheckForDuplicatePageItems" のビルドが終了しました。
   1:7>ファイル "C:\Users\tuoza\.nuget\packages\microsoft.windowsappsdk.winui\1.8.260803003\buildTransitive\Microsoft.WinUI.targets" 内にある、プロジェクト "C:\Users\tuoza\source\repos\Archivio\Archivio\Archivio.csproj" からのターゲット "CheckForInvalidCustomBeforeMicrosoftCommonTargets" (ターゲット "_CheckForInvalidConfigurationAndPlatform" は依存):
   1:7>プロジェクト "Archivio.csproj" 内のターゲット "CheckForInvalidCustomBeforeMicrosoftCommonTargets" のビルドが終了しました。
       ターゲット "ApplyImplicitVersions" を省略しました。以前に正しくビルドされていました。
       ターゲット "CheckForImplicitPackageReferenceOverrides" を省略しました。以前に正しくビルドされていました。
       ターゲット "CheckForDuplicateItems" を省略しました。以前に正しくビルドされていました。
       ターゲット "ProcessFrameworkReferences" を省略しました。以前に正しくビルドされていました。
   1:7>ファイル "C:\Program Files\dotnet\sdk\10.0.301\Microsoft.Common.CurrentVersion.targets" 内にある、プロジェクト "C:\Users\tuoza\source\repos\Archivio\Archivio\Archivio.csproj" からのターゲット "_CheckForInvalidConfigurationAndPlatform" (ターゲット "BeforeBuild" は依存):
       タスク "Message"
         Configuration=Debug
       タスク "Message" の実行が終了しました。
       タスク "Message"
         Platform=x64
       タスク "Message" の実行が終了しました。
   1:7>プロジェクト "Archivio.csproj" 内のターゲット "_CheckForInvalidConfigurationAndPlatform" のビルドが終了しました。
   1:7>ファイル "C:\Program Files\dotnet\sdk\10.0.301\Sdks\Microsoft.NET.Sdk\targets\Microsoft.NET.Sdk.targets" 内にある、プロジェクト "C:\Users\tuoza\source\repos\Archivio\Archivio\Archivio.csproj" からのターゲット "ValidateCommandLineProperties" (ターゲット "BeforeBuild" は依存):
   1:7>プロジェクト "Archivio.csproj" 内のターゲット "ValidateCommandLineProperties" のビルドが終了しました。
   1:7>ファイル "C:\Program Files\dotnet\sdk\10.0.301\Microsoft.Common.CurrentVersion.targets" 内にある、プロジェクト "C:\Users\tuoza\source\repos\Archivio\Archivio\Archivio.csproj" からのターゲット "BeforeBuild" (ターゲット "Build" は依存):
   1:7>プロジェクト "Archivio.csproj" 内のターゲット "BeforeBuild" のビルドが終了しました。
   1:7>ファイル "C:\Program Files\dotnet\sdk\10.0.301\Microsoft.Common.CurrentVersion.targets" 内にある、プロジェクト "C:\Users\tuoza\source\repos\Archivio\Archivio\Archivio.csproj" からのターゲット "BuildOnlySettings" (ターゲット "CoreBuild" は依存):
       C:\Program Files\dotnet\sdk\10.0.301\Microsoft.Common.CurrentVersion.targets(1168,7): message : プロパティの再代入: $(BuildingProject)="true" (以前の値: "false") C:\Program Files\dotnet\sdk\10.0.301\Microsoft.Common.CurrentVersion.targets (1168,7) [C:\Users\tuoza\source\repos\Archivio\Archivio\Archivio.csproj]
   1:7>プロジェクト "Archivio.csproj" 内のターゲット "BuildOnlySettings" のビルドが終了しました。
   1:7>ファイル "C:\Program Files\dotnet\sdk\10.0.301\Sdks\Microsoft.NET.Sdk\targets\Microsoft.NET.DisableStandardFrameworkResolution.targets" 内にある、プロジェクト "C:\Users\tuoza\source\repos\Archivio\Archivio\Archivio.csproj" からのターゲット "GetFrameworkPaths" (ターゲット "PrepareForBuild" は依存):
   1:7>プロジェクト "Archivio.csproj" 内のターゲット "GetFrameworkPaths" のビルドが終了しました。
   1:7>ファイル "C:\Program Files\dotnet\sdk\10.0.301\Sdks\Microsoft.NET.Sdk\targets\Microsoft.NET.DisableStandardFrameworkResolution.targets" 内にある、プロジェクト "C:\Users\tuoza\source\repos\Archivio\Archivio\Archivio.csproj" からのターゲット "GetReferenceAssemblyPaths" (ターゲット "PrepareForBuild" は依存):
   1:7>プロジェクト "Archivio.csproj" 内のターゲット "GetReferenceAssemblyPaths" のビルドが終了しました。
   1:7>ファイル "C:\Users\tuoza\.nuget\packages\microsoft.windows.sdk.buildtools.msix\1.7.20250829.1\build\Microsoft.Windows.SDK.BuildTools.MSIX.Packaging.targets" 内にある、プロジェクト "C:\Users\tuoza\source\repos\Archivio\Archivio\Archivio.csproj" からのターゲット "_ValidateWindowsPackageType" (ターゲット "PrepareForBuild" は依存):
   1:7>プロジェクト "Archivio.csproj" 内のターゲット "_ValidateWindowsPackageType" のビルドが終了しました。
   1:7>ファイル "C:\Users\tuoza\.nuget\packages\microsoft.windows.sdk.buildtools.msix\1.7.20250829.1\build\Microsoft.Windows.SDK.BuildTools.MSIX.Packaging.targets" 内にある、プロジェクト "C:\Users\tuoza\source\repos\Archivio\Archivio\Archivio.csproj" からのターゲット "_CalculatePrepareMsixPackage" (ターゲット "PrepareForBuild" は依存):
   1:7>プロジェクト "Archivio.csproj" 内のターゲット "_CalculatePrepareMsixPackage" のビルドが終了しました。
   1:7>ファイル "C:\Program Files\dotnet\sdk\10.0.301\Microsoft.Common.CurrentVersion.targets" 内にある、プロジェクト "C:\Users\tuoza\source\repos\Archivio\Archivio\Archivio.csproj" からのターゲット "PrepareForBuild" (ターゲット "CoreBuild" は依存):
       "FindAppConfigFile" タスクをアセンブリ "Microsoft.Build.Tasks.Core, Version=15.1.0.0, Culture=neutral, PublicKeyToken=b03f5f7f11d50a3a" から使用しています。
       タスク "FindAppConfigFile"
       タスク "FindAppConfigFile" の実行が終了しました。
       "MakeDir" タスクをアセンブリ "Microsoft.Build.Tasks.Core, Version=15.1.0.0, Culture=neutral, PublicKeyToken=b03f5f7f11d50a3a" から使用しています。
       タスク "MakeDir"
       タスク "MakeDir" の実行が終了しました。
   1:7>プロジェクト "Archivio.csproj" 内のターゲット "PrepareForBuild" のビルドが終了しました。
   1:7>ファイル "C:\Program Files\dotnet\sdk\10.0.301\Sdks\Microsoft.NET.Sdk\targets\Microsoft.NET.Sdk.BeforeCommon.targets" 内にある、プロジェクト "C:\Users\tuoza\source\repos\Archivio\Archivio\Archivio.csproj" からのターゲット "GenerateTargetFrameworkDefineConstants" (ターゲット "AddImplicitDefineConstants" は依存):
   1:7>プロジェクト "Archivio.csproj" 内のターゲット "GenerateTargetFrameworkDefineConstants" のビルドが終了しました。
   1:7>ファイル "C:\Program Files\dotnet\sdk\10.0.301\Sdks\Microsoft.NET.Sdk\targets\Microsoft.NET.Sdk.BeforeCommon.targets" 内にある、プロジェクト "C:\Users\tuoza\source\repos\Archivio\Archivio\Archivio.csproj" からのターゲット "GenerateTargetPlatformDefineConstants" (ターゲット "AddImplicitDefineConstants" は依存):
   1:7>プロジェクト "Archivio.csproj" 内のターゲット "GenerateTargetPlatformDefineConstants" のビルドが終了しました。
   1:7>ファイル "C:\Program Files\dotnet\sdk\10.0.301\Sdks\Microsoft.NET.Sdk\targets\Microsoft.NET.Sdk.BeforeCommon.targets" 内にある、プロジェクト "C:\Users\tuoza\source\repos\Archivio\Archivio\Archivio.csproj" からのターゲット "GenerateNETCompatibleDefineConstants" (ターゲット "AddImplicitDefineConstants" は依存):
   1:7>プロジェクト "Archivio.csproj" 内のターゲット "GenerateNETCompatibleDefineConstants" のビルドが終了しました。
   1:7>ファイル "C:\Program Files\dotnet\sdk\10.0.301\Sdks\Microsoft.NET.Sdk\targets\Microsoft.NET.Sdk.BeforeCommon.targets" 内にある、プロジェクト "C:\Users\tuoza\source\repos\Archivio\Archivio\Archivio.csproj" からのターゲット "GeneratePlatformCompatibleDefineConstants" (ターゲット "AddImplicitDefineConstants" は依存):
   1:7>プロジェクト "Archivio.csproj" 内のターゲット "GeneratePlatformCompatibleDefineConstants" のビルドが終了しました。
   1:7>ファイル "C:\Program Files\dotnet\sdk\10.0.301\Sdks\Microsoft.NET.Sdk\targets\Microsoft.NET.Sdk.BeforeCommon.targets" 内にある、プロジェクト "C:\Users\tuoza\source\repos\Archivio\Archivio\Archivio.csproj" からのターゲット "AddImplicitDefineConstants" (ターゲット "CoreBuild" は依存):
       C:\Program Files\dotnet\sdk\10.0.301\Sdks\Microsoft.NET.Sdk\targets\Microsoft.NET.Sdk.BeforeCommon.targets(295,7): message : プロパティの再代入: $(DefineConstants)="TRACE;MICROSOFT_WINDOWSAPPSDK_BOOTSTRAP_AUTO_INITIALIZE;MICROSOFT_WINDOWSAPPSDK_AUTOINITIALIZE_BOOTSTRAP;DEBUG;NET;NET10_0;NETCOREAPP;WINDOWS;WINDOWS10_0_19041_0;NET5_0_OR_GREATER;NET6_0_OR_GREATER;NET7_0_OR_GREATER;NET8_0_OR_GREATER;NET9_0_OR_GREATER;NET10_0_OR_GREATER;NETCOREAPP1_0_OR_GREATER;NETCOREAPP1_1_OR_GREATER;NETCOREAPP2_0_OR_GREATER;NETCOREAPP2_1_OR_GREATER;NETCOREAPP2_2_OR_GREATER;NETCOREAPP3_0_OR_GREATER;NETCOREAPP3_1_OR_GREATER;WINDOWS10_0_19041_0_OR_GREATER;WINDOWS10_0_18362_0_OR_GREATER;WINDOWS10_0_17763_0_OR_GREATER;WINDOWS8_0_OR_GREATER;WINDOWS7_0_OR_GREATER" (以前の値: "TRACE;MICROSOFT_WINDOWSAPPSDK_BOOTSTRAP_AUTO_INITIALIZE;MICROSOFT_WINDOWSAPPSDK_AUTOINITIALIZE_BOOTSTRAP;DEBUG") C:\Program Files\dotnet\sdk\10.0.301\Sdks\Microsoft.NET.Sdk\targets\Microsoft.NET.Sdk.BeforeCommon.targets (295,7) [C:\Users\tuoza\source\repos\Archivio\Archivio\Archivio.csproj]
   1:7>プロジェクト "Archivio.csproj" 内のターゲット "AddImplicitDefineConstants" のビルドが終了しました。
   1:7>ファイル "C:\Program Files\dotnet\sdk\10.0.301\Sdks\Microsoft.NET.Sdk\targets\Microsoft.NET.GenerateGlobalUsings.targets" 内にある、プロジェクト "C:\Users\tuoza\source\repos\Archivio\Archivio\Archivio.csproj" からのターゲット "GenerateGlobalUsings" (ターゲット "CoreBuild" は依存):
       "GenerateGlobalUsings" タスクをアセンブリ "C:\Program Files\dotnet\sdk\10.0.301\Sdks\Microsoft.NET.Sdk\targets\..\tools\net10.0\Microsoft.NET.Build.Tasks.dll" から使用しています。
       タスク "GenerateGlobalUsings"
       タスク "GenerateGlobalUsings" の実行が終了しました。
       "WriteLinesToFile" タスクをアセンブリ "Microsoft.Build.Tasks.Core, Version=15.1.0.0, Culture=neutral, PublicKeyToken=b03f5f7f11d50a3a" から使用しています。
       タスク "WriteLinesToFile"
         コンテンツが変更されていないため、ファイル "obj\x64\Debug\net10.0-windows10.0.19041.0\win-x64\Archivio.GlobalUsings.g.cs" への書き込みをスキップします。
       タスク "WriteLinesToFile" の実行が終了しました。
   1:7>プロジェクト "Archivio.csproj" 内のターゲット "GenerateGlobalUsings" のビルドが終了しました。
   1:7>ファイル "C:\Program Files\dotnet\sdk\10.0.301\Microsoft.Common.CurrentVersion.targets" 内にある、プロジェクト "C:\Users\tuoza\source\repos\Archivio\Archivio\Archivio.csproj" からのターゲット "BeforeResolveReferences" (ターゲット "ResolveReferences" は依存):
   1:7>プロジェクト "Archivio.csproj" 内のターゲット "BeforeResolveReferences" のビルドが終了しました。
   1:7>ファイル "C:\Program Files\dotnet\sdk\10.0.301\Microsoft.Common.CurrentVersion.targets" 内にある、プロジェクト "C:\Users\tuoza\source\repos\Archivio\Archivio\Archivio.csproj" からのターゲット "IgnoreJavaScriptOutputAssembly" (ターゲット "AssignProjectConfiguration" は依存):
   1:7>プロジェクト "Archivio.csproj" 内のターゲット "IgnoreJavaScriptOutputAssembly" のビルドが終了しました。
       ターゲット "ProcessFrameworkReferences" を省略しました。以前に正しくビルドされていました。
   1:7>ファイル "C:\Program Files\dotnet\sdk\10.0.301\Sdks\Microsoft.NET.Sdk\targets\Microsoft.NET.Sdk.Shared.targets" 内にある、プロジェクト "C:\Users\tuoza\source\repos\Archivio\Archivio\Archivio.csproj" からのターゲット "_DefaultMicrosoftNETPlatformLibrary" (ターゲット "ResolvePackageAssets" は依存):
   1:7>プロジェクト "Archivio.csproj" 内のターゲット "_DefaultMicrosoftNETPlatformLibrary" のビルドが終了しました。
   1:7>ファイル "C:\Program Files\dotnet\sdk\10.0.301\Sdks\Microsoft.NET.Sdk\targets\Microsoft.NET.Sdk.Shared.targets" 内にある、プロジェクト "C:\Users\tuoza\source\repos\Archivio\Archivio\Archivio.csproj" からのターゲット "_ComputePackageReferencePublish" (ターゲット "ResolvePackageAssets" は依存):
   1:7>プロジェクト "Archivio.csproj" 内のターゲット "_ComputePackageReferencePublish" のビルドが終了しました。
   1:7>ファイル "C:\Program Files\dotnet\sdk\10.0.301\Sdks\Microsoft.NET.Sdk\targets\Microsoft.PackageDependencyResolution.targets" 内にある、プロジェクト "C:\Users\tuoza\source\repos\Archivio\Archivio\Archivio.csproj" からのターゲット "ResolvePackageAssets" (ターゲット "ResolveLockFileReferences" は依存):
       "ResolvePackageAssets" タスクをアセンブリ "C:\Program Files\dotnet\sdk\10.0.301\Sdks\Microsoft.NET.Sdk\targets\..\tools\net10.0\Microsoft.NET.Build.Tasks.dll" から使用しています。
       タスク "ResolvePackageAssets"
       タスク "ResolvePackageAssets" の実行が終了しました。
   1:7>プロジェクト "Archivio.csproj" 内のターゲット "ResolvePackageAssets" のビルドが終了しました。
   1:7>ファイル "C:\Users\tuoza\.nuget\packages\microsoft.windowsappsdk.winui\1.8.260803003\buildTransitive\Microsoft.WinUI.AppX.targets" 内にある、プロジェクト "C:\Users\tuoza\source\repos\Archivio\Archivio\Archivio.csproj" からのターゲット "_UpdateMuiFilesAfterNugetRestore" (ターゲット "ResolveLockFileReferences" は依存):
   1:7>プロジェクト "Archivio.csproj" 内のターゲット "_UpdateMuiFilesAfterNugetRestore" のビルドが終了しました。
   1:7>ファイル "C:\Program Files\dotnet\sdk\10.0.301\Sdks\Microsoft.NET.Sdk\targets\Microsoft.NET.Sdk.FrameworkReferenceResolution.targets" 内にある、プロジェクト "C:\Users\tuoza\source\repos\Archivio\Archivio\Archivio.csproj" からのターゲット "AddTransitiveFrameworkReferences" (ターゲット "ResolveLockFileReferences" は依存):
   1:7>プロジェクト "Archivio.csproj" 内のターゲット "AddTransitiveFrameworkReferences" のビルドが終了しました。
   1:7>ファイル "C:\Program Files\dotnet\sdk\10.0.301\Sdks\Microsoft.NET.Sdk\targets\Microsoft.NET.Windows.targets" 内にある、プロジェクト "C:\Users\tuoza\source\repos\Archivio\Archivio\Archivio.csproj" からのターゲット "_CheckForTransitiveWindowsSDKFullDependencies" (ターゲット "ResolveLockFileReferences" は依存):
   1:7>プロジェクト "Archivio.csproj" 内のターゲット "_CheckForTransitiveWindowsSDKFullDependencies" のビルドが終了しました。
   1:7>ファイル "C:\Program Files\dotnet\sdk\10.0.301\Sdks\Microsoft.NET.Sdk\targets\Microsoft.PackageDependencyResolution.targets" 内にある、プロジェクト "C:\Users\tuoza\source\repos\Archivio\Archivio\Archivio.csproj" からのターゲット "ResolveLockFileReferences" (ターゲット "ResolvePackageDependenciesForBuild" は依存):
       "JoinItems" タスクをアセンブリ "C:\Program Files\dotnet\sdk\10.0.301\Sdks\Microsoft.NET.Sdk\targets\..\tools\net10.0\Microsoft.NET.Build.Tasks.dll" から使用しています。
       タスク "JoinItems"
       タスク "JoinItems" の実行が終了しました。
   1:7>プロジェクト "Archivio.csproj" 内のターゲット "ResolveLockFileReferences" のビルドが終了しました。
       ターゲット "ResolvePackageAssets" を省略しました。以前に正しくビルドされていました。
   1:7>ファイル "C:\Program Files\dotnet\sdk\10.0.301\Sdks\Microsoft.NET.Sdk\targets\Microsoft.PackageDependencyResolution.targets" 内にある、プロジェクト "C:\Users\tuoza\source\repos\Archivio\Archivio\Archivio.csproj" からのターゲット "ResolveLockFileAnalyzers" (ターゲット "ResolvePackageDependenciesForBuild" は依存):
   1:7>プロジェクト "Archivio.csproj" 内のターゲット "ResolveLockFileAnalyzers" のビルドが終了しました。
       ターゲット "ResolvePackageAssets" を省略しました。以前に正しくビルドされていました。
   1:7>ファイル "C:\Program Files\dotnet\sdk\10.0.301\Sdks\Microsoft.NET.Sdk\targets\Microsoft.PackageDependencyResolution.targets" 内にある、プロジェクト "C:\Users\tuoza\source\repos\Archivio\Archivio\Archivio.csproj" からのターゲット "ResolveLockFileCopyLocalFiles" (ターゲット "ResolvePackageDependenciesForBuild" は依存):
   1:7>プロジェクト "Archivio.csproj" 内のターゲット "ResolveLockFileCopyLocalFiles" のビルドが終了しました。
       ターゲット "ProcessFrameworkReferences" を省略しました。以前に正しくビルドされていました。
       ターゲット "ResolvePackageAssets" を省略しました。以前に正しくビルドされていました。
   1:7>ファイル "C:\Program Files\dotnet\sdk\10.0.301\Sdks\Microsoft.NET.Sdk\targets\Microsoft.NET.Sdk.FrameworkReferenceResolution.targets" 内にある、プロジェクト "C:\Users\tuoza\source\repos\Archivio\Archivio\Archivio.csproj" からのターゲット "ResolveFrameworkReferences" (ターゲット "ResolveRuntimePackAssets" は依存):
       "GetPackageDirectory" タスクをアセンブリ "C:\Program Files\dotnet\sdk\10.0.301\Sdks\Microsoft.NET.Sdk\targets\..\tools\net10.0\Microsoft.NET.Build.Tasks.dll" から使用しています。
       タスク "GetPackageDirectory"
       タスク "GetPackageDirectory" の実行が終了しました。
       タスク "GetPackageDirectory"
       タスク "GetPackageDirectory" の実行が終了しました。
       タスク "GetPackageDirectory"
       タスク "GetPackageDirectory" の実行が終了しました。
       タスク "GetPackageDirectory"
       タスク "GetPackageDirectory" の実行が終了しました。
       タスク "GetPackageDirectory"
       タスク "GetPackageDirectory" の実行が終了しました。
       タスク "GetPackageDirectory"
       タスク "GetPackageDirectory" の実行が終了しました。
       タスク "GetPackageDirectory"
       タスク "GetPackageDirectory" の実行が終了しました。
       タスク "GetPackageDirectory"
       タスク "GetPackageDirectory" の実行が終了しました。
       タスク "GetPackageDirectory"
       タスク "GetPackageDirectory" の実行が終了しました。
       タスク "GetPackageDirectory"
       タスク "GetPackageDirectory" の実行が終了しました。
       "ResolveFrameworkReferences" タスクをアセンブリ "C:\Program Files\dotnet\sdk\10.0.301\Sdks\Microsoft.NET.Sdk\targets\..\tools\net10.0\Microsoft.NET.Build.Tasks.dll" から使用しています。
       タスク "ResolveFrameworkReferences"
       タスク "ResolveFrameworkReferences" の実行が終了しました。
   1:7>プロジェクト "Archivio.csproj" 内のターゲット "ResolveFrameworkReferences" のビルドが終了しました。
   1:7>ファイル "C:\Program Files\dotnet\sdk\10.0.301\Sdks\Microsoft.NET.Sdk\targets\Microsoft.NET.Sdk.FrameworkReferenceResolution.targets" 内にある、プロジェクト "C:\Users\tuoza\source\repos\Archivio\Archivio\Archivio.csproj" からのターゲット "ResolveRuntimePackAssets" (ターゲット "ResolvePackageDependenciesForBuild" は依存):
       "ResolveRuntimePackAssets" タスクをアセンブリ "C:\Program Files\dotnet\sdk\10.0.301\Sdks\Microsoft.NET.Sdk\targets\..\tools\net10.0\Microsoft.NET.Build.Tasks.dll" から使用しています。
       タスク "ResolveRuntimePackAssets"
       タスク "ResolveRuntimePackAssets" の実行が終了しました。
   1:7>プロジェクト "Archivio.csproj" 内のターゲット "ResolveRuntimePackAssets" のビルドが終了しました。
       ターゲット "ResolvePackageAssets" を省略しました。以前に正しくビルドされていました。
   1:7>ファイル "C:\Program Files\dotnet\sdk\10.0.301\Sdks\Microsoft.NET.Sdk\targets\Microsoft.PackageDependencyResolution.targets" 内にある、プロジェクト "C:\Users\tuoza\source\repos\Archivio\Archivio\Archivio.csproj" からのターゲット "IncludeTransitiveProjectReferences" (ターゲット "ResolvePackageDependenciesForBuild" は依存):
   1:7>プロジェクト "Archivio.csproj" 内のターゲット "IncludeTransitiveProjectReferences" のビルドが終了しました。
   1:7>ファイル "C:\Program Files\dotnet\sdk\10.0.301\Sdks\Microsoft.NET.Sdk\targets\Microsoft.PackageDependencyResolution.targets" 内にある、プロジェクト "C:\Users\tuoza\source\repos\Archivio\Archivio\Archivio.csproj" からのターゲット "ResolvePackageDependenciesForBuild" (ターゲット "AssignProjectConfiguration" は依存):
   1:7>プロジェクト "Archivio.csproj" 内のターゲット "ResolvePackageDependenciesForBuild" のビルドが終了しました。
   1:7>ファイル "C:\Program Files\dotnet\sdk\10.0.301\Microsoft.Common.CurrentVersion.targets" 内にある、プロジェクト "C:\Users\tuoza\source\repos\Archivio\Archivio\Archivio.csproj" からのターゲット "_SplitProjectReferencesByFileExistence" (ターゲット "PrepareProjectReferences" は依存):
   1:7>プロジェクト "Archivio.csproj" 内のターゲット "_SplitProjectReferencesByFileExistence" のビルドが終了しました。
   1:7>ファイル "C:\Program Files\dotnet\sdk\10.0.301\Microsoft.Common.CurrentVersion.targets" 内にある、プロジェクト "C:\Users\tuoza\source\repos\Archivio\Archivio\Archivio.csproj" からのターゲット "_AddOutputPathToGlobalPropertiesToRemove" (ターゲット "_GetProjectReferenceTargetFrameworkProperties" は依存):
   1:7>プロジェクト "Archivio.csproj" 内のターゲット "_AddOutputPathToGlobalPropertiesToRemove" のビルドが終了しました。
   1:7>ファイル "C:\Program Files\dotnet\sdk\10.0.301\Microsoft.Common.CurrentVersion.targets" 内にある、プロジェクト "C:\Users\tuoza\source\repos\Archivio\Archivio\Archivio.csproj" からのターゲット "_GetProjectReferenceTargetFrameworkProperties" (ターゲット "PrepareProjectReferences" は依存):
       タスク "MSBuild"
       タスク "MSBuild" の実行が終了しました。
       "SetRidAgnosticValueForProjects" タスクをアセンブリ "Microsoft.Build.Tasks.Core, Version=15.1.0.0, Culture=neutral, PublicKeyToken=b03f5f7f11d50a3a" から使用しています。
       タスク "SetRidAgnosticValueForProjects"
       タスク "SetRidAgnosticValueForProjects" の実行が終了しました。
   1:7>プロジェクト "Archivio.csproj" 内のターゲット "_GetProjectReferenceTargetFrameworkProperties" のビルドが終了しました。
   1:7>ファイル "C:\Program Files\dotnet\sdk\10.0.301\Sdks\Microsoft.NET.Sdk\targets\Microsoft.NET.Sdk.targets" 内にある、プロジェクト "C:\Users\tuoza\source\repos\Archivio\Archivio\Archivio.csproj" からのターゲット "_CalculateIsVSTestTestProject" (ターゲット "ValidateExecutableReferences" は依存):
   1:7>プロジェクト "Archivio.csproj" 内のターゲット "_CalculateIsVSTestTestProject" のビルドが終了しました。
   1:7>ファイル "C:\Program Files\dotnet\sdk\10.0.301\Sdks\Microsoft.NET.Sdk\targets\Microsoft.NET.Sdk.targets" 内にある、プロジェクト "C:\Users\tuoza\source\repos\Archivio\Archivio\Archivio.csproj" からのターゲット "ValidateExecutableReferences" (ターゲット "PrepareProjectReferences" は依存):
       "ValidateExecutableReferences" タスクをアセンブリ "C:\Program Files\dotnet\sdk\10.0.301\Sdks\Microsoft.NET.Sdk\targets\..\tools\net10.0\Microsoft.NET.Build.Tasks.dll" から使用しています。
       タスク "ValidateExecutableReferences"
       タスク "ValidateExecutableReferences" の実行が終了しました。
   1:7>プロジェクト "Archivio.csproj" 内のターゲット "ValidateExecutableReferences" のビルドが終了しました。
   1:7>ファイル "C:\Program Files\dotnet\sdk\10.0.301\Microsoft.Common.CurrentVersion.targets" 内にある、プロジェクト "C:\Users\tuoza\source\repos\Archivio\Archivio\Archivio.csproj" からのターゲット "PrepareProjectReferences" (ターゲット "ResolveProjectReferences" は依存):
   1:7>プロジェクト "Archivio.csproj" 内のターゲット "PrepareProjectReferences" のビルドが終了しました。
   1:7>ファイル "C:\Program Files\dotnet\sdk\10.0.301\Microsoft.Common.CurrentVersion.targets" 内にある、プロジェクト "C:\Users\tuoza\source\repos\Archivio\Archivio\Archivio.csproj" からのターゲット "ResolveProjectReferences" (ターゲット "ResolveReferences" は依存):
   1:7>プロジェクト "Archivio.csproj" 内のターゲット "ResolveProjectReferences" のビルドが終了しました。
       ターゲット "ResolveProjectReferences" を省略しました。以前に正しくビルドされていました。
   1:7>ファイル "C:\Users\tuoza\.nuget\packages\microsoft.windows.sdk.buildtools.msix\1.7.20250829.1\build\Microsoft.Windows.SDK.BuildTools.MSIX.Packaging.targets" 内にある、プロジェクト "C:\Users\tuoza\source\repos\Archivio\Archivio\Archivio.csproj" からのターゲット "_AddWindowsMetadataReferecesFromProjectReferences" (ターゲット "RemoveManagedWinRTComponentWinMDReferences" は依存):
   1:7>プロジェクト "Archivio.csproj" 内のターゲット "_AddWindowsMetadataReferecesFromProjectReferences" のビルドが終了しました。
   1:7>ファイル "C:\Program Files\dotnet\sdk\10.0.301\Sdks\Microsoft.NET.Sdk\targets\Microsoft.NET.Windows.targets" 内にある、プロジェクト "C:\Users\tuoza\source\repos\Archivio\Archivio\Archivio.csproj" からのターゲット "RemoveManagedWinRTComponentWinMDReferences" (ターゲット "ResolveReferences" は依存):
   1:7>プロジェクト "Archivio.csproj" 内のターゲット "RemoveManagedWinRTComponentWinMDReferences" のビルドが終了しました。
       ターゲット "PrepareProjectReferences" を省略しました。以前に正しくビルドされていました。
   1:7>ファイル "C:\Program Files\dotnet\sdk\10.0.301\Microsoft.Common.CurrentVersion.targets" 内にある、プロジェクト "C:\Users\tuoza\source\repos\Archivio\Archivio\Archivio.csproj" からのターゲット "GetReferenceTargetPlatformMonikers" (ターゲット "FindInvalidProjectReferences" は依存):
       タスク "MSBuild"
       タスク "MSBuild" の実行が終了しました。
   1:7>プロジェクト "Archivio.csproj" 内のターゲット "GetReferenceTargetPlatformMonikers" のビルドが終了しました。
   1:7>ファイル "C:\Program Files\dotnet\sdk\10.0.301\Microsoft.Common.CurrentVersion.targets" 内にある、プロジェクト "C:\Users\tuoza\source\repos\Archivio\Archivio\Archivio.csproj" からのターゲット "FindInvalidProjectReferences" (ターゲット "ResolveReferences" は依存):
       "FindInvalidProjectReferences" タスクをアセンブリ "Microsoft.Build.Tasks.Core, Version=15.1.0.0, Culture=neutral, PublicKeyToken=b03f5f7f11d50a3a" から使用しています。
       タスク "FindInvalidProjectReferences"
       タスク "FindInvalidProjectReferences" の実行が終了しました。
   1:7>プロジェクト "Archivio.csproj" 内のターゲット "FindInvalidProjectReferences" のビルドが終了しました。
       ターゲット "ResolveProjectReferences" を省略しました。以前に正しくビルドされていました。
       ターゲット "FindInvalidProjectReferences" を省略しました。以前に正しくビルドされていました。
       ターゲット "GetFrameworkPaths" を省略しました。以前に正しくビルドされていました。
       ターゲット "GetReferenceAssemblyPaths" を省略しました。以前に正しくビルドされていました。
       ターゲット "PrepareForBuild" を省略しました。以前に正しくビルドされていました。
   1:7>ファイル "C:\Program Files\dotnet\sdk\10.0.301\Microsoft.Common.CurrentVersion.targets" 内にある、プロジェクト "C:\Users\tuoza\source\repos\Archivio\Archivio\Archivio.csproj" からのターゲット "ResolveSDKReferences" (ターゲット "ResolveAssemblyReferences" は依存):
   1:7>プロジェクト "Archivio.csproj" 内のターゲット "ResolveSDKReferences" のビルドが終了しました。
       ターゲット "ResolveSDKReferences" を省略しました。以前に正しくビルドされていました。
   1:7>ファイル "C:\Program Files\dotnet\sdk\10.0.301\Microsoft.Common.CurrentVersion.targets" 内にある、プロジェクト "C:\Users\tuoza\source\repos\Archivio\Archivio\Archivio.csproj" からのターゲット "ExpandSDKReferences" (ターゲット "ResolveAssemblyReferences" は依存):
   1:7>プロジェクト "Archivio.csproj" 内のターゲット "ExpandSDKReferences" のビルドが終了しました。
       ターゲット "ResolvePackageDependenciesForBuild" を省略しました。以前に正しくビルドされていました。
       ターゲット "GetFrameworkPaths" を省略しました。以前に正しくビルドされていました。
       ターゲット "GetReferenceAssemblyPaths" を省略しました。以前に正しくビルドされていました。
       ターゲット "ResolveFrameworkReferences" を省略しました。以前に正しくビルドされていました。
   1:7>ファイル "C:\Program Files\dotnet\sdk\10.0.301\Sdks\Microsoft.NET.Sdk\targets\Microsoft.NET.Sdk.FrameworkReferenceResolution.targets" 内にある、プロジェクト "C:\Users\tuoza\source\repos\Archivio\Archivio\Archivio.csproj" からのターゲット "ResolveTargetingPackAssets" (ターゲット "_HandlePackageFileConflicts" は依存):
       "ResolveTargetingPackAssets" タスクをアセンブリ "C:\Program Files\dotnet\sdk\10.0.301\Sdks\Microsoft.NET.Sdk\targets\..\tools\net10.0\Microsoft.NET.Build.Tasks.dll" から使用しています。
       タスク "ResolveTargetingPackAssets"
       タスク "ResolveTargetingPackAssets" の実行が終了しました。
   1:7>プロジェクト "Archivio.csproj" 内のターゲット "ResolveTargetingPackAssets" のビルドが終了しました。
   1:7>ファイル "C:\Program Files\dotnet\sdk\10.0.301\Sdks\Microsoft.NET.Sdk\targets\Microsoft.NET.Sdk.FrameworkReferenceResolution.targets" 内にある、プロジェクト "C:\Users\tuoza\source\repos\Archivio\Archivio\Archivio.csproj" からのターゲット "ResolveOffByDefaultAnalyzers" (ターゲット "_HandlePackageFileConflicts" は依存):
   1:7>プロジェクト "Archivio.csproj" 内のターゲット "ResolveOffByDefaultAnalyzers" のビルドが終了しました。
   1:7>ファイル "C:\Program Files\dotnet\sdk\10.0.301\Sdks\Microsoft.NET.Sdk\targets\Microsoft.NET.ConflictResolution.targets" 内にある、プロジェクト "C:\Users\tuoza\source\repos\Archivio\Archivio\Archivio.csproj" からのターゲット "_HandlePackageFileConflicts" (ターゲット "ResolveAssemblyReferences" は依存):
       "ResolvePackageFileConflicts" タスクをアセンブリ "C:\Program Files\dotnet\sdk\10.0.301\Sdks\Microsoft.NET.Sdk\targets\..\tools\net10.0\Microsoft.NET.Build.Tasks.dll" から使用しています。
       タスク "ResolvePackageFileConflicts"
         'Reference:C:\Program Files\dotnet\packs\Microsoft.NETCore.App.Ref\10.0.9\ref/net10.0/Microsoft.VisualBasic.dll' と 'Reference:C:\Program Files\dotnet\packs\Microsoft.WindowsDesktop.App.Ref\10.0.9\ref/net10.0/Microsoft.VisualBasic.dll' の間で競合が発生しました。 AssemblyVersion '10.1.0.0' が '10.0.0.0' より大きいため、'Reference:C:\Program Files\dotnet\packs\Microsoft.WindowsDesktop.App.Ref\10.0.9\ref/net10.0/Microsoft.VisualBasic.dll' を選択しています。
         'Reference:C:\Program Files\dotnet\packs\Microsoft.NETCore.App.Ref\10.0.9\ref/net10.0/System.Drawing.dll' と 'Reference:C:\Program Files\dotnet\packs\Microsoft.WindowsDesktop.App.Ref\10.0.9\ref/net10.0/System.Drawing.dll' の間で競合が発生しました。 AssemblyVersion '10.0.0.0' が '4.0.0.0' より大きいため、'Reference:C:\Program Files\dotnet\packs\Microsoft.WindowsDesktop.App.Ref\10.0.9\ref/net10.0/System.Drawing.dll' を選択しています。
         'Reference:C:\Program Files\dotnet\packs\Microsoft.NETCore.App.Ref\10.0.9\ref/net10.0/WindowsBase.dll' と 'Reference:C:\Program Files\dotnet\packs\Microsoft.WindowsDesktop.App.Ref\10.0.9\ref/net10.0/WindowsBase.dll' の間で競合が発生しました。 AssemblyVersion '10.0.0.0' が '4.0.0.0' より大きいため、'Reference:C:\Program Files\dotnet\packs\Microsoft.WindowsDesktop.App.Ref\10.0.9\ref/net10.0/WindowsBase.dll' を選択しています。
         'Platform:Microsoft.VisualBasic.dll' と 'Platform:Microsoft.VisualBasic.dll' の間で競合が発生しました。 AssemblyVersion '10.1.0.0' が '10.0.0.0' より大きいため、'Platform:Microsoft.VisualBasic.dll' を選択しています。
         'Platform:Microsoft.VisualBasic.dll' と 'Platform:Microsoft.VisualBasic.dll' の間で競合が発生しました。 AssemblyVersion '10.1.0.0' が '10.0.0.0' より大きいため、'Platform:Microsoft.VisualBasic.dll' を選択しています。
         'Platform:System.Drawing.dll' と 'Platform:System.Drawing.dll' の間で競合が発生しました。 AssemblyVersion '10.0.0.0' が '4.0.0.0' より大きいため、'Platform:System.Drawing.dll' を選択しています。
         'Platform:System.Drawing.dll' と 'Platform:System.Drawing.dll' の間で競合が発生しました。 AssemblyVersion '10.0.0.0' が '4.0.0.0' より大きいため、'Platform:System.Drawing.dll' を選択しています。
         'Platform:WindowsBase.dll' と 'Platform:WindowsBase.dll' の間で競合が発生しました。 AssemblyVersion '10.0.0.0' が '4.0.0.0' より大きいため、'Platform:WindowsBase.dll' を選択しています。
         'Platform:WindowsBase.dll' と 'Platform:WindowsBase.dll' の間で競合が発生しました。 AssemblyVersion '10.0.0.0' が '4.0.0.0' より大きいため、'Platform:WindowsBase.dll' を選択しています。
         'Platform:mscorlib.dll' と 'Platform:mscorlib.dll' の間で競合が発生しました。 ファイルとアセンブリのバージョンが等しいため、勝者を判別できませんでした。
         'Platform:System.Windows.Forms.Primitives.resources.dll' と 'Platform:System.Windows.Forms.Primitives.resources.dll' の間で競合が発生しました。 ファイルとアセンブリのバージョンが等しいため、勝者を判別できませんでした。
         'Platform:System.dll' と 'Platform:System.dll' の間で競合が発生しました。 ファイルとアセンブリのバージョンが等しいため、勝者を判別できませんでした。
         'Platform:System.ComponentModel.DataAnnotations.dll' と 'Platform:System.ComponentModel.DataAnnotations.dll' の間で競合が発生しました。 ファイルとアセンブリのバージョンが等しいため、勝者を判別できませんでした。
         'Platform:System.Configuration.dll' と 'Platform:System.Configuration.dll' の間で競合が発生しました。 ファイルとアセンブリのバージョンが等しいため、勝者を判別できませんでした。
         'Platform:System.Core.dll' と 'Platform:System.Core.dll' の間で競合が発生しました。 ファイルとアセンブリのバージョンが等しいため、勝者を判別できませんでした。
         'Platform:System.Data.dll' と 'Platform:System.Data.dll' の間で競合が発生しました。 ファイルとアセンブリのバージョンが等しいため、勝者を判別できませんでした。
         'Platform:System.Windows.Forms.Design.resources.dll' と 'Platform:System.Windows.Forms.Design.resources.dll' の間で競合が発生しました。 ファイルとアセンブリのバージョンが等しいため、勝者を判別できませんでした。
         'Platform:System.IO.Compression.FileSystem.dll' と 'Platform:System.IO.Compression.FileSystem.dll' の間で競合が発生しました。 ファイルとアセンブリのバージョンが等しいため、勝者を判別できませんでした。
         'Platform:System.Net.dll' と 'Platform:System.Net.dll' の間で競合が発生しました。 ファイルとアセンブリのバージョンが等しいため、勝者を判別できませんでした。
         'Platform:System.Numerics.dll' と 'Platform:System.Numerics.dll' の間で競合が発生しました。 ファイルとアセンブリのバージョンが等しいため、勝者を判別できませんでした。
         'Platform:System.Runtime.Serialization.dll' と 'Platform:System.Runtime.Serialization.dll' の間で競合が発生しました。 ファイルとアセンブリのバージョンが等しいため、勝者を判別できませんでした。
         'Platform:System.Security.dll' と 'Platform:System.Security.dll' の間で競合が発生しました。 ファイルとアセンブリのバージョンが等しいため、勝者を判別できませんでした。
         'Platform:System.ServiceProcess.dll' と 'Platform:System.ServiceProcess.dll' の間で競合が発生しました。 ファイルとアセンブリのバージョンが等しいため、勝者を判別できませんでした。
         'Platform:System.ServiceModel.Web.dll' と 'Platform:System.ServiceModel.Web.dll' の間で競合が発生しました。 ファイルとアセンブリのバージョンが等しいため、勝者を判別できませんでした。
         'Platform:System.Transactions.dll' と 'Platform:System.Transactions.dll' の間で競合が発生しました。 ファイルとアセンブリのバージョンが等しいため、勝者を判別できませんでした。
         'Platform:System.Web.dll' と 'Platform:System.Web.dll' の間で競合が発生しました。 ファイルとアセンブリのバージョンが等しいため、勝者を判別できませんでした。
         'Platform:System.Windows.dll' と 'Platform:System.Windows.dll' の間で競合が発生しました。 ファイルとアセンブリのバージョンが等しいため、勝者を判別できませんでした。
         'Platform:System.Xml.dll' と 'Platform:System.Xml.dll' の間で競合が発生しました。 ファイルとアセンブリのバージョンが等しいため、勝者を判別できませんでした。
         'Platform:System.Xml.Serialization.dll' と 'Platform:System.Xml.Serialization.dll' の間で競合が発生しました。 ファイルとアセンブリのバージョンが等しいため、勝者を判別できませんでした。
         'Platform:System.Xml.Linq.dll' と 'Platform:System.Xml.Linq.dll' の間で競合が発生しました。 ファイルとアセンブリのバージョンが等しいため、勝者を判別できませんでした。
         'Platform:Microsoft.VisualBasic.Forms.resources.dll' と 'Platform:Microsoft.VisualBasic.Forms.resources.dll' の間で競合が発生しました。 ファイルとアセンブリのバージョンが等しいため、勝者を判別できませんでした。
         'Platform:netstandard.dll' と 'Platform:netstandard.dll' の間で競合が発生しました。 ファイルとアセンブリのバージョンが等しいため、勝者を判別できませんでした。
         'Platform:System.Private.CoreLib.dll' と 'Platform:System.Private.CoreLib.dll' の間で競合が発生しました。 ファイルとアセンブリのバージョンが等しいため、勝者を判別できませんでした。
         'Platform:System.Private.DataContractSerialization.dll' と 'Platform:System.Private.DataContractSerialization.dll' の間で競合が発生しました。 ファイルとアセンブリのバージョンが等しいため、勝者を判別できませんでした。
         'Platform:System.Private.Uri.dll' と 'Platform:System.Private.Uri.dll' の間で競合が発生しました。 ファイルとアセンブリのバージョンが等しいため、勝者を判別できませんでした。
         'Platform:System.Private.Xml.dll' と 'Platform:System.Private.Xml.dll' の間で競合が発生しました。 ファイルとアセンブリのバージョンが等しいため、勝者を判別できませんでした。
         'Platform:System.Private.Xml.Linq.dll' と 'Platform:System.Private.Xml.Linq.dll' の間で競合が発生しました。 ファイルとアセンブリのバージョンが等しいため、勝者を判別できませんでした。
         'Platform:mscordaccore_amd64_amd64_10.0.926.27113.dll' と 'Platform:mscordaccore_amd64_amd64_10.0.926.27113.dll' の間で競合が発生しました。 ファイルとアセンブリのバージョンが等しいため、勝者を判別できませんでした。
         'Platform:System.Windows.Forms.resources.dll' と 'Platform:System.Windows.Forms.resources.dll' の間で競合が発生しました。 ファイルとアセンブリのバージョンが等しいため、勝者を判別できませんでした。
         'Platform:PresentationCore.resources.dll' と 'Platform:PresentationCore.resources.dll' の間で競合が発生しました。 ファイルとアセンブリのバージョンが等しいため、勝者を判別できませんでした。
         'Platform:PresentationFramework.resources.dll' と 'Platform:PresentationFramework.resources.dll' の間で競合が発生しました。 ファイルとアセンブリのバージョンが等しいため、勝者を判別できませんでした。
         'Platform:PresentationUI.resources.dll' と 'Platform:PresentationUI.resources.dll' の間で競合が発生しました。 ファイルとアセンブリのバージョンが等しいため、勝者を判別できませんでした。
         'Platform:ReachFramework.resources.dll' と 'Platform:ReachFramework.resources.dll' の間で競合が発生しました。 ファイルとアセンブリのバージョンが等しいため、勝者を判別できませんでした。
         'Platform:System.Windows.Controls.Ribbon.resources.dll' と 'Platform:System.Windows.Controls.Ribbon.resources.dll' の間で競合が発生しました。 ファイルとアセンブリのバージョンが等しいため、勝者を判別できませんでした。
         'Platform:System.Windows.Input.Manipulations.resources.dll' と 'Platform:System.Windows.Input.Manipulations.resources.dll' の間で競合が発生しました。 ファイルとアセンブリのバージョンが等しいため、勝者を判別できませんでした。
         'Platform:System.Xaml.resources.dll' と 'Platform:System.Xaml.resources.dll' の間で競合が発生しました。 ファイルとアセンブリのバージョンが等しいため、勝者を判別できませんでした。
         'Platform:UIAutomationClient.resources.dll' と 'Platform:UIAutomationClient.resources.dll' の間で競合が発生しました。 ファイルとアセンブリのバージョンが等しいため、勝者を判別できませんでした。
         'Platform:UIAutomationClientSideProviders.resources.dll' と 'Platform:UIAutomationClientSideProviders.resources.dll' の間で競合が発生しました。 ファイルとアセンブリのバージョンが等しいため、勝者を判別できませんでした。
         'Platform:UIAutomationProvider.resources.dll' と 'Platform:UIAutomationProvider.resources.dll' の間で競合が発生しました。 ファイルとアセンブリのバージョンが等しいため、勝者を判別できませんでした。
         'Platform:UIAutomationTypes.resources.dll' と 'Platform:UIAutomationTypes.resources.dll' の間で競合が発生しました。 ファイルとアセンブリのバージョンが等しいため、勝者を判別できませんでした。
         'Platform:WindowsBase.resources.dll' と 'Platform:WindowsBase.resources.dll' の間で競合が発生しました。 ファイルとアセンブリのバージョンが等しいため、勝者を判別できませんでした。
         'Platform:WindowsFormsIntegration.resources.dll' と 'Platform:WindowsFormsIntegration.resources.dll' の間で競合が発生しました。 ファイルとアセンブリのバージョンが等しいため、勝者を判別できませんでした。
         'Platform:D3DCompiler_47_cor3.dll' と 'Platform:D3DCompiler_47_cor3.dll' の間で競合が発生しました。 ファイルとアセンブリのバージョンが等しいため、勝者を判別できませんでした。
         'Platform:PenImc_cor3.dll' と 'Platform:PenImc_cor3.dll' の間で競合が発生しました。 ファイルとアセンブリのバージョンが等しいため、勝者を判別できませんでした。
         'Platform:PresentationNative_cor3.dll' と 'Platform:PresentationNative_cor3.dll' の間で競合が発生しました。 ファイルとアセンブリのバージョンが等しいため、勝者を判別できませんでした。
         'Platform:vcruntime140_cor3.dll' と 'Platform:vcruntime140_cor3.dll' の間で競合が発生しました。 ファイルとアセンブリのバージョンが等しいため、勝者を判別できませんでした。
         'Platform:wpfgfx_cor3.dll' と 'Platform:wpfgfx_cor3.dll' の間で競合が発生しました。 ファイルとアセンブリのバージョンが等しいため、勝者を判別できませんでした。
         'Platform:System.Diagnostics.EventLog.Messages.dll' と 'Platform:System.Diagnostics.EventLog.Messages.dll' の間で競合が発生しました。 ファイルとアセンブリのバージョンが等しいため、勝者を判別できませんでした。
         'Platform:Accessibility.dll' と 'Platform:Accessibility.dll' の間で競合が発生しました。 ファイルとアセンブリのバージョンが等しいため、勝者を判別できませんでした。
         'Platform:Microsoft.VisualBasic.dll' と 'Platform:Microsoft.VisualBasic.dll' の間で競合が発生しました。 ファイルとアセンブリのバージョンが等しいため、勝者を判別できませんでした。
         'Platform:System.Design.dll' と 'Platform:System.Design.dll' の間で競合が発生しました。 ファイルとアセンブリのバージョンが等しいため、勝者を判別できませんでした。
         'Platform:System.Drawing.Design.dll' と 'Platform:System.Drawing.Design.dll' の間で競合が発生しました。 ファイルとアセンブリのバージョンが等しいため、勝者を判別できませんでした。
         'Platform:System.Drawing.dll' と 'Platform:System.Drawing.dll' の間で競合が発生しました。 ファイルとアセンブリのバージョンが等しいため、勝者を判別できませんでした。
         'Platform:System.Windows.Forms.Design.Editors.dll' と 'Platform:System.Windows.Forms.Design.Editors.dll' の間で競合が発生しました。 ファイルとアセンブリのバージョンが等しいため、勝者を判別できませんでした。
         'Platform:Microsoft.Win32.Registry.AccessControl.dll' と 'Platform:Microsoft.Win32.Registry.AccessControl.dll' の間で競合が発生しました。 ファイルとアセンブリのバージョンが等しいため、勝者を判別できませんでした。
         'Platform:Microsoft.Win32.SystemEvents.dll' と 'Platform:Microsoft.Win32.SystemEvents.dll' の間で競合が発生しました。 ファイルとアセンブリのバージョンが等しいため、勝者を判別できませんでした。
         'Platform:System.CodeDom.dll' と 'Platform:System.CodeDom.dll' の間で競合が発生しました。 ファイルとアセンブリのバージョンが等しいため、勝者を判別できませんでした。
         'Platform:System.Configuration.ConfigurationManager.dll' と 'Platform:System.Configuration.ConfigurationManager.dll' の間で競合が発生しました。 ファイルとアセンブリのバージョンが等しいため、勝者を判別できませんでした。
         'Platform:System.Diagnostics.EventLog.dll' と 'Platform:System.Diagnostics.EventLog.dll' の間で競合が発生しました。 ファイルとアセンブリのバージョンが等しいため、勝者を判別できませんでした。
         'Platform:System.Diagnostics.PerformanceCounter.dll' と 'Platform:System.Diagnostics.PerformanceCounter.dll' の間で競合が発生しました。 ファイルとアセンブリのバージョンが等しいため、勝者を判別できませんでした。
         'Platform:System.DirectoryServices.dll' と 'Platform:System.DirectoryServices.dll' の間で競合が発生しました。 ファイルとアセンブリのバージョンが等しいため、勝者を判別できませんでした。
         'Platform:System.Formats.Nrbf.dll' と 'Platform:System.Formats.Nrbf.dll' の間で競合が発生しました。 ファイルとアセンブリのバージョンが等しいため、勝者を判別できませんでした。
         'Platform:System.IO.Packaging.dll' と 'Platform:System.IO.Packaging.dll' の間で競合が発生しました。 ファイルとアセンブリのバージョンが等しいため、勝者を判別できませんでした。
         'Platform:System.Resources.Extensions.dll' と 'Platform:System.Resources.Extensions.dll' の間で競合が発生しました。 ファイルとアセンブリのバージョンが等しいため、勝者を判別できませんでした。
         'Platform:System.Security.Cryptography.Pkcs.dll' と 'Platform:System.Security.Cryptography.Pkcs.dll' の間で競合が発生しました。 ファイルとアセンブリのバージョンが等しいため、勝者を判別できませんでした。
         'Platform:System.Security.Cryptography.ProtectedData.dll' と 'Platform:System.Security.Cryptography.ProtectedData.dll' の間で競合が発生しました。 ファイルとアセンブリのバージョンが等しいため、勝者を判別できませんでした。
         'Platform:System.Security.Cryptography.Xml.dll' と 'Platform:System.Security.Cryptography.Xml.dll' の間で競合が発生しました。 ファイルとアセンブリのバージョンが等しいため、勝者を判別できませんでした。
         'Platform:System.Security.Permissions.dll' と 'Platform:System.Security.Permissions.dll' の間で競合が発生しました。 ファイルとアセンブリのバージョンが等しいため、勝者を判別できませんでした。
         'Platform:System.Windows.Extensions.dll' と 'Platform:System.Windows.Extensions.dll' の間で競合が発生しました。 ファイルとアセンブリのバージョンが等しいため、勝者を判別できませんでした。
         'Platform:Microsoft.VisualBasic.Forms.dll' と 'Platform:Microsoft.VisualBasic.Forms.dll' の間で競合が発生しました。 ファイルとアセンブリのバージョンが等しいため、勝者を判別できませんでした。
         'Platform:System.Drawing.Common.dll' と 'Platform:System.Drawing.Common.dll' の間で競合が発生しました。 ファイルとアセンブリのバージョンが等しいため、勝者を判別できませんでした。
         'Platform:System.Private.Windows.Core.dll' と 'Platform:System.Private.Windows.Core.dll' の間で競合が発生しました。 ファイルとアセンブリのバージョンが等しいため、勝者を判別できませんでした。
         'Platform:System.Private.Windows.GdiPlus.dll' と 'Platform:System.Private.Windows.GdiPlus.dll' の間で競合が発生しました。 ファイルとアセンブリのバージョンが等しいため、勝者を判別できませんでした。
         'Platform:System.Windows.Forms.Design.dll' と 'Platform:System.Windows.Forms.Design.dll' の間で競合が発生しました。 ファイルとアセンブリのバージョンが等しいため、勝者を判別できませんでした。
         'Platform:System.Windows.Forms.Primitives.dll' と 'Platform:System.Windows.Forms.Primitives.dll' の間で競合が発生しました。 ファイルとアセンブリのバージョンが等しいため、勝者を判別できませんでした。
         'Platform:System.Windows.Forms.dll' と 'Platform:System.Windows.Forms.dll' の間で競合が発生しました。 ファイルとアセンブリのバージョンが等しいため、勝者を判別できませんでした。
         'Platform:DirectWriteForwarder.dll' と 'Platform:DirectWriteForwarder.dll' の間で競合が発生しました。 ファイルとアセンブリのバージョンが等しいため、勝者を判別できませんでした。
         'Platform:PresentationCore.dll' と 'Platform:PresentationCore.dll' の間で競合が発生しました。 ファイルとアセンブリのバージョンが等しいため、勝者を判別できませんでした。
         'Platform:PresentationFramework-SystemCore.dll' と 'Platform:PresentationFramework-SystemCore.dll' の間で競合が発生しました。 ファイルとアセンブリのバージョンが等しいため、勝者を判別できませんでした。
         'Platform:PresentationFramework-SystemData.dll' と 'Platform:PresentationFramework-SystemData.dll' の間で競合が発生しました。 ファイルとアセンブリのバージョンが等しいため、勝者を判別できませんでした。
         'Platform:PresentationFramework-SystemDrawing.dll' と 'Platform:PresentationFramework-SystemDrawing.dll' の間で競合が発生しました。 ファイルとアセンブリのバージョンが等しいため、勝者を判別できませんでした。
         'Platform:PresentationFramework-SystemXml.dll' と 'Platform:PresentationFramework-SystemXml.dll' の間で競合が発生しました。 ファイルとアセンブリのバージョンが等しいため、勝者を判別できませんでした。
         'Platform:PresentationFramework-SystemXmlLinq.dll' と 'Platform:PresentationFramework-SystemXmlLinq.dll' の間で競合が発生しました。 ファイルとアセンブリのバージョンが等しいため、勝者を判別できませんでした。
         'Platform:PresentationFramework.Aero.dll' と 'Platform:PresentationFramework.Aero.dll' の間で競合が発生しました。 ファイルとアセンブリのバージョンが等しいため、勝者を判別できませんでした。
         'Platform:PresentationFramework.Aero2.dll' と 'Platform:PresentationFramework.Aero2.dll' の間で競合が発生しました。 ファイルとアセンブリのバージョンが等しいため、勝者を判別できませんでした。
         'Platform:PresentationFramework.AeroLite.dll' と 'Platform:PresentationFramework.AeroLite.dll' の間で競合が発生しました。 ファイルとアセンブリのバージョンが等しいため、勝者を判別できませんでした。
         'Platform:PresentationFramework.Classic.dll' と 'Platform:PresentationFramework.Classic.dll' の間で競合が発生しました。 ファイルとアセンブリのバージョンが等しいため、勝者を判別できませんでした。
         'Platform:PresentationFramework.Fluent.dll' と 'Platform:PresentationFramework.Fluent.dll' の間で競合が発生しました。 ファイルとアセンブリのバージョンが等しいため、勝者を判別できませんでした。
         'Platform:PresentationFramework.Luna.dll' と 'Platform:PresentationFramework.Luna.dll' の間で競合が発生しました。 ファイルとアセンブリのバージョンが等しいため、勝者を判別できませんでした。
         'Platform:PresentationFramework.Royale.dll' と 'Platform:PresentationFramework.Royale.dll' の間で競合が発生しました。 ファイルとアセンブリのバージョンが等しいため、勝者を判別できませんでした。
         'Platform:PresentationFramework.dll' と 'Platform:PresentationFramework.dll' の間で競合が発生しました。 ファイルとアセンブリのバージョンが等しいため、勝者を判別できませんでした。
         'Platform:PresentationUI.dll' と 'Platform:PresentationUI.dll' の間で競合が発生しました。 ファイルとアセンブリのバージョンが等しいため、勝者を判別できませんでした。
         'Platform:ReachFramework.dll' と 'Platform:ReachFramework.dll' の間で競合が発生しました。 ファイルとアセンブリのバージョンが等しいため、勝者を判別できませんでした。
         'Platform:System.Printing.dll' と 'Platform:System.Printing.dll' の間で競合が発生しました。 ファイルとアセンブリのバージョンが等しいため、勝者を判別できませんでした。
         'Platform:System.Windows.Controls.Ribbon.dll' と 'Platform:System.Windows.Controls.Ribbon.dll' の間で競合が発生しました。 ファイルとアセンブリのバージョンが等しいため、勝者を判別できませんでした。
         'Platform:System.Windows.Input.Manipulations.dll' と 'Platform:System.Windows.Input.Manipulations.dll' の間で競合が発生しました。 ファイルとアセンブリのバージョンが等しいため、勝者を判別できませんでした。
         'Platform:System.Windows.Presentation.dll' と 'Platform:System.Windows.Presentation.dll' の間で競合が発生しました。 ファイルとアセンブリのバージョンが等しいため、勝者を判別できませんでした。
         'Platform:System.Windows.Primitives.dll' と 'Platform:System.Windows.Primitives.dll' の間で競合が発生しました。 ファイルとアセンブリのバージョンが等しいため、勝者を判別できませんでした。
         'Platform:System.Xaml.dll' と 'Platform:System.Xaml.dll' の間で競合が発生しました。 ファイルとアセンブリのバージョンが等しいため、勝者を判別できませんでした。
         'Platform:UIAutomationClient.dll' と 'Platform:UIAutomationClient.dll' の間で競合が発生しました。 ファイルとアセンブリのバージョンが等しいため、勝者を判別できませんでした。
         'Platform:UIAutomationClientSideProviders.dll' と 'Platform:UIAutomationClientSideProviders.dll' の間で競合が発生しました。 ファイルとアセンブリのバージョンが等しいため、勝者を判別できませんでした。
         'Platform:UIAutomationProvider.dll' と 'Platform:UIAutomationProvider.dll' の間で競合が発生しました。 ファイルとアセンブリのバージョンが等しいため、勝者を判別できませんでした。
         'Platform:UIAutomationTypes.dll' と 'Platform:UIAutomationTypes.dll' の間で競合が発生しました。 ファイルとアセンブリのバージョンが等しいため、勝者を判別できませんでした。
         'Platform:WindowsBase.dll' と 'Platform:WindowsBase.dll' の間で競合が発生しました。 ファイルとアセンブリのバージョンが等しいため、勝者を判別できませんでした。
         'Platform:WindowsFormsIntegration.dll' と 'Platform:WindowsFormsIntegration.dll' の間で競合が発生しました。 ファイルとアセンブリのバージョンが等しいため、勝者を判別できませんでした。
       タスク "ResolvePackageFileConflicts" の実行が終了しました。
   1:7>プロジェクト "Archivio.csproj" 内のターゲット "_HandlePackageFileConflicts" のビルドが終了しました。
       ターゲット "ResolveTargetingPackAssets" を省略しました。以前に正しくビルドされていました。
   1:7>ファイル "C:\Program Files\dotnet\sdk\10.0.301\Microsoft.Common.CurrentVersion.targets" 内にある、プロジェクト "C:\Users\tuoza\source\repos\Archivio\Archivio\Archivio.csproj" からのターゲット "ResolveAssemblyReferences" (ターゲット "ResolveReferences" は依存):
       "ResolveAssemblyReference" タスクをアセンブリ "Microsoft.Build.Tasks.Core, Version=15.1.0.0, Culture=neutral, PublicKeyToken=b03f5f7f11d50a3a" から使用しています。
       タスク "ResolveAssemblyReference"
         TargetFrameworkMoniker:
             .NETCoreApp,Version=v10.0
         TargetFrameworkMonikerDisplayName:
             .NET 10.0
         TargetedRuntimeVersion:
             
         Assemblies:
             C:\Users\tuoza\.nuget\packages\microsoft.web.webview2\1.0.4129.50\buildTransitive\..\\lib_manual\net8.0-windows10.0.17763.0\Microsoft.Web.WebView2.Core.Projection.dll
             C:\Users\tuoza\.nuget\packages\colorcode.core\2.0.13\lib\netstandard1.4\ColorCode.Core.dll
                 Private = 'false'
                 HintPath = 'C:\Users\tuoza\.nuget\packages\colorcode.core\2.0.13\lib\netstandard1.4\ColorCode.Core.dll'
             C:\Users\tuoza\.nuget\packages\colorcode.winui\2.0.13\lib\net5.0-windows10.0.18362\ColorCode.WinUI.dll
                 Private = 'false'
                 HintPath = 'C:\Users\tuoza\.nuget\packages\colorcode.winui\2.0.13\lib\net5.0-windows10.0.18362\ColorCode.WinUI.dll'
             C:\Users\tuoza\.nuget\packages\communitytoolkit.common\7.1.2\lib\net5.0\CommunityToolkit.Common.dll
                 Private = 'false'
                 HintPath = 'C:\Users\tuoza\.nuget\packages\communitytoolkit.common\7.1.2\lib\net5.0\CommunityToolkit.Common.dll'
             C:\Users\tuoza\.nuget\packages\communitytoolkit.winui\7.1.2\lib\net5.0-windows10.0.18362\CommunityToolkit.WinUI.dll
                 Private = 'false'
                 HintPath = 'C:\Users\tuoza\.nuget\packages\communitytoolkit.winui\7.1.2\lib\net5.0-windows10.0.18362\CommunityToolkit.WinUI.dll'
             C:\Users\tuoza\.nuget\packages\communitytoolkit.winui.ui\7.1.2\lib\net5.0-windows10.0.18362\CommunityToolkit.WinUI.UI.dll
                 Private = 'false'
                 HintPath = 'C:\Users\tuoza\.nuget\packages\communitytoolkit.winui.ui\7.1.2\lib\net5.0-windows10.0.18362\CommunityToolkit.WinUI.UI.dll'
             C:\Users\tuoza\.nuget\packages\communitytoolkit.winui.ui.controls.core\7.1.2\lib\net5.0-windows10.0.18362\CommunityToolkit.WinUI.UI.Controls.Core.dll
                 Private = 'false'
                 HintPath = 'C:\Users\tuoza\.nuget\packages\communitytoolkit.winui.ui.controls.core\7.1.2\lib\net5.0-windows10.0.18362\CommunityToolkit.WinUI.UI.Controls.Core.dll'
             C:\Users\tuoza\.nuget\packages\communitytoolkit.winui.ui.controls.datagrid\7.1.2\lib\net5.0-windows10.0.18362\CommunityToolkit.WinUI.UI.Controls.DataGrid.dll
                 Private = 'false'
                 HintPath = 'C:\Users\tuoza\.nuget\packages\communitytoolkit.winui.ui.controls.datagrid\7.1.2\lib\net5.0-windows10.0.18362\CommunityToolkit.WinUI.UI.Controls.DataGrid.dll'
             C:\Users\tuoza\.nuget\packages\communitytoolkit.winui.ui.controls.input\7.1.2\lib\net5.0-windows10.0.18362\CommunityToolkit.WinUI.UI.Controls.Input.dll
                 Private = 'false'
                 HintPath = 'C:\Users\tuoza\.nuget\packages\communitytoolkit.winui.ui.controls.input\7.1.2\lib\net5.0-windows10.0.18362\CommunityToolkit.WinUI.UI.Controls.Input.dll'
             C:\Users\tuoza\.nuget\packages\communitytoolkit.winui.ui.controls.layout\7.1.2\lib\net5.0-windows10.0.18362\CommunityToolkit.WinUI.UI.Controls.Layout.dll
                 Private = 'false'
                 HintPath = 'C:\Users\tuoza\.nuget\packages\communitytoolkit.winui.ui.controls.layout\7.1.2\lib\net5.0-windows10.0.18362\CommunityToolkit.WinUI.UI.Controls.Layout.dll'
             C:\Users\tuoza\.nuget\packages\communitytoolkit.winui.ui.controls.markdown\7.1.2\lib\net5.0-windows10.0.18362\CommunityToolkit.WinUI.UI.Controls.Markdown.dll
                 Private = 'false'
                 HintPath = 'C:\Users\tuoza\.nuget\packages\communitytoolkit.winui.ui.controls.markdown\7.1.2\lib\net5.0-windows10.0.18362\CommunityToolkit.WinUI.UI.Controls.Markdown.dll'
             C:\Users\tuoza\.nuget\packages\communitytoolkit.winui.ui.controls.media\7.1.2\lib\net5.0-windows10.0.18362\CommunityToolkit.WinUI.UI.Controls.Media.dll
                 Private = 'false'
                 HintPath = 'C:\Users\tuoza\.nuget\packages\communitytoolkit.winui.ui.controls.media\7.1.2\lib\net5.0-windows10.0.18362\CommunityToolkit.WinUI.UI.Controls.Media.dll'
             C:\Users\tuoza\.nuget\packages\communitytoolkit.winui.ui.controls.primitives\7.1.2\lib\net5.0-windows10.0.18362\CommunityToolkit.WinUI.UI.Controls.Primitives.dll
                 Private = 'false'
                 HintPath = 'C:\Users\tuoza\.nuget\packages\communitytoolkit.winui.ui.controls.primitives\7.1.2\lib\net5.0-windows10.0.18362\CommunityToolkit.WinUI.UI.Controls.Primitives.dll'
             C:\Users\tuoza\.nuget\packages\microsoft-windowsapicodepack-core\1.1.5\lib\net7.0-windows7.0\Microsoft.WindowsAPICodePack.dll
                 Private = 'false'
                 HintPath = 'C:\Users\tuoza\.nuget\packages\microsoft-windowsapicodepack-core\1.1.5\lib\net7.0-windows7.0\Microsoft.WindowsAPICodePack.dll'
             C:\Users\tuoza\.nuget\packages\microsoft-windowsapicodepack-shell\1.1.5\lib\net7.0-windows7.0\Microsoft.WindowsAPICodePack.Shell.dll
                 Private = 'false'
                 HintPath = 'C:\Users\tuoza\.nuget\packages\microsoft-windowsapicodepack-shell\1.1.5\lib\net7.0-windows7.0\Microsoft.WindowsAPICodePack.Shell.dll'
             C:\Users\tuoza\.nuget\packages\microsoft.graphics.win2d\1.0.0.30\lib\net5.0-windows10.0.18362.0\Microsoft.Graphics.Canvas.Interop.dll
                 Private = 'false'
                 HintPath = 'C:\Users\tuoza\.nuget\packages\microsoft.graphics.win2d\1.0.0.30\lib\net5.0-windows10.0.18362.0\Microsoft.Graphics.Canvas.Interop.dll'
             C:\Users\tuoza\.nuget\packages\microsoft.windowsappsdk.ai\1.8.79\lib\net6.0-windows10.0.17763.0\Microsoft.Graphics.Imaging.Projection.dll
                 Private = 'false'
                 HintPath = 'C:\Users\tuoza\.nuget\packages\microsoft.windowsappsdk.ai\1.8.79\lib\net6.0-windows10.0.17763.0\Microsoft.Graphics.Imaging.Projection.dll'
             C:\Users\tuoza\.nuget\packages\microsoft.windowsappsdk.ai\1.8.79\lib\net6.0-windows10.0.17763.0\Microsoft.Windows.AI.ContentSafety.Projection.dll
                 Private = 'false'
                 HintPath = 'C:\Users\tuoza\.nuget\packages\microsoft.windowsappsdk.ai\1.8.79\lib\net6.0-windows10.0.17763.0\Microsoft.Windows.AI.ContentSafety.Projection.dll'
             C:\Users\tuoza\.nuget\packages\microsoft.windowsappsdk.ai\1.8.79\lib\net6.0-windows10.0.17763.0\Microsoft.Windows.AI.Foundation.Projection.dll
                 Private = 'false'
                 HintPath = 'C:\Users\tuoza\.nuget\packages\microsoft.windowsappsdk.ai\1.8.79\lib\net6.0-windows10.0.17763.0\Microsoft.Windows.AI.Foundation.Projection.dll'
             C:\Users\tuoza\.nuget\packages\microsoft.windowsappsdk.ai\1.8.79\lib\net6.0-windows10.0.17763.0\Microsoft.Windows.AI.Imaging.Projection.dll
                 Private = 'false'
                 HintPath = 'C:\Users\tuoza\.nuget\packages\microsoft.windowsappsdk.ai\1.8.79\lib\net6.0-windows10.0.17763.0\Microsoft.Windows.AI.Imaging.Projection.dll'
             C:\Users\tuoza\.nuget\packages\microsoft.windowsappsdk.ai\1.8.79\lib\net6.0-windows10.0.17763.0\Microsoft.Windows.AI.Projection.dll
                 Private = 'false'
                 HintPath = 'C:\Users\tuoza\.nuget\packages\microsoft.windowsappsdk.ai\1.8.79\lib\net6.0-windows10.0.17763.0\Microsoft.Windows.AI.Projection.dll'
             C:\Users\tuoza\.nuget\packages\microsoft.windowsappsdk.ai\1.8.79\lib\net6.0-windows10.0.17763.0\Microsoft.Windows.AI.Text.Projection.dll
                 Private = 'false'
                 HintPath = 'C:\Users\tuoza\.nuget\packages\microsoft.windowsappsdk.ai\1.8.79\lib\net6.0-windows10.0.17763.0\Microsoft.Windows.AI.Text.Projection.dll'
             C:\Users\tuoza\.nuget\packages\microsoft.windowsappsdk.foundation\1.8.260803002\lib\net6.0-windows10.0.17763.0\Microsoft.Security.Authentication.OAuth.Projection.dll
                 Private = 'false'
                 HintPath = 'C:\Users\tuoza\.nuget\packages\microsoft.windowsappsdk.foundation\1.8.260803002\lib\net6.0-windows10.0.17763.0\Microsoft.Security.Authentication.OAuth.Projection.dll'
             C:\Users\tuoza\.nuget\packages\microsoft.windowsappsdk.foundation\1.8.260803002\lib\net6.0-windows10.0.17763.0\Microsoft.Windows.AppLifecycle.Projection.dll
                 Private = 'false'
                 HintPath = 'C:\Users\tuoza\.nuget\packages\microsoft.windowsappsdk.foundation\1.8.260803002\lib\net6.0-windows10.0.17763.0\Microsoft.Windows.AppLifecycle.Projection.dll'
             C:\Users\tuoza\.nuget\packages\microsoft.windowsappsdk.foundation\1.8.260803002\lib\net6.0-windows10.0.17763.0\Microsoft.Windows.AppNotifications.Builder.Projection.dll
                 Private = 'false'
                 HintPath = 'C:\Users\tuoza\.nuget\packages\microsoft.windowsappsdk.foundation\1.8.260803002\lib\net6.0-windows10.0.17763.0\Microsoft.Windows.AppNotifications.Builder.Projection.dll'
             C:\Users\tuoza\.nuget\packages\microsoft.windowsappsdk.foundation\1.8.260803002\lib\net6.0-windows10.0.17763.0\Microsoft.Windows.AppNotifications.Projection.dll
                 Private = 'false'
                 HintPath = 'C:\Users\tuoza\.nuget\packages\microsoft.windowsappsdk.foundation\1.8.260803002\lib\net6.0-windows10.0.17763.0\Microsoft.Windows.AppNotifications.Projection.dll'
             C:\Users\tuoza\.nuget\packages\microsoft.windowsappsdk.foundation\1.8.260803002\lib\net6.0-windows10.0.17763.0\Microsoft.Windows.ApplicationModel.Background.Projection.dll
                 Private = 'false'
                 HintPath = 'C:\Users\tuoza\.nuget\packages\microsoft.windowsappsdk.foundation\1.8.260803002\lib\net6.0-windows10.0.17763.0\Microsoft.Windows.ApplicationModel.Background.Projection.dll'
             C:\Users\tuoza\.nuget\packages\microsoft.windowsappsdk.foundation\1.8.260803002\lib\net6.0-windows10.0.17763.0\Microsoft.Windows.ApplicationModel.DynamicDependency.Projection.dll
                 Private = 'false'
                 HintPath = 'C:\Users\tuoza\.nuget\packages\microsoft.windowsappsdk.foundation\1.8.260803002\lib\net6.0-windows10.0.17763.0\Microsoft.Windows.ApplicationModel.DynamicDependency.Projection.dll'
             C:\Users\tuoza\.nuget\packages\microsoft.windowsappsdk.foundation\1.8.260803002\lib\net6.0-windows10.0.17763.0\Microsoft.Windows.ApplicationModel.Resources.Projection.dll
                 Private = 'false'
                 HintPath = 'C:\Users\tuoza\.nuget\packages\microsoft.windowsappsdk.foundation\1.8.260803002\lib\net6.0-windows10.0.17763.0\Microsoft.Windows.ApplicationModel.Resources.Projection.dll'
             C:\Users\tuoza\.nuget\packages\microsoft.windowsappsdk.foundation\1.8.260803002\lib\net6.0-windows10.0.17763.0\Microsoft.Windows.ApplicationModel.WindowsAppRuntime.Projection.dll
                 Private = 'false'
                 HintPath = 'C:\Users\tuoza\.nuget\packages\microsoft.windowsappsdk.foundation\1.8.260803002\lib\net6.0-windows10.0.17763.0\Microsoft.Windows.ApplicationModel.WindowsAppRuntime.Projection.dll'
             C:\Users\tuoza\.nuget\packages\microsoft.windowsappsdk.foundation\1.8.260803002\lib\net6.0-windows10.0.17763.0\Microsoft.Windows.BadgeNotifications.Projection.dll
                 Private = 'false'
                 HintPath = 'C:\Users\tuoza\.nuget\packages\microsoft.windowsappsdk.foundation\1.8.260803002\lib\net6.0-windows10.0.17763.0\Microsoft.Windows.BadgeNotifications.Projection.dll'
             C:\Users\tuoza\.nuget\packages\microsoft.windowsappsdk.foundation\1.8.260803002\lib\net6.0-windows10.0.17763.0\Microsoft.Windows.Foundation.Projection.dll
                 Private = 'false'
                 HintPath = 'C:\Users\tuoza\.nuget\packages\microsoft.windowsappsdk.foundation\1.8.260803002\lib\net6.0-windows10.0.17763.0\Microsoft.Windows.Foundation.Projection.dll'
             C:\Users\tuoza\.nuget\packages\microsoft.windowsappsdk.foundation\1.8.260803002\lib\net6.0-windows10.0.17763.0\Microsoft.Windows.Management.Deployment.Projection.dll
                 Private = 'false'
                 HintPath = 'C:\Users\tuoza\.nuget\packages\microsoft.windowsappsdk.foundation\1.8.260803002\lib\net6.0-windows10.0.17763.0\Microsoft.Windows.Management.Deployment.Projection.dll'
             C:\Users\tuoza\.nuget\packages\microsoft.windowsappsdk.foundation\1.8.260803002\lib\net6.0-windows10.0.17763.0\Microsoft.Windows.Media.Capture.Projection.dll
                 Private = 'false'
                 HintPath = 'C:\Users\tuoza\.nuget\packages\microsoft.windowsappsdk.foundation\1.8.260803002\lib\net6.0-windows10.0.17763.0\Microsoft.Windows.Media.Capture.Projection.dll'
             C:\Users\tuoza\.nuget\packages\microsoft.windowsappsdk.foundation\1.8.260803002\lib\net6.0-windows10.0.17763.0\Microsoft.Windows.PushNotifications.Projection.dll
                 Private = 'false'
                 HintPath = 'C:\Users\tuoza\.nuget\packages\microsoft.windowsappsdk.foundation\1.8.260803002\lib\net6.0-windows10.0.17763.0\Microsoft.Windows.PushNotifications.Projection.dll'
             C:\Users\tuoza\.nuget\packages\microsoft.windowsappsdk.foundation\1.8.260803002\lib\net6.0-windows10.0.17763.0\Microsoft.Windows.Security.AccessControl.Projection.dll
                 Private = 'false'
                 HintPath = 'C:\Users\tuoza\.nuget\packages\microsoft.windowsappsdk.foundation\1.8.260803002\lib\net6.0-windows10.0.17763.0\Microsoft.Windows.Security.AccessControl.Projection.dll'
             C:\Users\tuoza\.nuget\packages\microsoft.windowsappsdk.foundation\1.8.260803002\lib\net6.0-windows10.0.17763.0\Microsoft.Windows.Storage.Pickers.Projection.dll
                 Private = 'false'
                 HintPath = 'C:\Users\tuoza\.nuget\packages\microsoft.windowsappsdk.foundation\1.8.260803002\lib\net6.0-windows10.0.17763.0\Microsoft.Windows.Storage.Pickers.Projection.dll'
             C:\Users\tuoza\.nuget\packages\microsoft.windowsappsdk.foundation\1.8.260803002\lib\net6.0-windows10.0.17763.0\Microsoft.Windows.Storage.Projection.dll
                 Private = 'false'
                 HintPath = 'C:\Users\tuoza\.nuget\packages\microsoft.windowsappsdk.foundation\1.8.260803002\lib\net6.0-windows10.0.17763.0\Microsoft.Windows.Storage.Projection.dll'
             C:\Users\tuoza\.nuget\packages\microsoft.windowsappsdk.foundation\1.8.260803002\lib\net6.0-windows10.0.17763.0\Microsoft.Windows.System.Power.Projection.dll
                 Private = 'false'
                 HintPath = 'C:\Users\tuoza\.nuget\packages\microsoft.windowsappsdk.foundation\1.8.260803002\lib\net6.0-windows10.0.17763.0\Microsoft.Windows.System.Power.Projection.dll'
             C:\Users\tuoza\.nuget\packages\microsoft.windowsappsdk.foundation\1.8.260803002\lib\net6.0-windows10.0.17763.0\Microsoft.Windows.System.Projection.dll
                 Private = 'false'
                 HintPath = 'C:\Users\tuoza\.nuget\packages\microsoft.windowsappsdk.foundation\1.8.260803002\lib\net6.0-windows10.0.17763.0\Microsoft.Windows.System.Projection.dll'
             C:\Users\tuoza\.nuget\packages\microsoft.windowsappsdk.foundation\1.8.260803002\lib\net6.0-windows10.0.17763.0\Microsoft.WindowsAppRuntime.Bootstrap.Net.dll
                 Private = 'false'
                 HintPath = 'C:\Users\tuoza\.nuget\packages\microsoft.windowsappsdk.foundation\1.8.260803002\lib\net6.0-windows10.0.17763.0\Microsoft.WindowsAppRuntime.Bootstrap.Net.dll'
             C:\Users\tuoza\.nuget\packages\microsoft.windowsappsdk.interactiveexperiences\1.8.260708001\lib\net6.0-windows10.0.18362.0\Microsoft.InteractiveExperiences.Projection.dll
                 Private = 'false'
                 HintPath = 'C:\Users\tuoza\.nuget\packages\microsoft.windowsappsdk.interactiveexperiences\1.8.260708001\lib\net6.0-windows10.0.18362.0\Microsoft.InteractiveExperiences.Projection.dll'
             C:\Users\tuoza\.nuget\packages\microsoft.windowsappsdk.ml\1.8.2197\lib\net8.0-windows10.0.17763.0\Microsoft.ML.OnnxRuntime.dll
                 Private = 'false'
                 HintPath = 'C:\Users\tuoza\.nuget\packages\microsoft.windowsappsdk.ml\1.8.2197\lib\net8.0-windows10.0.17763.0\Microsoft.ML.OnnxRuntime.dll'
             C:\Users\tuoza\.nuget\packages\microsoft.windowsappsdk.ml\1.8.2197\lib\net8.0-windows10.0.17763.0\Microsoft.Windows.AI.MachineLearning.Projection.dll
                 Private = 'false'
                 HintPath = 'C:\Users\tuoza\.nuget\packages\microsoft.windowsappsdk.ml\1.8.2197\lib\net8.0-windows10.0.17763.0\Microsoft.Windows.AI.MachineLearning.Projection.dll'
             C:\Users\tuoza\.nuget\packages\microsoft.windowsappsdk.widgets\1.8.251231004\lib\net6.0-windows10.0.17763.0\Microsoft.Windows.Widgets.Projection.dll
                 Private = 'false'
                 HintPath = 'C:\Users\tuoza\.nuget\packages\microsoft.windowsappsdk.widgets\1.8.251231004\lib\net6.0-windows10.0.17763.0\Microsoft.Windows.Widgets.Projection.dll'
             C:\Users\tuoza\.nuget\packages\microsoft.windowsappsdk.winui\1.8.260803003\lib\net6.0-windows10.0.17763.0\Microsoft.WinUI.dll
                 Private = 'false'
                 HintPath = 'C:\Users\tuoza\.nuget\packages\microsoft.windowsappsdk.winui\1.8.260803003\lib\net6.0-windows10.0.17763.0\Microsoft.WinUI.dll'
             C:\Users\tuoza\.nuget\packages\system.numerics.tensors\9.0.0\lib\net9.0\System.Numerics.Tensors.dll
                 Private = 'false'
                 HintPath = 'C:\Users\tuoza\.nuget\packages\system.numerics.tensors\9.0.0\lib\net9.0\System.Numerics.Tensors.dll'
             C:\Users\tuoza\.nuget\packages\taglibsharp\2.3.0\lib\netstandard2.0\TagLibSharp.dll
                 Private = 'false'
                 HintPath = 'C:\Users\tuoza\.nuget\packages\taglibsharp\2.3.0\lib\netstandard2.0\TagLibSharp.dll'
             C:\Program Files\dotnet\packs\Microsoft.NETCore.App.Ref\10.0.9\ref/net10.0/Microsoft.CSharp.dll
                 Private = 'false'
             C:\Program Files\dotnet\packs\Microsoft.NETCore.App.Ref\10.0.9\ref/net10.0/Microsoft.VisualBasic.Core.dll
                 Private = 'false'
             C:\Program Files\dotnet\packs\Microsoft.NETCore.App.Ref\10.0.9\ref/net10.0/Microsoft.Win32.Primitives.dll
                 Private = 'false'
             C:\Program Files\dotnet\packs\Microsoft.NETCore.App.Ref\10.0.9\ref/net10.0/Microsoft.Win32.Registry.dll
                 Private = 'false'
             C:\Program Files\dotnet\packs\Microsoft.NETCore.App.Ref\10.0.9\ref/net10.0/System.AppContext.dll
                 Private = 'false'
             C:\Program Files\dotnet\packs\Microsoft.NETCore.App.Ref\10.0.9\ref/net10.0/System.Buffers.dll
                 Private = 'false'
             C:\Program Files\dotnet\packs\Microsoft.NETCore.App.Ref\10.0.9\ref/net10.0/System.Collections.Concurrent.dll
                 Private = 'false'
             C:\Program Files\dotnet\packs\Microsoft.NETCore.App.Ref\10.0.9\ref/net10.0/System.Collections.Immutable.dll
                 Private = 'false'
             C:\Program Files\dotnet\packs\Microsoft.NETCore.App.Ref\10.0.9\ref/net10.0/System.Collections.NonGeneric.dll
                 Private = 'false'
             C:\Program Files\dotnet\packs\Microsoft.NETCore.App.Ref\10.0.9\ref/net10.0/System.Collections.Specialized.dll
                 Private = 'false'
             C:\Program Files\dotnet\packs\Microsoft.NETCore.App.Ref\10.0.9\ref/net10.0/System.Collections.dll
                 Private = 'false'
             C:\Program Files\dotnet\packs\Microsoft.NETCore.App.Ref\10.0.9\ref/net10.0/System.ComponentModel.Annotations.dll
                 Private = 'false'
             C:\Program Files\dotnet\packs\Microsoft.NETCore.App.Ref\10.0.9\ref/net10.0/System.ComponentModel.DataAnnotations.dll
                 Private = 'false'
             C:\Program Files\dotnet\packs\Microsoft.NETCore.App.Ref\10.0.9\ref/net10.0/System.ComponentModel.EventBasedAsync.dll
                 Private = 'false'
             C:\Program Files\dotnet\packs\Microsoft.NETCore.App.Ref\10.0.9\ref/net10.0/System.ComponentModel.Primitives.dll
                 Private = 'false'
             C:\Program Files\dotnet\packs\Microsoft.NETCore.App.Ref\10.0.9\ref/net10.0/System.ComponentModel.TypeConverter.dll
                 Private = 'false'
             C:\Program Files\dotnet\packs\Microsoft.NETCore.App.Ref\10.0.9\ref/net10.0/System.ComponentModel.dll
                 Private = 'false'
             C:\Program Files\dotnet\packs\Microsoft.NETCore.App.Ref\10.0.9\ref/net10.0/System.Configuration.dll
                 Private = 'false'
             C:\Program Files\dotnet\packs\Microsoft.NETCore.App.Ref\10.0.9\ref/net10.0/System.Console.dll
                 Private = 'false'
             C:\Program Files\dotnet\packs\Microsoft.NETCore.App.Ref\10.0.9\ref/net10.0/System.Core.dll
                 Private = 'false'
             C:\Program Files\dotnet\packs\Microsoft.NETCore.App.Ref\10.0.9\ref/net10.0/System.Data.Common.dll
                 Private = 'false'
             C:\Program Files\dotnet\packs\Microsoft.NETCore.App.Ref\10.0.9\ref/net10.0/System.Data.DataSetExtensions.dll
                 Private = 'false'
             C:\Program Files\dotnet\packs\Microsoft.NETCore.App.Ref\10.0.9\ref/net10.0/System.Data.dll
                 Private = 'false'
             C:\Program Files\dotnet\packs\Microsoft.NETCore.App.Ref\10.0.9\ref/net10.0/System.Diagnostics.Contracts.dll
                 Private = 'false'
             C:\Program Files\dotnet\packs\Microsoft.NETCore.App.Ref\10.0.9\ref/net10.0/System.Diagnostics.Debug.dll
                 Private = 'false'
             C:\Program Files\dotnet\packs\Microsoft.NETCore.App.Ref\10.0.9\ref/net10.0/System.Diagnostics.DiagnosticSource.dll
                 Private = 'false'
             C:\Program Files\dotnet\packs\Microsoft.NETCore.App.Ref\10.0.9\ref/net10.0/System.Diagnostics.FileVersionInfo.dll
                 Private = 'false'
             C:\Program Files\dotnet\packs\Microsoft.NETCore.App.Ref\10.0.9\ref/net10.0/System.Diagnostics.Process.dll
                 Private = 'false'
             C:\Program Files\dotnet\packs\Microsoft.NETCore.App.Ref\10.0.9\ref/net10.0/System.Diagnostics.StackTrace.dll
                 Private = 'false'
             C:\Program Files\dotnet\packs\Microsoft.NETCore.App.Ref\10.0.9\ref/net10.0/System.Diagnostics.TextWriterTraceListener.dll
                 Private = 'false'
             C:\Program Files\dotnet\packs\Microsoft.NETCore.App.Ref\10.0.9\ref/net10.0/System.Diagnostics.Tools.dll
                 Private = 'false'
             C:\Program Files\dotnet\packs\Microsoft.NETCore.App.Ref\10.0.9\ref/net10.0/System.Diagnostics.TraceSource.dll
                 Private = 'false'
             C:\Program Files\dotnet\packs\Microsoft.NETCore.App.Ref\10.0.9\ref/net10.0/System.Diagnostics.Tracing.dll
                 Private = 'false'
             C:\Program Files\dotnet\packs\Microsoft.NETCore.App.Ref\10.0.9\ref/net10.0/System.Drawing.Primitives.dll
                 Private = 'false'
             C:\Program Files\dotnet\packs\Microsoft.NETCore.App.Ref\10.0.9\ref/net10.0/System.Dynamic.Runtime.dll
                 Private = 'false'
             C:\Program Files\dotnet\packs\Microsoft.NETCore.App.Ref\10.0.9\ref/net10.0/System.Formats.Asn1.dll
                 Private = 'false'
             C:\Program Files\dotnet\packs\Microsoft.NETCore.App.Ref\10.0.9\ref/net10.0/System.Formats.Tar.dll
                 Private = 'false'
             C:\Program Files\dotnet\packs\Microsoft.NETCore.App.Ref\10.0.9\ref/net10.0/System.Globalization.Calendars.dll
                 Private = 'false'
             C:\Program Files\dotnet\packs\Microsoft.NETCore.App.Ref\10.0.9\ref/net10.0/System.Globalization.Extensions.dll
                 Private = 'false'
             C:\Program Files\dotnet\packs\Microsoft.NETCore.App.Ref\10.0.9\ref/net10.0/System.Globalization.dll
                 Private = 'false'
             C:\Program Files\dotnet\packs\Microsoft.NETCore.App.Ref\10.0.9\ref/net10.0/System.IO.Compression.Brotli.dll
                 Private = 'false'
             C:\Program Files\dotnet\packs\Microsoft.NETCore.App.Ref\10.0.9\ref/net10.0/System.IO.Compression.FileSystem.dll
                 Private = 'false'
             C:\Program Files\dotnet\packs\Microsoft.NETCore.App.Ref\10.0.9\ref/net10.0/System.IO.Compression.ZipFile.dll
                 Private = 'false'
             C:\Program Files\dotnet\packs\Microsoft.NETCore.App.Ref\10.0.9\ref/net10.0/System.IO.Compression.dll
                 Private = 'false'
             C:\Program Files\dotnet\packs\Microsoft.NETCore.App.Ref\10.0.9\ref/net10.0/System.IO.FileSystem.AccessControl.dll
                 Private = 'false'
             C:\Program Files\dotnet\packs\Microsoft.NETCore.App.Ref\10.0.9\ref/net10.0/System.IO.FileSystem.DriveInfo.dll
                 Private = 'false'
             C:\Program Files\dotnet\packs\Microsoft.NETCore.App.Ref\10.0.9\ref/net10.0/System.IO.FileSystem.Primitives.dll
                 Private = 'false'
             C:\Program Files\dotnet\packs\Microsoft.NETCore.App.Ref\10.0.9\ref/net10.0/System.IO.FileSystem.Watcher.dll
                 Private = 'false'
             C:\Program Files\dotnet\packs\Microsoft.NETCore.App.Ref\10.0.9\ref/net10.0/System.IO.FileSystem.dll
                 Private = 'false'
             C:\Program Files\dotnet\packs\Microsoft.NETCore.App.Ref\10.0.9\ref/net10.0/System.IO.IsolatedStorage.dll
                 Private = 'false'
             C:\Program Files\dotnet\packs\Microsoft.NETCore.App.Ref\10.0.9\ref/net10.0/System.IO.MemoryMappedFiles.dll
                 Private = 'false'
             C:\Program Files\dotnet\packs\Microsoft.NETCore.App.Ref\10.0.9\ref/net10.0/System.IO.Pipelines.dll
                 Private = 'false'
             C:\Program Files\dotnet\packs\Microsoft.NETCore.App.Ref\10.0.9\ref/net10.0/System.IO.Pipes.AccessControl.dll
                 Private = 'false'
             C:\Program Files\dotnet\packs\Microsoft.NETCore.App.Ref\10.0.9\ref/net10.0/System.IO.Pipes.dll
                 Private = 'false'
             C:\Program Files\dotnet\packs\Microsoft.NETCore.App.Ref\10.0.9\ref/net10.0/System.IO.UnmanagedMemoryStream.dll
                 Private = 'false'
             C:\Program Files\dotnet\packs\Microsoft.NETCore.App.Ref\10.0.9\ref/net10.0/System.IO.dll
                 Private = 'false'
             C:\Program Files\dotnet\packs\Microsoft.NETCore.App.Ref\10.0.9\ref/net10.0/System.Linq.AsyncEnumerable.dll
                 Private = 'false'
             C:\Program Files\dotnet\packs\Microsoft.NETCore.App.Ref\10.0.9\ref/net10.0/System.Linq.Expressions.dll
                 Private = 'false'
             C:\Program Files\dotnet\packs\Microsoft.NETCore.App.Ref\10.0.9\ref/net10.0/System.Linq.Parallel.dll
                 Private = 'false'
             C:\Program Files\dotnet\packs\Microsoft.NETCore.App.Ref\10.0.9\ref/net10.0/System.Linq.Queryable.dll
                 Private = 'false'
             C:\Program Files\dotnet\packs\Microsoft.NETCore.App.Ref\10.0.9\ref/net10.0/System.Linq.dll
                 Private = 'false'
             C:\Program Files\dotnet\packs\Microsoft.NETCore.App.Ref\10.0.9\ref/net10.0/System.Memory.dll
                 Private = 'false'
             C:\Program Files\dotnet\packs\Microsoft.NETCore.App.Ref\10.0.9\ref/net10.0/System.Net.Http.Json.dll
                 Private = 'false'
             C:\Program Files\dotnet\packs\Microsoft.NETCore.App.Ref\10.0.9\ref/net10.0/System.Net.Http.dll
                 Private = 'false'
             C:\Program Files\dotnet\packs\Microsoft.NETCore.App.Ref\10.0.9\ref/net10.0/System.Net.HttpListener.dll
                 Private = 'false'
             C:\Program Files\dotnet\packs\Microsoft.NETCore.App.Ref\10.0.9\ref/net10.0/System.Net.Mail.dll
                 Private = 'false'
             C:\Program Files\dotnet\packs\Microsoft.NETCore.App.Ref\10.0.9\ref/net10.0/System.Net.NameResolution.dll
                 Private = 'false'
             C:\Program Files\dotnet\packs\Microsoft.NETCore.App.Ref\10.0.9\ref/net10.0/System.Net.NetworkInformation.dll
                 Private = 'false'
             C:\Program Files\dotnet\packs\Microsoft.NETCore.App.Ref\10.0.9\ref/net10.0/System.Net.Ping.dll
                 Private = 'false'
             C:\Program Files\dotnet\packs\Microsoft.NETCore.App.Ref\10.0.9\ref/net10.0/System.Net.Primitives.dll
                 Private = 'false'
             C:\Program Files\dotnet\packs\Microsoft.NETCore.App.Ref\10.0.9\ref/net10.0/System.Net.Quic.dll
                 Private = 'false'
             C:\Program Files\dotnet\packs\Microsoft.NETCore.App.Ref\10.0.9\ref/net10.0/System.Net.Requests.dll
                 Private = 'false'
             C:\Program Files\dotnet\packs\Microsoft.NETCore.App.Ref\10.0.9\ref/net10.0/System.Net.Security.dll
                 Private = 'false'
             C:\Program Files\dotnet\packs\Microsoft.NETCore.App.Ref\10.0.9\ref/net10.0/System.Net.ServerSentEvents.dll
                 Private = 'false'
             C:\Program Files\dotnet\packs\Microsoft.NETCore.App.Ref\10.0.9\ref/net10.0/System.Net.ServicePoint.dll
                 Private = 'false'
             C:\Program Files\dotnet\packs\Microsoft.NETCore.App.Ref\10.0.9\ref/net10.0/System.Net.Sockets.dll
                 Private = 'false'
             C:\Program Files\dotnet\packs\Microsoft.NETCore.App.Ref\10.0.9\ref/net10.0/System.Net.WebClient.dll
                 Private = 'false'
             C:\Program Files\dotnet\packs\Microsoft.NETCore.App.Ref\10.0.9\ref/net10.0/System.Net.WebHeaderCollection.dll
                 Private = 'false'
             C:\Program Files\dotnet\packs\Microsoft.NETCore.App.Ref\10.0.9\ref/net10.0/System.Net.WebProxy.dll
                 Private = 'false'
             C:\Program Files\dotnet\packs\Microsoft.NETCore.App.Ref\10.0.9\ref/net10.0/System.Net.WebSockets.Client.dll
                 Private = 'false'
             C:\Program Files\dotnet\packs\Microsoft.NETCore.App.Ref\10.0.9\ref/net10.0/System.Net.WebSockets.dll
                 Private = 'false'
             C:\Program Files\dotnet\packs\Microsoft.NETCore.App.Ref\10.0.9\ref/net10.0/System.Net.dll
                 Private = 'false'
             C:\Program Files\dotnet\packs\Microsoft.NETCore.App.Ref\10.0.9\ref/net10.0/System.Numerics.Vectors.dll
                 Private = 'false'
             C:\Program Files\dotnet\packs\Microsoft.NETCore.App.Ref\10.0.9\ref/net10.0/System.Numerics.dll
                 Private = 'false'
             C:\Program Files\dotnet\packs\Microsoft.NETCore.App.Ref\10.0.9\ref/net10.0/System.ObjectModel.dll
                 Private = 'false'
             C:\Program Files\dotnet\packs\Microsoft.NETCore.App.Ref\10.0.9\ref/net10.0/System.Reflection.DispatchProxy.dll
                 Private = 'false'
             C:\Program Files\dotnet\packs\Microsoft.NETCore.App.Ref\10.0.9\ref/net10.0/System.Reflection.Emit.ILGeneration.dll
                 Private = 'false'
             C:\Program Files\dotnet\packs\Microsoft.NETCore.App.Ref\10.0.9\ref/net10.0/System.Reflection.Emit.Lightweight.dll
                 Private = 'false'
             C:\Program Files\dotnet\packs\Microsoft.NETCore.App.Ref\10.0.9\ref/net10.0/System.Reflection.Emit.dll
                 Private = 'false'
             C:\Program Files\dotnet\packs\Microsoft.NETCore.App.Ref\10.0.9\ref/net10.0/System.Reflection.Extensions.dll
                 Private = 'false'
             C:\Program Files\dotnet\packs\Microsoft.NETCore.App.Ref\10.0.9\ref/net10.0/System.Reflection.Metadata.dll
                 Private = 'false'
             C:\Program Files\dotnet\packs\Microsoft.NETCore.App.Ref\10.0.9\ref/net10.0/System.Reflection.Primitives.dll
                 Private = 'false'
             C:\Program Files\dotnet\packs\Microsoft.NETCore.App.Ref\10.0.9\ref/net10.0/System.Reflection.TypeExtensions.dll
                 Private = 'false'
             C:\Program Files\dotnet\packs\Microsoft.NETCore.App.Ref\10.0.9\ref/net10.0/System.Reflection.dll
                 Private = 'false'
             C:\Program Files\dotnet\packs\Microsoft.NETCore.App.Ref\10.0.9\ref/net10.0/System.Resources.Reader.dll
                 Private = 'false'
             C:\Program Files\dotnet\packs\Microsoft.NETCore.App.Ref\10.0.9\ref/net10.0/System.Resources.ResourceManager.dll
                 Private = 'false'
             C:\Program Files\dotnet\packs\Microsoft.NETCore.App.Ref\10.0.9\ref/net10.0/System.Resources.Writer.dll
                 Private = 'false'
             C:\Program Files\dotnet\packs\Microsoft.NETCore.App.Ref\10.0.9\ref/net10.0/System.Runtime.CompilerServices.Unsafe.dll
                 Private = 'false'
             C:\Program Files\dotnet\packs\Microsoft.NETCore.App.Ref\10.0.9\ref/net10.0/System.Runtime.CompilerServices.VisualC.dll
                 Private = 'false'
             C:\Program Files\dotnet\packs\Microsoft.NETCore.App.Ref\10.0.9\ref/net10.0/System.Runtime.Extensions.dll
                 Private = 'false'
             C:\Program Files\dotnet\packs\Microsoft.NETCore.App.Ref\10.0.9\ref/net10.0/System.Runtime.Handles.dll
                 Private = 'false'
             C:\Program Files\dotnet\packs\Microsoft.NETCore.App.Ref\10.0.9\ref/net10.0/System.Runtime.InteropServices.JavaScript.dll
                 Private = 'false'
             C:\Program Files\dotnet\packs\Microsoft.NETCore.App.Ref\10.0.9\ref/net10.0/System.Runtime.InteropServices.RuntimeInformation.dll
                 Private = 'false'
             C:\Program Files\dotnet\packs\Microsoft.NETCore.App.Ref\10.0.9\ref/net10.0/System.Runtime.InteropServices.dll
                 Private = 'false'
             C:\Program Files\dotnet\packs\Microsoft.NETCore.App.Ref\10.0.9\ref/net10.0/System.Runtime.Intrinsics.dll
                 Private = 'false'
             C:\Program Files\dotnet\packs\Microsoft.NETCore.App.Ref\10.0.9\ref/net10.0/System.Runtime.Loader.dll
                 Private = 'false'
             C:\Program Files\dotnet\packs\Microsoft.NETCore.App.Ref\10.0.9\ref/net10.0/System.Runtime.Numerics.dll
                 Private = 'false'
             C:\Program Files\dotnet\packs\Microsoft.NETCore.App.Ref\10.0.9\ref/net10.0/System.Runtime.Serialization.Formatters.dll
                 Private = 'false'
             C:\Program Files\dotnet\packs\Microsoft.NETCore.App.Ref\10.0.9\ref/net10.0/System.Runtime.Serialization.Json.dll
                 Private = 'false'
             C:\Program Files\dotnet\packs\Microsoft.NETCore.App.Ref\10.0.9\ref/net10.0/System.Runtime.Serialization.Primitives.dll
                 Private = 'false'
             C:\Program Files\dotnet\packs\Microsoft.NETCore.App.Ref\10.0.9\ref/net10.0/System.Runtime.Serialization.Xml.dll
                 Private = 'false'
             C:\Program Files\dotnet\packs\Microsoft.NETCore.App.Ref\10.0.9\ref/net10.0/System.Runtime.Serialization.dll
                 Private = 'false'
             C:\Program Files\dotnet\packs\Microsoft.NETCore.App.Ref\10.0.9\ref/net10.0/System.Runtime.dll
                 Private = 'false'
             C:\Program Files\dotnet\packs\Microsoft.NETCore.App.Ref\10.0.9\ref/net10.0/System.Security.AccessControl.dll
                 Private = 'false'
             C:\Program Files\dotnet\packs\Microsoft.NETCore.App.Ref\10.0.9\ref/net10.0/System.Security.Claims.dll
                 Private = 'false'
             C:\Program Files\dotnet\packs\Microsoft.NETCore.App.Ref\10.0.9\ref/net10.0/System.Security.Cryptography.Algorithms.dll
                 Private = 'false'
             C:\Program Files\dotnet\packs\Microsoft.NETCore.App.Ref\10.0.9\ref/net10.0/System.Security.Cryptography.Cng.dll
                 Private = 'false'
             C:\Program Files\dotnet\packs\Microsoft.NETCore.App.Ref\10.0.9\ref/net10.0/System.Security.Cryptography.Csp.dll
                 Private = 'false'
             C:\Program Files\dotnet\packs\Microsoft.NETCore.App.Ref\10.0.9\ref/net10.0/System.Security.Cryptography.Encoding.dll
                 Private = 'false'
             C:\Program Files\dotnet\packs\Microsoft.NETCore.App.Ref\10.0.9\ref/net10.0/System.Security.Cryptography.OpenSsl.dll
                 Private = 'false'
             C:\Program Files\dotnet\packs\Microsoft.NETCore.App.Ref\10.0.9\ref/net10.0/System.Security.Cryptography.Primitives.dll
                 Private = 'false'
             C:\Program Files\dotnet\packs\Microsoft.NETCore.App.Ref\10.0.9\ref/net10.0/System.Security.Cryptography.X509Certificates.dll
                 Private = 'false'
             C:\Program Files\dotnet\packs\Microsoft.NETCore.App.Ref\10.0.9\ref/net10.0/System.Security.Cryptography.dll
                 Private = 'false'
             C:\Program Files\dotnet\packs\Microsoft.NETCore.App.Ref\10.0.9\ref/net10.0/System.Security.Principal.Windows.dll
                 Private = 'false'
             C:\Program Files\dotnet\packs\Microsoft.NETCore.App.Ref\10.0.9\ref/net10.0/System.Security.Principal.dll
                 Private = 'false'
             C:\Program Files\dotnet\packs\Microsoft.NETCore.App.Ref\10.0.9\ref/net10.0/System.Security.SecureString.dll
                 Private = 'false'
             C:\Program Files\dotnet\packs\Microsoft.NETCore.App.Ref\10.0.9\ref/net10.0/System.Security.dll
                 Private = 'false'
             C:\Program Files\dotnet\packs\Microsoft.NETCore.App.Ref\10.0.9\ref/net10.0/System.ServiceModel.Web.dll
                 Private = 'false'
             C:\Program Files\dotnet\packs\Microsoft.NETCore.App.Ref\10.0.9\ref/net10.0/System.ServiceProcess.dll
                 Private = 'false'
             C:\Program Files\dotnet\packs\Microsoft.NETCore.App.Ref\10.0.9\ref/net10.0/System.Text.Encoding.CodePages.dll
                 Private = 'false'
             C:\Program Files\dotnet\packs\Microsoft.NETCore.App.Ref\10.0.9\ref/net10.0/System.Text.Encoding.Extensions.dll
                 Private = 'false'
             C:\Program Files\dotnet\packs\Microsoft.NETCore.App.Ref\10.0.9\ref/net10.0/System.Text.Encoding.dll
                 Private = 'false'
             C:\Program Files\dotnet\packs\Microsoft.NETCore.App.Ref\10.0.9\ref/net10.0/System.Text.Encodings.Web.dll
                 Private = 'false'
             C:\Program Files\dotnet\packs\Microsoft.NETCore.App.Ref\10.0.9\ref/net10.0/System.Text.Json.dll
                 Private = 'false'
             C:\Program Files\dotnet\packs\Microsoft.NETCore.App.Ref\10.0.9\ref/net10.0/System.Text.RegularExpressions.dll
                 Private = 'false'
             C:\Program Files\dotnet\packs\Microsoft.NETCore.App.Ref\10.0.9\ref/net10.0/System.Threading.AccessControl.dll
                 Private = 'false'
             C:\Program Files\dotnet\packs\Microsoft.NETCore.App.Ref\10.0.9\ref/net10.0/System.Threading.Channels.dll
                 Private = 'false'
             C:\Program Files\dotnet\packs\Microsoft.NETCore.App.Ref\10.0.9\ref/net10.0/System.Threading.Overlapped.dll
                 Private = 'false'
             C:\Program Files\dotnet\packs\Microsoft.NETCore.App.Ref\10.0.9\ref/net10.0/System.Threading.Tasks.Dataflow.dll
                 Private = 'false'
             C:\Program Files\dotnet\packs\Microsoft.NETCore.App.Ref\10.0.9\ref/net10.0/System.Threading.Tasks.Extensions.dll
                 Private = 'false'
             C:\Program Files\dotnet\packs\Microsoft.NETCore.App.Ref\10.0.9\ref/net10.0/System.Threading.Tasks.Parallel.dll
                 Private = 'false'
             C:\Program Files\dotnet\packs\Microsoft.NETCore.App.Ref\10.0.9\ref/net10.0/System.Threading.Tasks.dll
                 Private = 'false'
             C:\Program Files\dotnet\packs\Microsoft.NETCore.App.Ref\10.0.9\ref/net10.0/System.Threading.Thread.dll
                 Private = 'false'
             C:\Program Files\dotnet\packs\Microsoft.NETCore.App.Ref\10.0.9\ref/net10.0/System.Threading.ThreadPool.dll
                 Private = 'false'
             C:\Program Files\dotnet\packs\Microsoft.NETCore.App.Ref\10.0.9\ref/net10.0/System.Threading.Timer.dll
                 Private = 'false'
             C:\Program Files\dotnet\packs\Microsoft.NETCore.App.Ref\10.0.9\ref/net10.0/System.Threading.dll
                 Private = 'false'
             C:\Program Files\dotnet\packs\Microsoft.NETCore.App.Ref\10.0.9\ref/net10.0/System.Transactions.Local.dll
                 Private = 'false'
             C:\Program Files\dotnet\packs\Microsoft.NETCore.App.Ref\10.0.9\ref/net10.0/System.Transactions.dll
                 Private = 'false'
             C:\Program Files\dotnet\packs\Microsoft.NETCore.App.Ref\10.0.9\ref/net10.0/System.ValueTuple.dll
                 Private = 'false'
             C:\Program Files\dotnet\packs\Microsoft.NETCore.App.Ref\10.0.9\ref/net10.0/System.Web.HttpUtility.dll
                 Private = 'false'
             C:\Program Files\dotnet\packs\Microsoft.NETCore.App.Ref\10.0.9\ref/net10.0/System.Web.dll
                 Private = 'false'
             C:\Program Files\dotnet\packs\Microsoft.NETCore.App.Ref\10.0.9\ref/net10.0/System.Windows.dll
                 Private = 'false'
             C:\Program Files\dotnet\packs\Microsoft.NETCore.App.Ref\10.0.9\ref/net10.0/System.Xml.Linq.dll
                 Private = 'false'
             C:\Program Files\dotnet\packs\Microsoft.NETCore.App.Ref\10.0.9\ref/net10.0/System.Xml.ReaderWriter.dll
                 Private = 'false'
             C:\Program Files\dotnet\packs\Microsoft.NETCore.App.Ref\10.0.9\ref/net10.0/System.Xml.Serialization.dll
                 Private = 'false'
             C:\Program Files\dotnet\packs\Microsoft.NETCore.App.Ref\10.0.9\ref/net10.0/System.Xml.XDocument.dll
                 Private = 'false'
             C:\Program Files\dotnet\packs\Microsoft.NETCore.App.Ref\10.0.9\ref/net10.0/System.Xml.XPath.XDocument.dll
                 Private = 'false'
             C:\Program Files\dotnet\packs\Microsoft.NETCore.App.Ref\10.0.9\ref/net10.0/System.Xml.XPath.dll
                 Private = 'false'
             C:\Program Files\dotnet\packs\Microsoft.NETCore.App.Ref\10.0.9\ref/net10.0/System.Xml.XmlDocument.dll
                 Private = 'false'
             C:\Program Files\dotnet\packs\Microsoft.NETCore.App.Ref\10.0.9\ref/net10.0/System.Xml.XmlSerializer.dll
                 Private = 'false'
             C:\Program Files\dotnet\packs\Microsoft.NETCore.App.Ref\10.0.9\ref/net10.0/System.Xml.dll
                 Private = 'false'
             C:\Program Files\dotnet\packs\Microsoft.NETCore.App.Ref\10.0.9\ref/net10.0/System.dll
                 Private = 'false'
             C:\Program Files\dotnet\packs\Microsoft.NETCore.App.Ref\10.0.9\ref/net10.0/mscorlib.dll
                 Private = 'false'
             C:\Program Files\dotnet\packs\Microsoft.NETCore.App.Ref\10.0.9\ref/net10.0/netstandard.dll
                 Private = 'false'
             C:\Users\tuoza\.nuget\packages\microsoft.windows.sdk.net.ref\10.0.19041.57\lib/net8.0/Microsoft.Windows.SDK.NET.dll
                 Private = 'false'
             C:\Users\tuoza\.nuget\packages\microsoft.windows.sdk.net.ref\10.0.19041.57\lib/net8.0/WinRT.Runtime.dll
                 Private = 'false'
             C:\Program Files\dotnet\packs\Microsoft.WindowsDesktop.App.Ref\10.0.9\ref/net10.0/Accessibility.dll
                 Private = 'false'
             C:\Program Files\dotnet\packs\Microsoft.WindowsDesktop.App.Ref\10.0.9\ref/net10.0/Microsoft.VisualBasic.Forms.dll
                 Private = 'false'
             C:\Program Files\dotnet\packs\Microsoft.WindowsDesktop.App.Ref\10.0.9\ref/net10.0/Microsoft.VisualBasic.dll
                 Private = 'false'
             C:\Program Files\dotnet\packs\Microsoft.WindowsDesktop.App.Ref\10.0.9\ref/net10.0/Microsoft.Win32.Registry.AccessControl.dll
                 Private = 'false'
             C:\Program Files\dotnet\packs\Microsoft.WindowsDesktop.App.Ref\10.0.9\ref/net10.0/Microsoft.Win32.SystemEvents.dll
                 Private = 'false'
             C:\Program Files\dotnet\packs\Microsoft.WindowsDesktop.App.Ref\10.0.9\ref/net10.0/System.CodeDom.dll
                 Private = 'false'
             C:\Program Files\dotnet\packs\Microsoft.WindowsDesktop.App.Ref\10.0.9\ref/net10.0/System.Configuration.ConfigurationManager.dll
                 Private = 'false'
             C:\Program Files\dotnet\packs\Microsoft.WindowsDesktop.App.Ref\10.0.9\ref/net10.0/System.Design.dll
                 Private = 'false'
             C:\Program Files\dotnet\packs\Microsoft.WindowsDesktop.App.Ref\10.0.9\ref/net10.0/System.Diagnostics.EventLog.dll
                 Private = 'false'
             C:\Program Files\dotnet\packs\Microsoft.WindowsDesktop.App.Ref\10.0.9\ref/net10.0/System.Diagnostics.PerformanceCounter.dll
                 Private = 'false'
             C:\Program Files\dotnet\packs\Microsoft.WindowsDesktop.App.Ref\10.0.9\ref/net10.0/System.DirectoryServices.dll
                 Private = 'false'
             C:\Program Files\dotnet\packs\Microsoft.WindowsDesktop.App.Ref\10.0.9\ref/net10.0/System.Drawing.Common.dll
                 Private = 'false'
             C:\Program Files\dotnet\packs\Microsoft.WindowsDesktop.App.Ref\10.0.9\ref/net10.0/System.Drawing.Design.dll
                 Private = 'false'
             C:\Program Files\dotnet\packs\Microsoft.WindowsDesktop.App.Ref\10.0.9\ref/net10.0/System.Drawing.dll
                 Private = 'false'
             C:\Program Files\dotnet\packs\Microsoft.WindowsDesktop.App.Ref\10.0.9\ref/net10.0/System.Formats.Nrbf.dll
                 Private = 'false'
             C:\Program Files\dotnet\packs\Microsoft.WindowsDesktop.App.Ref\10.0.9\ref/net10.0/System.IO.Packaging.dll
                 Private = 'false'
             C:\Program Files\dotnet\packs\Microsoft.WindowsDesktop.App.Ref\10.0.9\ref/net10.0/System.Private.Windows.Core.dll
                 Private = 'false'
             C:\Program Files\dotnet\packs\Microsoft.WindowsDesktop.App.Ref\10.0.9\ref/net10.0/System.Private.Windows.GdiPlus.dll
                 Private = 'false'
             C:\Program Files\dotnet\packs\Microsoft.WindowsDesktop.App.Ref\10.0.9\ref/net10.0/System.Resources.Extensions.dll
                 Private = 'false'
             C:\Program Files\dotnet\packs\Microsoft.WindowsDesktop.App.Ref\10.0.9\ref/net10.0/System.Security.Cryptography.Pkcs.dll
                 Private = 'false'
             C:\Program Files\dotnet\packs\Microsoft.WindowsDesktop.App.Ref\10.0.9\ref/net10.0/System.Security.Cryptography.ProtectedData.dll
                 Private = 'false'
             C:\Program Files\dotnet\packs\Microsoft.WindowsDesktop.App.Ref\10.0.9\ref/net10.0/System.Security.Cryptography.Xml.dll
                 Private = 'false'
             C:\Program Files\dotnet\packs\Microsoft.WindowsDesktop.App.Ref\10.0.9\ref/net10.0/System.Security.Permissions.dll
                 Private = 'false'
             C:\Program Files\dotnet\packs\Microsoft.WindowsDesktop.App.Ref\10.0.9\ref/net10.0/System.Windows.Extensions.dll
                 Private = 'false'
             C:\Program Files\dotnet\packs\Microsoft.WindowsDesktop.App.Ref\10.0.9\ref/net10.0/System.Windows.Forms.Design.Editors.dll
                 Private = 'false'
             C:\Program Files\dotnet\packs\Microsoft.WindowsDesktop.App.Ref\10.0.9\ref/net10.0/System.Windows.Forms.Design.dll
                 Private = 'false'
             C:\Program Files\dotnet\packs\Microsoft.WindowsDesktop.App.Ref\10.0.9\ref/net10.0/System.Windows.Forms.Primitives.dll
                 Private = 'false'
             C:\Program Files\dotnet\packs\Microsoft.WindowsDesktop.App.Ref\10.0.9\ref/net10.0/System.Windows.Forms.dll
                 Private = 'false'
             C:\Program Files\dotnet\packs\Microsoft.WindowsDesktop.App.Ref\10.0.9\ref/net10.0/PresentationCore.dll
                 Private = 'false'
             C:\Program Files\dotnet\packs\Microsoft.WindowsDesktop.App.Ref\10.0.9\ref/net10.0/PresentationFramework.Aero.dll
                 Private = 'false'
             C:\Program Files\dotnet\packs\Microsoft.WindowsDesktop.App.Ref\10.0.9\ref/net10.0/PresentationFramework.Aero2.dll
                 Private = 'false'
             C:\Program Files\dotnet\packs\Microsoft.WindowsDesktop.App.Ref\10.0.9\ref/net10.0/PresentationFramework.AeroLite.dll
                 Private = 'false'
             C:\Program Files\dotnet\packs\Microsoft.WindowsDesktop.App.Ref\10.0.9\ref/net10.0/PresentationFramework.Classic.dll
                 Private = 'false'
             C:\Program Files\dotnet\packs\Microsoft.WindowsDesktop.App.Ref\10.0.9\ref/net10.0/PresentationFramework.Luna.dll
                 Private = 'false'
             C:\Program Files\dotnet\packs\Microsoft.WindowsDesktop.App.Ref\10.0.9\ref/net10.0/PresentationFramework.Royale.dll
                 Private = 'false'
             C:\Program Files\dotnet\packs\Microsoft.WindowsDesktop.App.Ref\10.0.9\ref/net10.0/PresentationFramework.dll
                 Private = 'false'
             C:\Program Files\dotnet\packs\Microsoft.WindowsDesktop.App.Ref\10.0.9\ref/net10.0/PresentationUI.dll
                 Private = 'false'
             C:\Program Files\dotnet\packs\Microsoft.WindowsDesktop.App.Ref\10.0.9\ref/net10.0/ReachFramework.dll
                 Private = 'false'
             C:\Program Files\dotnet\packs\Microsoft.WindowsDesktop.App.Ref\10.0.9\ref/net10.0/System.Printing.dll
                 Private = 'false'
             C:\Program Files\dotnet\packs\Microsoft.WindowsDesktop.App.Ref\10.0.9\ref/net10.0/System.Windows.Controls.Ribbon.dll
                 Private = 'false'
             C:\Program Files\dotnet\packs\Microsoft.WindowsDesktop.App.Ref\10.0.9\ref/net10.0/System.Windows.Input.Manipulations.dll
                 Private = 'false'
             C:\Program Files\dotnet\packs\Microsoft.WindowsDesktop.App.Ref\10.0.9\ref/net10.0/System.Windows.Presentation.dll
                 Private = 'false'
             C:\Program Files\dotnet\packs\Microsoft.WindowsDesktop.App.Ref\10.0.9\ref/net10.0/System.Windows.Primitives.dll
                 Private = 'false'
             C:\Program Files\dotnet\packs\Microsoft.WindowsDesktop.App.Ref\10.0.9\ref/net10.0/System.Xaml.dll
                 Private = 'false'
             C:\Program Files\dotnet\packs\Microsoft.WindowsDesktop.App.Ref\10.0.9\ref/net10.0/UIAutomationClient.dll
                 Private = 'false'
             C:\Program Files\dotnet\packs\Microsoft.WindowsDesktop.App.Ref\10.0.9\ref/net10.0/UIAutomationClientSideProviders.dll
                 Private = 'false'
             C:\Program Files\dotnet\packs\Microsoft.WindowsDesktop.App.Ref\10.0.9\ref/net10.0/UIAutomationProvider.dll
                 Private = 'false'
             C:\Program Files\dotnet\packs\Microsoft.WindowsDesktop.App.Ref\10.0.9\ref/net10.0/UIAutomationTypes.dll
                 Private = 'false'
             C:\Program Files\dotnet\packs\Microsoft.WindowsDesktop.App.Ref\10.0.9\ref/net10.0/WindowsBase.dll
                 Private = 'false'
             C:\Program Files\dotnet\packs\Microsoft.WindowsDesktop.App.Ref\10.0.9\ref/net10.0/WindowsFormsIntegration.dll
                 Private = 'false'
         AssemblyFiles:
         CandidateAssemblyFiles:
         TargetFrameworkDirectories:
             
         NonCultureResourceDirectories:
             
         InstalledAssemblyTables:
         IgnoreInstalledAssemblyTable:
             False
         SearchPaths:
             {CandidateAssemblyFiles}
             {HintPathFromItem}
             {TargetFrameworkDirectory}
             {RawFileName}
         AllowedAssemblyExtensions:
             .winmd
             .dll
             .exe
         AllowedRelatedFileExtensions:
             .pdb
             .xml
             .pri
             .dll.config
             .exe.config
         AppConfigFile:
             
         AutoUnify:
             True
         EnableCustomCulture:
             False
         EnableCustomCulture:
             False
         CopyLocalDependenciesWhenParentReferenceInGac:
             True
         FindDependencies:
             True
         TargetProcessorArchitecture:
             amd64
         StateFile:
             obj\x64\Debug\net10.0-windows10.0.19041.0\win-x64\Archivio.csproj.AssemblyReference.cache
         InstalledAssemblySubsetTables:
         IgnoreInstalledAssemblySubsetTable:
             False
         TargetFrameworkSubsets:
         FullTargetFrameworkSubsetNames:
             Full
         ProfileName:
             
         FullFrameworkFolders:
         LatestTargetFrameworkDirectories:
         ProfileTablesLocation:
         統合されたプライマリ参照 "Microsoft.Web.WebView2.Core.Projection, Version=1.0.4129.50, Culture=neutral, PublicKeyToken=2a8ab48044d2601e" です。
             AutoUnify が 'true' のため、"C:\Users\tuoza\.nuget\packages\microsoft.windowsappsdk.winui\1.8.260803003\lib\net6.0-windows10.0.17763.0\Microsoft.WinUI.dll" 内の元のバージョン "1.0.3179.45" ではなくこのバージョンを使用します。
             解決されたファイル パスは "C:\Users\tuoza\.nuget\packages\microsoft.web.webview2\1.0.4129.50\lib_manual\net8.0-windows10.0.17763.0\Microsoft.Web.WebView2.Core.Projection.dll" です。
             検索パスの場所 "{RawFileName}" で参照が見つかりました。
         プライマリ参照 "ColorCode.Core, Version=2.0.0.0, Culture=neutral, PublicKeyToken=51464a653cf063b3" です。
             解決されたファイル パスは "C:\Users\tuoza\.nuget\packages\colorcode.core\2.0.13\lib\netstandard1.4\ColorCode.Core.dll" です。
             検索パスの場所 "{HintPathFromItem}" で参照が見つかりました。
             関連ファイル "C:\Users\tuoza\.nuget\packages\colorcode.core\2.0.13\lib\netstandard1.4\ColorCode.Core.pdb" が見つかりました。
             少なくとも 1 つのソース項目で "Private" が "false" に設定され、どのソース項目にも "Private" が "true" に設定されていないため、この参照は "CopyLocal" ではありません。
         プライマリ参照 "ColorCode.WinUI, Version=2.0.0.0, Culture=neutral, PublicKeyToken=51464a653cf063b3" です。
             解決されたファイル パスは "C:\Users\tuoza\.nuget\packages\colorcode.winui\2.0.13\lib\net5.0-windows10.0.18362\ColorCode.WinUI.dll" です。
             検索パスの場所 "{HintPathFromItem}" で参照が見つかりました。
             関連ファイル "C:\Users\tuoza\.nuget\packages\colorcode.winui\2.0.13\lib\net5.0-windows10.0.18362\ColorCode.WinUI.pdb" が見つかりました。
             関連ファイル "C:\Users\tuoza\.nuget\packages\colorcode.winui\2.0.13\lib\net5.0-windows10.0.18362\ColorCode.WinUI.pri" が見つかりました。
             少なくとも 1 つのソース項目で "Private" が "false" に設定され、どのソース項目にも "Private" が "true" に設定されていないため、この参照は "CopyLocal" ではありません。
         プライマリ参照 "CommunityToolkit.Common, Version=7.1.0.0, Culture=neutral, PublicKeyToken=4aff67a105548ee2" です。
             解決されたファイル パスは "C:\Users\tuoza\.nuget\packages\communitytoolkit.common\7.1.2\lib\net5.0\CommunityToolkit.Common.dll" です。
             検索パスの場所 "{HintPathFromItem}" で参照が見つかりました。
             関連ファイル "C:\Users\tuoza\.nuget\packages\communitytoolkit.common\7.1.2\lib\net5.0\CommunityToolkit.Common.pdb" が見つかりました。
             関連ファイル "C:\Users\tuoza\.nuget\packages\communitytoolkit.common\7.1.2\lib\net5.0\CommunityToolkit.Common.xml" が見つかりました。
             少なくとも 1 つのソース項目で "Private" が "false" に設定され、どのソース項目にも "Private" が "true" に設定されていないため、この参照は "CopyLocal" ではありません。
         プライマリ参照 "CommunityToolkit.WinUI, Version=7.1.0.0, Culture=neutral, PublicKeyToken=4aff67a105548ee2" です。
             解決されたファイル パスは "C:\Users\tuoza\.nuget\packages\communitytoolkit.winui\7.1.2\lib\net5.0-windows10.0.18362\CommunityToolkit.WinUI.dll" です。
             検索パスの場所 "{HintPathFromItem}" で参照が見つかりました。
             関連ファイル "C:\Users\tuoza\.nuget\packages\communitytoolkit.winui\7.1.2\lib\net5.0-windows10.0.18362\CommunityToolkit.WinUI.pdb" が見つかりました。
             関連ファイル "C:\Users\tuoza\.nuget\packages\communitytoolkit.winui\7.1.2\lib\net5.0-windows10.0.18362\CommunityToolkit.WinUI.xml" が見つかりました。
             関連ファイル "C:\Users\tuoza\.nuget\packages\communitytoolkit.winui\7.1.2\lib\net5.0-windows10.0.18362\CommunityToolkit.WinUI.pri" が見つかりました。
             少なくとも 1 つのソース項目で "Private" が "false" に設定され、どのソース項目にも "Private" が "true" に設定されていないため、この参照は "CopyLocal" ではありません。
         プライマリ参照 "CommunityToolkit.WinUI.UI, Version=7.1.0.0, Culture=neutral, PublicKeyToken=4aff67a105548ee2" です。
             解決されたファイル パスは "C:\Users\tuoza\.nuget\packages\communitytoolkit.winui.ui\7.1.2\lib\net5.0-windows10.0.18362\CommunityToolkit.WinUI.UI.dll" です。
             検索パスの場所 "{HintPathFromItem}" で参照が見つかりました。
             関連ファイル "C:\Users\tuoza\.nuget\packages\communitytoolkit.winui.ui\7.1.2\lib\net5.0-windows10.0.18362\CommunityToolkit.WinUI.UI.pdb" が見つかりました。
             関連ファイル "C:\Users\tuoza\.nuget\packages\communitytoolkit.winui.ui\7.1.2\lib\net5.0-windows10.0.18362\CommunityToolkit.WinUI.UI.xml" が見つかりました。
             関連ファイル "C:\Users\tuoza\.nuget\packages\communitytoolkit.winui.ui\7.1.2\lib\net5.0-windows10.0.18362\CommunityToolkit.WinUI.UI.pri" が見つかりました。
             少なくとも 1 つのソース項目で "Private" が "false" に設定され、どのソース項目にも "Private" が "true" に設定されていないため、この参照は "CopyLocal" ではありません。
         プライマリ参照 "CommunityToolkit.WinUI.UI.Controls.Core, Version=7.1.0.0, Culture=neutral, PublicKeyToken=4aff67a105548ee2" です。
             解決されたファイル パスは "C:\Users\tuoza\.nuget\packages\communitytoolkit.winui.ui.controls.core\7.1.2\lib\net5.0-windows10.0.18362\CommunityToolkit.WinUI.UI.Controls.Core.dll" です。
             検索パスの場所 "{HintPathFromItem}" で参照が見つかりました。
             関連ファイル "C:\Users\tuoza\.nuget\packages\communitytoolkit.winui.ui.controls.core\7.1.2\lib\net5.0-windows10.0.18362\CommunityToolkit.WinUI.UI.Controls.Core.pdb" が見つかりました。
             関連ファイル "C:\Users\tuoza\.nuget\packages\communitytoolkit.winui.ui.controls.core\7.1.2\lib\net5.0-windows10.0.18362\CommunityToolkit.WinUI.UI.Controls.Core.xml" が見つかりました。
             関連ファイル "C:\Users\tuoza\.nuget\packages\communitytoolkit.winui.ui.controls.core\7.1.2\lib\net5.0-windows10.0.18362\CommunityToolkit.WinUI.UI.Controls.Core.pri" が見つかりました。
             少なくとも 1 つのソース項目で "Private" が "false" に設定され、どのソース項目にも "Private" が "true" に設定されていないため、この参照は "CopyLocal" ではありません。
         プライマリ参照 "CommunityToolkit.WinUI.UI.Controls.DataGrid, Version=7.1.0.0, Culture=neutral, PublicKeyToken=4aff67a105548ee2" です。
             解決されたファイル パスは "C:\Users\tuoza\.nuget\packages\communitytoolkit.winui.ui.controls.datagrid\7.1.2\lib\net5.0-windows10.0.18362\CommunityToolkit.WinUI.UI.Controls.DataGrid.dll" です。
             検索パスの場所 "{HintPathFromItem}" で参照が見つかりました。
             関連ファイル "C:\Users\tuoza\.nuget\packages\communitytoolkit.winui.ui.controls.datagrid\7.1.2\lib\net5.0-windows10.0.18362\CommunityToolkit.WinUI.UI.Controls.DataGrid.pdb" が見つかりました。
             関連ファイル "C:\Users\tuoza\.nuget\packages\communitytoolkit.winui.ui.controls.datagrid\7.1.2\lib\net5.0-windows10.0.18362\CommunityToolkit.WinUI.UI.Controls.DataGrid.xml" が見つかりました。
             関連ファイル "C:\Users\tuoza\.nuget\packages\communitytoolkit.winui.ui.controls.datagrid\7.1.2\lib\net5.0-windows10.0.18362\CommunityToolkit.WinUI.UI.Controls.DataGrid.pri" が見つかりました。
             少なくとも 1 つのソース項目で "Private" が "false" に設定され、どのソース項目にも "Private" が "true" に設定されていないため、この参照は "CopyLocal" ではありません。
         プライマリ参照 "CommunityToolkit.WinUI.UI.Controls.Input, Version=7.1.0.0, Culture=neutral, PublicKeyToken=4aff67a105548ee2" です。
             解決されたファイル パスは "C:\Users\tuoza\.nuget\packages\communitytoolkit.winui.ui.controls.input\7.1.2\lib\net5.0-windows10.0.18362\CommunityToolkit.WinUI.UI.Controls.Input.dll" です。
             検索パスの場所 "{HintPathFromItem}" で参照が見つかりました。
             関連ファイル "C:\Users\tuoza\.nuget\packages\communitytoolkit.winui.ui.controls.input\7.1.2\lib\net5.0-windows10.0.18362\CommunityToolkit.WinUI.UI.Controls.Input.pdb" が見つかりました。
             関連ファイル "C:\Users\tuoza\.nuget\packages\communitytoolkit.winui.ui.controls.input\7.1.2\lib\net5.0-windows10.0.18362\CommunityToolkit.WinUI.UI.Controls.Input.xml" が見つかりました。
             関連ファイル "C:\Users\tuoza\.nuget\packages\communitytoolkit.winui.ui.controls.input\7.1.2\lib\net5.0-windows10.0.18362\CommunityToolkit.WinUI.UI.Controls.Input.pri" が見つかりました。
             少なくとも 1 つのソース項目で "Private" が "false" に設定され、どのソース項目にも "Private" が "true" に設定されていないため、この参照は "CopyLocal" ではありません。
         プライマリ参照 "CommunityToolkit.WinUI.UI.Controls.Layout, Version=7.1.0.0, Culture=neutral, PublicKeyToken=4aff67a105548ee2" です。
             解決されたファイル パスは "C:\Users\tuoza\.nuget\packages\communitytoolkit.winui.ui.controls.layout\7.1.2\lib\net5.0-windows10.0.18362\CommunityToolkit.WinUI.UI.Controls.Layout.dll" です。
             検索パスの場所 "{HintPathFromItem}" で参照が見つかりました。
             関連ファイル "C:\Users\tuoza\.nuget\packages\communitytoolkit.winui.ui.controls.layout\7.1.2\lib\net5.0-windows10.0.18362\CommunityToolkit.WinUI.UI.Controls.Layout.pdb" が見つかりました。
             関連ファイル "C:\Users\tuoza\.nuget\packages\communitytoolkit.winui.ui.controls.layout\7.1.2\lib\net5.0-windows10.0.18362\CommunityToolkit.WinUI.UI.Controls.Layout.xml" が見つかりました。
             関連ファイル "C:\Users\tuoza\.nuget\packages\communitytoolkit.winui.ui.controls.layout\7.1.2\lib\net5.0-windows10.0.18362\CommunityToolkit.WinUI.UI.Controls.Layout.pri" が見つかりました。
             少なくとも 1 つのソース項目で "Private" が "false" に設定され、どのソース項目にも "Private" が "true" に設定されていないため、この参照は "CopyLocal" ではありません。
         プライマリ参照 "CommunityToolkit.WinUI.UI.Controls.Markdown, Version=7.1.0.0, Culture=neutral, PublicKeyToken=4aff67a105548ee2" です。
             解決されたファイル パスは "C:\Users\tuoza\.nuget\packages\communitytoolkit.winui.ui.controls.markdown\7.1.2\lib\net5.0-windows10.0.18362\CommunityToolkit.WinUI.UI.Controls.Markdown.dll" です。
             検索パスの場所 "{HintPathFromItem}" で参照が見つかりました。
             関連ファイル "C:\Users\tuoza\.nuget\packages\communitytoolkit.winui.ui.controls.markdown\7.1.2\lib\net5.0-windows10.0.18362\CommunityToolkit.WinUI.UI.Controls.Markdown.pdb" が見つかりました。
             関連ファイル "C:\Users\tuoza\.nuget\packages\communitytoolkit.winui.ui.controls.markdown\7.1.2\lib\net5.0-windows10.0.18362\CommunityToolkit.WinUI.UI.Controls.Markdown.xml" が見つかりました。
             関連ファイル "C:\Users\tuoza\.nuget\packages\communitytoolkit.winui.ui.controls.markdown\7.1.2\lib\net5.0-windows10.0.18362\CommunityToolkit.WinUI.UI.Controls.Markdown.pri" が見つかりました。
             少なくとも 1 つのソース項目で "Private" が "false" に設定され、どのソース項目にも "Private" が "true" に設定されていないため、この参照は "CopyLocal" ではありません。
         プライマリ参照 "CommunityToolkit.WinUI.UI.Controls.Media, Version=7.1.0.0, Culture=neutral, PublicKeyToken=4aff67a105548ee2" です。
             解決されたファイル パスは "C:\Users\tuoza\.nuget\packages\communitytoolkit.winui.ui.controls.media\7.1.2\lib\net5.0-windows10.0.18362\CommunityToolkit.WinUI.UI.Controls.Media.dll" です。
             検索パスの場所 "{HintPathFromItem}" で参照が見つかりました。
             関連ファイル "C:\Users\tuoza\.nuget\packages\communitytoolkit.winui.ui.controls.media\7.1.2\lib\net5.0-windows10.0.18362\CommunityToolkit.WinUI.UI.Controls.Media.pdb" が見つかりました。
             関連ファイル "C:\Users\tuoza\.nuget\packages\communitytoolkit.winui.ui.controls.media\7.1.2\lib\net5.0-windows10.0.18362\CommunityToolkit.WinUI.UI.Controls.Media.xml" が見つかりました。
             関連ファイル "C:\Users\tuoza\.nuget\packages\communitytoolkit.winui.ui.controls.media\7.1.2\lib\net5.0-windows10.0.18362\CommunityToolkit.WinUI.UI.Controls.Media.pri" が見つかりました。
             少なくとも 1 つのソース項目で "Private" が "false" に設定され、どのソース項目にも "Private" が "true" に設定されていないため、この参照は "CopyLocal" ではありません。
         プライマリ参照 "CommunityToolkit.WinUI.UI.Controls.Primitives, Version=7.1.0.0, Culture=neutral, PublicKeyToken=4aff67a105548ee2" です。
             解決されたファイル パスは "C:\Users\tuoza\.nuget\packages\communitytoolkit.winui.ui.controls.primitives\7.1.2\lib\net5.0-windows10.0.18362\CommunityToolkit.WinUI.UI.Controls.Primitives.dll" です。
             検索パスの場所 "{HintPathFromItem}" で参照が見つかりました。
             関連ファイル "C:\Users\tuoza\.nuget\packages\communitytoolkit.winui.ui.controls.primitives\7.1.2\lib\net5.0-windows10.0.18362\CommunityToolkit.WinUI.UI.Controls.Primitives.pdb" が見つかりました。
             関連ファイル "C:\Users\tuoza\.nuget\packages\communitytoolkit.winui.ui.controls.primitives\7.1.2\lib\net5.0-windows10.0.18362\CommunityToolkit.WinUI.UI.Controls.Primitives.xml" が見つかりました。
             関連ファイル "C:\Users\tuoza\.nuget\packages\communitytoolkit.winui.ui.controls.primitives\7.1.2\lib\net5.0-windows10.0.18362\CommunityToolkit.WinUI.UI.Controls.Primitives.pri" が見つかりました。
             少なくとも 1 つのソース項目で "Private" が "false" に設定され、どのソース項目にも "Private" が "true" に設定されていないため、この参照は "CopyLocal" ではありません。
         プライマリ参照 "Microsoft.WindowsAPICodePack, Version=1.1.5.0, Culture=neutral, PublicKeyToken=8985beaab7ea3f04" です。
             解決されたファイル パスは "C:\Users\tuoza\.nuget\packages\microsoft-windowsapicodepack-core\1.1.5\lib\net7.0-windows7.0\Microsoft.WindowsAPICodePack.dll" です。
             検索パスの場所 "{HintPathFromItem}" で参照が見つかりました。
             関連ファイル "C:\Users\tuoza\.nuget\packages\microsoft-windowsapicodepack-core\1.1.5\lib\net7.0-windows7.0\Microsoft.WindowsAPICodePack.xml" が見つかりました。
             少なくとも 1 つのソース項目で "Private" が "false" に設定され、どのソース項目にも "Private" が "true" に設定されていないため、この参照は "CopyLocal" ではありません。
         プライマリ参照 "Microsoft.WindowsAPICodePack.Shell, Version=1.1.5.0, Culture=neutral, PublicKeyToken=8985beaab7ea3f04" です。
             解決されたファイル パスは "C:\Users\tuoza\.nuget\packages\microsoft-windowsapicodepack-shell\1.1.5\lib\net7.0-windows7.0\Microsoft.WindowsAPICodePack.Shell.dll" です。
             検索パスの場所 "{HintPathFromItem}" で参照が見つかりました。
             関連ファイル "C:\Users\tuoza\.nuget\packages\microsoft-windowsapicodepack-shell\1.1.5\lib\net7.0-windows7.0\Microsoft.WindowsAPICodePack.Shell.xml" が見つかりました。
             少なくとも 1 つのソース項目で "Private" が "false" に設定され、どのソース項目にも "Private" が "true" に設定されていないため、この参照は "CopyLocal" ではありません。
         プライマリ参照 "Microsoft.Graphics.Canvas.Interop, Version=1.0.26.0, Culture=neutral, PublicKeyToken=null" です。
             解決されたファイル パスは "C:\Users\tuoza\.nuget\packages\microsoft.graphics.win2d\1.0.0.30\lib\net5.0-windows10.0.18362.0\Microsoft.Graphics.Canvas.Interop.dll" です。
             検索パスの場所 "{HintPathFromItem}" で参照が見つかりました。
             少なくとも 1 つのソース項目で "Private" が "false" に設定され、どのソース項目にも "Private" が "true" に設定されていないため、この参照は "CopyLocal" ではありません。
         プライマリ参照 "Microsoft.Graphics.Imaging.Projection, Version=1.8.78.43913, Culture=neutral, PublicKeyToken=null" です。
             解決されたファイル パスは "C:\Users\tuoza\.nuget\packages\microsoft.windowsappsdk.ai\1.8.79\lib\net6.0-windows10.0.17763.0\Microsoft.Graphics.Imaging.Projection.dll" です。
             検索パスの場所 "{HintPathFromItem}" で参照が見つかりました。
             少なくとも 1 つのソース項目で "Private" が "false" に設定され、どのソース項目にも "Private" が "true" に設定されていないため、この参照は "CopyLocal" ではありません。
         プライマリ参照 "Microsoft.Windows.AI.ContentSafety.Projection, Version=1.8.78.43913, Culture=neutral, PublicKeyToken=null" です。
             解決されたファイル パスは "C:\Users\tuoza\.nuget\packages\microsoft.windowsappsdk.ai\1.8.79\lib\net6.0-windows10.0.17763.0\Microsoft.Windows.AI.ContentSafety.Projection.dll" です。
             検索パスの場所 "{HintPathFromItem}" で参照が見つかりました。
             少なくとも 1 つのソース項目で "Private" が "false" に設定され、どのソース項目にも "Private" が "true" に設定されていないため、この参照は "CopyLocal" ではありません。
         プライマリ参照 "Microsoft.Windows.AI.Foundation.Projection, Version=1.8.78.43913, Culture=neutral, PublicKeyToken=null" です。
             解決されたファイル パスは "C:\Users\tuoza\.nuget\packages\microsoft.windowsappsdk.ai\1.8.79\lib\net6.0-windows10.0.17763.0\Microsoft.Windows.AI.Foundation.Projection.dll" です。
             検索パスの場所 "{HintPathFromItem}" で参照が見つかりました。
             少なくとも 1 つのソース項目で "Private" が "false" に設定され、どのソース項目にも "Private" が "true" に設定されていないため、この参照は "CopyLocal" ではありません。
         プライマリ参照 "Microsoft.Windows.AI.Imaging.Projection, Version=1.8.78.43913, Culture=neutral, PublicKeyToken=null" です。
             解決されたファイル パスは "C:\Users\tuoza\.nuget\packages\microsoft.windowsappsdk.ai\1.8.79\lib\net6.0-windows10.0.17763.0\Microsoft.Windows.AI.Imaging.Projection.dll" です。
             検索パスの場所 "{HintPathFromItem}" で参照が見つかりました。
             少なくとも 1 つのソース項目で "Private" が "false" に設定され、どのソース項目にも "Private" が "true" に設定されていないため、この参照は "CopyLocal" ではありません。
         プライマリ参照 "Microsoft.Windows.AI.Projection, Version=1.8.78.43913, Culture=neutral, PublicKeyToken=null" です。
             解決されたファイル パスは "C:\Users\tuoza\.nuget\packages\microsoft.windowsappsdk.ai\1.8.79\lib\net6.0-windows10.0.17763.0\Microsoft.Windows.AI.Projection.dll" です。
             検索パスの場所 "{HintPathFromItem}" で参照が見つかりました。
             少なくとも 1 つのソース項目で "Private" が "false" に設定され、どのソース項目にも "Private" が "true" に設定されていないため、この参照は "CopyLocal" ではありません。
         プライマリ参照 "Microsoft.Windows.AI.Text.Projection, Version=1.8.78.43913, Culture=neutral, PublicKeyToken=null" です。
             解決されたファイル パスは "C:\Users\tuoza\.nuget\packages\microsoft.windowsappsdk.ai\1.8.79\lib\net6.0-windows10.0.17763.0\Microsoft.Windows.AI.Text.Projection.dll" です。
             検索パスの場所 "{HintPathFromItem}" で参照が見つかりました。
             少なくとも 1 つのソース項目で "Private" が "false" に設定され、どのソース項目にも "Private" が "true" に設定されていないため、この参照は "CopyLocal" ではありません。
         プライマリ参照 "Microsoft.Security.Authentication.OAuth.Projection, Version=1.8.0.0, Culture=neutral, PublicKeyToken=61733769cca94f40" です。
             解決されたファイル パスは "C:\Users\tuoza\.nuget\packages\microsoft.windowsappsdk.foundation\1.8.260803002\lib\net6.0-windows10.0.17763.0\Microsoft.Security.Authentication.OAuth.Projection.dll" です。
             検索パスの場所 "{HintPathFromItem}" で参照が見つかりました。
             少なくとも 1 つのソース項目で "Private" が "false" に設定され、どのソース項目にも "Private" が "true" に設定されていないため、この参照は "CopyLocal" ではありません。
         プライマリ参照 "Microsoft.Windows.AppLifecycle.Projection, Version=1.8.0.0, Culture=neutral, PublicKeyToken=61733769cca94f40" です。
             解決されたファイル パスは "C:\Users\tuoza\.nuget\packages\microsoft.windowsappsdk.foundation\1.8.260803002\lib\net6.0-windows10.0.17763.0\Microsoft.Windows.AppLifecycle.Projection.dll" です。
             検索パスの場所 "{HintPathFromItem}" で参照が見つかりました。
             関連ファイル "C:\Users\tuoza\.nuget\packages\microsoft.windowsappsdk.foundation\1.8.260803002\lib\net6.0-windows10.0.17763.0\Microsoft.Windows.AppLifecycle.Projection.xml" が見つかりました。
             少なくとも 1 つのソース項目で "Private" が "false" に設定され、どのソース項目にも "Private" が "true" に設定されていないため、この参照は "CopyLocal" ではありません。
         プライマリ参照 "Microsoft.Windows.AppNotifications.Builder.Projection, Version=1.8.0.0, Culture=neutral, PublicKeyToken=61733769cca94f40" です。
             解決されたファイル パスは "C:\Users\tuoza\.nuget\packages\microsoft.windowsappsdk.foundation\1.8.260803002\lib\net6.0-windows10.0.17763.0\Microsoft.Windows.AppNotifications.Builder.Projection.dll" です。
             検索パスの場所 "{HintPathFromItem}" で参照が見つかりました。
             関連ファイル "C:\Users\tuoza\.nuget\packages\microsoft.windowsappsdk.foundation\1.8.260803002\lib\net6.0-windows10.0.17763.0\Microsoft.Windows.AppNotifications.Builder.Projection.xml" が見つかりました。
             少なくとも 1 つのソース項目で "Private" が "false" に設定され、どのソース項目にも "Private" が "true" に設定されていないため、この参照は "CopyLocal" ではありません。
         プライマリ参照 "Microsoft.Windows.AppNotifications.Projection, Version=1.8.0.0, Culture=neutral, PublicKeyToken=61733769cca94f40" です。
             解決されたファイル パスは "C:\Users\tuoza\.nuget\packages\microsoft.windowsappsdk.foundation\1.8.260803002\lib\net6.0-windows10.0.17763.0\Microsoft.Windows.AppNotifications.Projection.dll" です。
             検索パスの場所 "{HintPathFromItem}" で参照が見つかりました。
             関連ファイル "C:\Users\tuoza\.nuget\packages\microsoft.windowsappsdk.foundation\1.8.260803002\lib\net6.0-windows10.0.17763.0\Microsoft.Windows.AppNotifications.Projection.xml" が見つかりました。
             少なくとも 1 つのソース項目で "Private" が "false" に設定され、どのソース項目にも "Private" が "true" に設定されていないため、この参照は "CopyLocal" ではありません。
         プライマリ参照 "Microsoft.Windows.ApplicationModel.Background.Projection, Version=1.8.0.0, Culture=neutral, PublicKeyToken=61733769cca94f40" です。
             解決されたファイル パスは "C:\Users\tuoza\.nuget\packages\microsoft.windowsappsdk.foundation\1.8.260803002\lib\net6.0-windows10.0.17763.0\Microsoft.Windows.ApplicationModel.Background.Projection.dll" です。
             検索パスの場所 "{HintPathFromItem}" で参照が見つかりました。
             少なくとも 1 つのソース項目で "Private" が "false" に設定され、どのソース項目にも "Private" が "true" に設定されていないため、この参照は "CopyLocal" ではありません。
         プライマリ参照 "Microsoft.Windows.ApplicationModel.DynamicDependency.Projection, Version=1.8.0.0, Culture=neutral, PublicKeyToken=61733769cca94f40" です。
             解決されたファイル パスは "C:\Users\tuoza\.nuget\packages\microsoft.windowsappsdk.foundation\1.8.260803002\lib\net6.0-windows10.0.17763.0\Microsoft.Windows.ApplicationModel.DynamicDependency.Projection.dll" です。
             検索パスの場所 "{HintPathFromItem}" で参照が見つかりました。
             関連ファイル "C:\Users\tuoza\.nuget\packages\microsoft.windowsappsdk.foundation\1.8.260803002\lib\net6.0-windows10.0.17763.0\Microsoft.Windows.ApplicationModel.DynamicDependency.Projection.xml" が見つかりました。
             少なくとも 1 つのソース項目で "Private" が "false" に設定され、どのソース項目にも "Private" が "true" に設定されていないため、この参照は "CopyLocal" ではありません。
         プライマリ参照 "Microsoft.Windows.ApplicationModel.Resources.Projection, Version=1.8.0.0, Culture=neutral, PublicKeyToken=61733769cca94f40" です。
             解決されたファイル パスは "C:\Users\tuoza\.nuget\packages\microsoft.windowsappsdk.foundation\1.8.260803002\lib\net6.0-windows10.0.17763.0\Microsoft.Windows.ApplicationModel.Resources.Projection.dll" です。
             検索パスの場所 "{HintPathFromItem}" で参照が見つかりました。
             関連ファイル "C:\Users\tuoza\.nuget\packages\microsoft.windowsappsdk.foundation\1.8.260803002\lib\net6.0-windows10.0.17763.0\Microsoft.Windows.ApplicationModel.Resources.Projection.xml" が見つかりました。
             少なくとも 1 つのソース項目で "Private" が "false" に設定され、どのソース項目にも "Private" が "true" に設定されていないため、この参照は "CopyLocal" ではありません。
         プライマリ参照 "Microsoft.Windows.ApplicationModel.WindowsAppRuntime.Projection, Version=1.8.0.0, Culture=neutral, PublicKeyToken=61733769cca94f40" です。
             解決されたファイル パスは "C:\Users\tuoza\.nuget\packages\microsoft.windowsappsdk.foundation\1.8.260803002\lib\net6.0-windows10.0.17763.0\Microsoft.Windows.ApplicationModel.WindowsAppRuntime.Projection.dll" です。
             検索パスの場所 "{HintPathFromItem}" で参照が見つかりました。
             関連ファイル "C:\Users\tuoza\.nuget\packages\microsoft.windowsappsdk.foundation\1.8.260803002\lib\net6.0-windows10.0.17763.0\Microsoft.Windows.ApplicationModel.WindowsAppRuntime.Projection.xml" が見つかりました。
             少なくとも 1 つのソース項目で "Private" が "false" に設定され、どのソース項目にも "Private" が "true" に設定されていないため、この参照は "CopyLocal" ではありません。
         プライマリ参照 "Microsoft.Windows.BadgeNotifications.Projection, Version=1.8.0.0, Culture=neutral, PublicKeyToken=61733769cca94f40" です。
             解決されたファイル パスは "C:\Users\tuoza\.nuget\packages\microsoft.windowsappsdk.foundation\1.8.260803002\lib\net6.0-windows10.0.17763.0\Microsoft.Windows.BadgeNotifications.Projection.dll" です。
             検索パスの場所 "{HintPathFromItem}" で参照が見つかりました。
             少なくとも 1 つのソース項目で "Private" が "false" に設定され、どのソース項目にも "Private" が "true" に設定されていないため、この参照は "CopyLocal" ではありません。
         プライマリ参照 "Microsoft.Windows.Foundation.Projection, Version=1.8.0.0, Culture=neutral, PublicKeyToken=61733769cca94f40" です。
             解決されたファイル パスは "C:\Users\tuoza\.nuget\packages\microsoft.windowsappsdk.foundation\1.8.260803002\lib\net6.0-windows10.0.17763.0\Microsoft.Windows.Foundation.Projection.dll" です。
             検索パスの場所 "{HintPathFromItem}" で参照が見つかりました。
             少なくとも 1 つのソース項目で "Private" が "false" に設定され、どのソース項目にも "Private" が "true" に設定されていないため、この参照は "CopyLocal" ではありません。
         プライマリ参照 "Microsoft.Windows.Management.Deployment.Projection, Version=1.8.0.0, Culture=neutral, PublicKeyToken=61733769cca94f40" です。
             解決されたファイル パスは "C:\Users\tuoza\.nuget\packages\microsoft.windowsappsdk.foundation\1.8.260803002\lib\net6.0-windows10.0.17763.0\Microsoft.Windows.Management.Deployment.Projection.dll" です。
             検索パスの場所 "{HintPathFromItem}" で参照が見つかりました。
             関連ファイル "C:\Users\tuoza\.nuget\packages\microsoft.windowsappsdk.foundation\1.8.260803002\lib\net6.0-windows10.0.17763.0\Microsoft.Windows.Management.Deployment.Projection.xml" が見つかりました。
             少なくとも 1 つのソース項目で "Private" が "false" に設定され、どのソース項目にも "Private" が "true" に設定されていないため、この参照は "CopyLocal" ではありません。
         プライマリ参照 "Microsoft.Windows.Media.Capture.Projection, Version=1.8.0.0, Culture=neutral, PublicKeyToken=61733769cca94f40" です。
             解決されたファイル パスは "C:\Users\tuoza\.nuget\packages\microsoft.windowsappsdk.foundation\1.8.260803002\lib\net6.0-windows10.0.17763.0\Microsoft.Windows.Media.Capture.Projection.dll" です。
             検索パスの場所 "{HintPathFromItem}" で参照が見つかりました。
             少なくとも 1 つのソース項目で "Private" が "false" に設定され、どのソース項目にも "Private" が "true" に設定されていないため、この参照は "CopyLocal" ではありません。
         プライマリ参照 "Microsoft.Windows.PushNotifications.Projection, Version=1.8.0.0, Culture=neutral, PublicKeyToken=61733769cca94f40" です。
             解決されたファイル パスは "C:\Users\tuoza\.nuget\packages\microsoft.windowsappsdk.foundation\1.8.260803002\lib\net6.0-windows10.0.17763.0\Microsoft.Windows.PushNotifications.Projection.dll" です。
             検索パスの場所 "{HintPathFromItem}" で参照が見つかりました。
             関連ファイル "C:\Users\tuoza\.nuget\packages\microsoft.windowsappsdk.foundation\1.8.260803002\lib\net6.0-windows10.0.17763.0\Microsoft.Windows.PushNotifications.Projection.xml" が見つかりました。
             少なくとも 1 つのソース項目で "Private" が "false" に設定され、どのソース項目にも "Private" が "true" に設定されていないため、この参照は "CopyLocal" ではありません。
         プライマリ参照 "Microsoft.Windows.Security.AccessControl.Projection, Version=1.8.0.0, Culture=neutral, PublicKeyToken=61733769cca94f40" です。
             解決されたファイル パスは "C:\Users\tuoza\.nuget\packages\microsoft.windowsappsdk.foundation\1.8.260803002\lib\net6.0-windows10.0.17763.0\Microsoft.Windows.Security.AccessControl.Projection.dll" です。
             検索パスの場所 "{HintPathFromItem}" で参照が見つかりました。
             関連ファイル "C:\Users\tuoza\.nuget\packages\microsoft.windowsappsdk.foundation\1.8.260803002\lib\net6.0-windows10.0.17763.0\Microsoft.Windows.Security.AccessControl.Projection.xml" が見つかりました。
             少なくとも 1 つのソース項目で "Private" が "false" に設定され、どのソース項目にも "Private" が "true" に設定されていないため、この参照は "CopyLocal" ではありません。
         プライマリ参照 "Microsoft.Windows.Storage.Pickers.Projection, Version=1.8.0.0, Culture=neutral, PublicKeyToken=61733769cca94f40" です。
             解決されたファイル パスは "C:\Users\tuoza\.nuget\packages\microsoft.windowsappsdk.foundation\1.8.260803002\lib\net6.0-windows10.0.17763.0\Microsoft.Windows.Storage.Pickers.Projection.dll" です。
             検索パスの場所 "{HintPathFromItem}" で参照が見つかりました。
             少なくとも 1 つのソース項目で "Private" が "false" に設定され、どのソース項目にも "Private" が "true" に設定されていないため、この参照は "CopyLocal" ではありません。
         プライマリ参照 "Microsoft.Windows.Storage.Projection, Version=1.8.0.0, Culture=neutral, PublicKeyToken=61733769cca94f40" です。
             解決されたファイル パスは "C:\Users\tuoza\.nuget\packages\microsoft.windowsappsdk.foundation\1.8.260803002\lib\net6.0-windows10.0.17763.0\Microsoft.Windows.Storage.Projection.dll" です。
             検索パスの場所 "{HintPathFromItem}" で参照が見つかりました。
             関連ファイル "C:\Users\tuoza\.nuget\packages\microsoft.windowsappsdk.foundation\1.8.260803002\lib\net6.0-windows10.0.17763.0\Microsoft.Windows.Storage.Projection.xml" が見つかりました。
             少なくとも 1 つのソース項目で "Private" が "false" に設定され、どのソース項目にも "Private" が "true" に設定されていないため、この参照は "CopyLocal" ではありません。
         プライマリ参照 "Microsoft.Windows.System.Power.Projection, Version=1.8.0.0, Culture=neutral, PublicKeyToken=61733769cca94f40" です。
             解決されたファイル パスは "C:\Users\tuoza\.nuget\packages\microsoft.windowsappsdk.foundation\1.8.260803002\lib\net6.0-windows10.0.17763.0\Microsoft.Windows.System.Power.Projection.dll" です。
             検索パスの場所 "{HintPathFromItem}" で参照が見つかりました。
             関連ファイル "C:\Users\tuoza\.nuget\packages\microsoft.windowsappsdk.foundation\1.8.260803002\lib\net6.0-windows10.0.17763.0\Microsoft.Windows.System.Power.Projection.xml" が見つかりました。
             少なくとも 1 つのソース項目で "Private" が "false" に設定され、どのソース項目にも "Private" が "true" に設定されていないため、この参照は "CopyLocal" ではありません。
         プライマリ参照 "Microsoft.Windows.System.Projection, Version=1.8.0.0, Culture=neutral, PublicKeyToken=61733769cca94f40" です。
             解決されたファイル パスは "C:\Users\tuoza\.nuget\packages\microsoft.windowsappsdk.foundation\1.8.260803002\lib\net6.0-windows10.0.17763.0\Microsoft.Windows.System.Projection.dll" です。
             検索パスの場所 "{HintPathFromItem}" で参照が見つかりました。
             関連ファイル "C:\Users\tuoza\.nuget\packages\microsoft.windowsappsdk.foundation\1.8.260803002\lib\net6.0-windows10.0.17763.0\Microsoft.Windows.System.Projection.xml" が見つかりました。
             少なくとも 1 つのソース項目で "Private" が "false" に設定され、どのソース項目にも "Private" が "true" に設定されていないため、この参照は "CopyLocal" ではありません。
         プライマリ参照 "Microsoft.WindowsAppRuntime.Bootstrap.Net, Version=1.8.0.0, Culture=neutral, PublicKeyToken=61733769cca94f40" です。
             解決されたファイル パスは "C:\Users\tuoza\.nuget\packages\microsoft.windowsappsdk.foundation\1.8.260803002\lib\net6.0-windows10.0.17763.0\Microsoft.WindowsAppRuntime.Bootstrap.Net.dll" です。
             検索パスの場所 "{HintPathFromItem}" で参照が見つかりました。
             少なくとも 1 つのソース項目で "Private" が "false" に設定され、どのソース項目にも "Private" が "true" に設定されていないため、この参照は "CopyLocal" ではありません。
         プライマリ参照 "Microsoft.InteractiveExperiences.Projection, Version=10.0.0.0, Culture=neutral, PublicKeyToken=31bf3856ad364e35" です。
             解決されたファイル パスは "C:\Users\tuoza\.nuget\packages\microsoft.windowsappsdk.interactiveexperiences\1.8.260708001\lib\net6.0-windows10.0.18362.0\Microsoft.InteractiveExperiences.Projection.dll" です。
             検索パスの場所 "{HintPathFromItem}" で参照が見つかりました。
             関連ファイル "C:\Users\tuoza\.nuget\packages\microsoft.windowsappsdk.interactiveexperiences\1.8.260708001\lib\net6.0-windows10.0.18362.0\Microsoft.InteractiveExperiences.Projection.xml" が見つかりました。
             少なくとも 1 つのソース項目で "Private" が "false" に設定され、どのソース項目にも "Private" が "true" に設定されていないため、この参照は "CopyLocal" ではありません。
         プライマリ参照 "Microsoft.ML.OnnxRuntime, Version=0.0.0.0, Culture=neutral, PublicKeyToken=f27f157f0a5b7bb6" です。
             解決されたファイル パスは "C:\Users\tuoza\.nuget\packages\microsoft.windowsappsdk.ml\1.8.2197\lib\net8.0-windows10.0.17763.0\Microsoft.ML.OnnxRuntime.dll" です。
             検索パスの場所 "{HintPathFromItem}" で参照が見つかりました。
             少なくとも 1 つのソース項目で "Private" が "false" に設定され、どのソース項目にも "Private" が "true" に設定されていないため、この参照は "CopyLocal" ではありません。
         プライマリ参照 "Microsoft.Windows.AI.MachineLearning.Projection, Version=1.8.2197.41946, Culture=neutral, PublicKeyToken=null" です。
             解決されたファイル パスは "C:\Users\tuoza\.nuget\packages\microsoft.windowsappsdk.ml\1.8.2197\lib\net8.0-windows10.0.17763.0\Microsoft.Windows.AI.MachineLearning.Projection.dll" です。
             検索パスの場所 "{HintPathFromItem}" で参照が見つかりました。
             少なくとも 1 つのソース項目で "Private" が "false" に設定され、どのソース項目にも "Private" が "true" に設定されていないため、この参照は "CopyLocal" ではありません。
         プライマリ参照 "Microsoft.Windows.Widgets.Projection, Version=1.0.0.0, Culture=neutral, PublicKeyToken=null" です。
             解決されたファイル パスは "C:\Users\tuoza\.nuget\packages\microsoft.windowsappsdk.widgets\1.8.251231004\lib\net6.0-windows10.0.17763.0\Microsoft.Windows.Widgets.Projection.dll" です。
             検索パスの場所 "{HintPathFromItem}" で参照が見つかりました。
             関連ファイル "C:\Users\tuoza\.nuget\packages\microsoft.windowsappsdk.widgets\1.8.251231004\lib\net6.0-windows10.0.17763.0\Microsoft.Windows.Widgets.Projection.xml" が見つかりました。
             少なくとも 1 つのソース項目で "Private" が "false" に設定され、どのソース項目にも "Private" が "true" に設定されていないため、この参照は "CopyLocal" ではありません。
         プライマリ参照 "Microsoft.WinUI, Version=3.0.0.0, Culture=neutral, PublicKeyToken=de31ebe4ad15742b" です。
             解決されたファイル パスは "C:\Users\tuoza\.nuget\packages\microsoft.windowsappsdk.winui\1.8.260803003\lib\net6.0-windows10.0.17763.0\Microsoft.WinUI.dll" です。
             検索パスの場所 "{HintPathFromItem}" で参照が見つかりました。
             関連ファイル "C:\Users\tuoza\.nuget\packages\microsoft.windowsappsdk.winui\1.8.260803003\lib\net6.0-windows10.0.17763.0\Microsoft.WinUI.xml" が見つかりました。
             少なくとも 1 つのソース項目で "Private" が "false" に設定され、どのソース項目にも "Private" が "true" に設定されていないため、この参照は "CopyLocal" ではありません。
         プライマリ参照 "System.Numerics.Tensors, Version=9.0.0.0, Culture=neutral, PublicKeyToken=cc7b13ffcd2ddd51" です。
             解決されたファイル パスは "C:\Users\tuoza\.nuget\packages\system.numerics.tensors\9.0.0\lib\net9.0\System.Numerics.Tensors.dll" です。
             検索パスの場所 "{HintPathFromItem}" で参照が見つかりました。
             関連ファイル "C:\Users\tuoza\.nuget\packages\system.numerics.tensors\9.0.0\lib\net9.0\System.Numerics.Tensors.xml" が見つかりました。
             少なくとも 1 つのソース項目で "Private" が "false" に設定され、どのソース項目にも "Private" が "true" に設定されていないため、この参照は "CopyLocal" ではありません。
         プライマリ参照 "TagLibSharp, Version=2.3.0.0, Culture=neutral, PublicKeyToken=db62eba44689b5b0" です。
             解決されたファイル パスは "C:\Users\tuoza\.nuget\packages\taglibsharp\2.3.0\lib\netstandard2.0\TagLibSharp.dll" です。
             検索パスの場所 "{HintPathFromItem}" で参照が見つかりました。
             関連ファイル "C:\Users\tuoza\.nuget\packages\taglibsharp\2.3.0\lib\netstandard2.0\TagLibSharp.pdb" が見つかりました。
             関連ファイル "C:\Users\tuoza\.nuget\packages\taglibsharp\2.3.0\lib\netstandard2.0\TagLibSharp.xml" が見つかりました。
             少なくとも 1 つのソース項目で "Private" が "false" に設定され、どのソース項目にも "Private" が "true" に設定されていないため、この参照は "CopyLocal" ではありません。
         プライマリ参照 "Microsoft.CSharp, Version=10.0.0.0, Culture=neutral, PublicKeyToken=b03f5f7f11d50a3a" です。
             解決されたファイル パスは "C:\Program Files\dotnet\packs\Microsoft.NETCore.App.Ref\10.0.9\ref\net10.0\Microsoft.CSharp.dll" です。
             検索パスの場所 "{RawFileName}" で参照が見つかりました。
             少なくとも 1 つのソース項目で "Private" が "false" に設定され、どのソース項目にも "Private" が "true" に設定されていないため、この参照は "CopyLocal" ではありません。
         プライマリ参照 "Microsoft.VisualBasic.Core, Version=15.0.0.0, Culture=neutral, PublicKeyToken=b03f5f7f11d50a3a" です。
             解決されたファイル パスは "C:\Program Files\dotnet\packs\Microsoft.NETCore.App.Ref\10.0.9\ref\net10.0\Microsoft.VisualBasic.Core.dll" です。
             検索パスの場所 "{RawFileName}" で参照が見つかりました。
             少なくとも 1 つのソース項目で "Private" が "false" に設定され、どのソース項目にも "Private" が "true" に設定されていないため、この参照は "CopyLocal" ではありません。
         統合されたプライマリ参照 "Microsoft.Win32.Primitives, Version=10.0.0.0, Culture=neutral, PublicKeyToken=b03f5f7f11d50a3a" です。
             AutoUnify が 'true' のため、"C:\Users\tuoza\.nuget\packages\microsoft-windowsapicodepack-core\1.1.5\lib\net7.0-windows7.0\Microsoft.WindowsAPICodePack.dll" 内の元のバージョン "7.0.0.0" ではなくこのバージョンを使用します。
             AutoUnify が 'true' のため、"C:\Users\tuoza\.nuget\packages\microsoft-windowsapicodepack-shell\1.1.5\lib\net7.0-windows7.0\Microsoft.WindowsAPICodePack.Shell.dll" 内の元のバージョン "7.0.0.0" ではなくこのバージョンを使用します。
             解決されたファイル パスは "C:\Program Files\dotnet\packs\Microsoft.NETCore.App.Ref\10.0.9\ref\net10.0\Microsoft.Win32.Primitives.dll" です。
             検索パスの場所 "{RawFileName}" で参照が見つかりました。
             少なくとも 1 つのソース項目で "Private" が "false" に設定され、どのソース項目にも "Private" が "true" に設定されていないため、この参照は "CopyLocal" ではありません。
         プライマリ参照 "Microsoft.Win32.Registry, Version=10.0.0.0, Culture=neutral, PublicKeyToken=b03f5f7f11d50a3a" です。
             解決されたファイル パスは "C:\Program Files\dotnet\packs\Microsoft.NETCore.App.Ref\10.0.9\ref\net10.0\Microsoft.Win32.Registry.dll" です。
             検索パスの場所 "{RawFileName}" で参照が見つかりました。
             少なくとも 1 つのソース項目で "Private" が "false" に設定され、どのソース項目にも "Private" が "true" に設定されていないため、この参照は "CopyLocal" ではありません。
         プライマリ参照 "System.AppContext, Version=10.0.0.0, Culture=neutral, PublicKeyToken=b03f5f7f11d50a3a" です。
             解決されたファイル パスは "C:\Program Files\dotnet\packs\Microsoft.NETCore.App.Ref\10.0.9\ref\net10.0\System.AppContext.dll" です。
             検索パスの場所 "{RawFileName}" で参照が見つかりました。
             少なくとも 1 つのソース項目で "Private" が "false" に設定され、どのソース項目にも "Private" が "true" に設定されていないため、この参照は "CopyLocal" ではありません。
         プライマリ参照 "System.Buffers, Version=10.0.0.0, Culture=neutral, PublicKeyToken=cc7b13ffcd2ddd51" です。
             解決されたファイル パスは "C:\Program Files\dotnet\packs\Microsoft.NETCore.App.Ref\10.0.9\ref\net10.0\System.Buffers.dll" です。
             検索パスの場所 "{RawFileName}" で参照が見つかりました。
             少なくとも 1 つのソース項目で "Private" が "false" に設定され、どのソース項目にも "Private" が "true" に設定されていないため、この参照は "CopyLocal" ではありません。
         統合されたプライマリ参照 "System.Collections.Concurrent, Version=10.0.0.0, Culture=neutral, PublicKeyToken=b03f5f7f11d50a3a" です。
             AutoUnify が 'true' のため、"C:\Users\tuoza\.nuget\packages\microsoft.web.webview2\1.0.4129.50\lib_manual\net8.0-windows10.0.17763.0\Microsoft.Web.WebView2.Core.Projection.dll" 内の元のバージョン "8.0.0.0" ではなくこのバージョンを使用します。
             AutoUnify が 'true' のため、"C:\Users\tuoza\.nuget\packages\communitytoolkit.winui\7.1.2\lib\net5.0-windows10.0.18362\CommunityToolkit.WinUI.dll" 内の元のバージョン "5.0.0.0" ではなくこのバージョンを使用します。
             AutoUnify が 'true' のため、"C:\Users\tuoza\.nuget\packages\communitytoolkit.winui.ui\7.1.2\lib\net5.0-windows10.0.18362\CommunityToolkit.WinUI.UI.dll" 内の元のバージョン "5.0.0.0" ではなくこのバージョンを使用します。
             AutoUnify が 'true' のため、"C:\Users\tuoza\.nuget\packages\microsoft.graphics.win2d\1.0.0.30\lib\net5.0-windows10.0.18362.0\Microsoft.Graphics.Canvas.Interop.dll" 内の元のバージョン "5.0.0.0" ではなくこのバージョンを使用します。
             AutoUnify が 'true' のため、"C:\Users\tuoza\.nuget\packages\microsoft.windowsappsdk.ai\1.8.79\lib\net6.0-windows10.0.17763.0\Microsoft.Graphics.Imaging.Projection.dll" 内の元のバージョン "6.0.0.0" ではなくこのバージョンを使用します。
             AutoUnify が 'true' のため、"C:\Users\tuoza\.nuget\packages\microsoft.windowsappsdk.ai\1.8.79\lib\net6.0-windows10.0.17763.0\Microsoft.Windows.AI.ContentSafety.Projection.dll" 内の元のバージョン "6.0.0.0" ではなくこのバージョンを使用します。
             AutoUnify が 'true' のため、"C:\Users\tuoza\.nuget\packages\microsoft.windowsappsdk.ai\1.8.79\lib\net6.0-windows10.0.17763.0\Microsoft.Windows.AI.Foundation.Projection.dll" 内の元のバージョン "6.0.0.0" ではなくこのバージョンを使用します。
             AutoUnify が 'true' のため、"C:\Users\tuoza\.nuget\packages\microsoft.windowsappsdk.ai\1.8.79\lib\net6.0-windows10.0.17763.0\Microsoft.Windows.AI.Imaging.Projection.dll" 内の元のバージョン "6.0.0.0" ではなくこのバージョンを使用します。
             AutoUnify が 'true' のため、"C:\Users\tuoza\.nuget\packages\microsoft.windowsappsdk.ai\1.8.79\lib\net6.0-windows10.0.17763.0\Microsoft.Windows.AI.Projection.dll" 内の元のバージョン "6.0.0.0" ではなくこのバージョンを使用します。
             AutoUnify が 'true' のため、"C:\Users\tuoza\.nuget\packages\microsoft.windowsappsdk.ai\1.8.79\lib\net6.0-windows10.0.17763.0\Microsoft.Windows.AI.Text.Projection.dll" 内の元のバージョン "6.0.0.0" ではなくこのバージョンを使用します。
             AutoUnify が 'true' のため、"C:\Users\tuoza\.nuget\packages\microsoft.windowsappsdk.foundation\1.8.260803002\lib\net6.0-windows10.0.17763.0\Microsoft.Security.Authentication.OAuth.Projection.dll" 内の元のバージョン "6.0.0.0" ではなくこのバージョンを使用します。
             AutoUnify が 'true' のため、"C:\Users\tuoza\.nuget\packages\microsoft.windowsappsdk.foundation\1.8.260803002\lib\net6.0-windows10.0.17763.0\Microsoft.Windows.AppLifecycle.Projection.dll" 内の元のバージョン "6.0.0.0" ではなくこのバージョンを使用します。
             AutoUnify が 'true' のため、"C:\Users\tuoza\.nuget\packages\microsoft.windowsappsdk.foundation\1.8.260803002\lib\net6.0-windows10.0.17763.0\Microsoft.Windows.AppNotifications.Builder.Projection.dll" 内の元のバージョン "6.0.0.0" ではなくこのバージョンを使用します。
             AutoUnify が 'true' のため、"C:\Users\tuoza\.nuget\packages\microsoft.windowsappsdk.foundation\1.8.260803002\lib\net6.0-windows10.0.17763.0\Microsoft.Windows.AppNotifications.Projection.dll" 内の元のバージョン "6.0.0.0" ではなくこのバージョンを使用します。
             AutoUnify が 'true' のため、"C:\Users\tuoza\.nuget\packages\microsoft.windowsappsdk.foundation\1.8.260803002\lib\net6.0-windows10.0.17763.0\Microsoft.Windows.ApplicationModel.Background.Projection.dll" 内の元のバージョン "6.0.0.0" ではなくこのバージョンを使用します。
             AutoUnify が 'true' のため、"C:\Users\tuoza\.nuget\packages\microsoft.windowsappsdk.foundation\1.8.260803002\lib\net6.0-windows10.0.17763.0\Microsoft.Windows.ApplicationModel.DynamicDependency.Projection.dll" 内の元のバージョン "6.0.0.0" ではなくこのバージョンを使用します。
             AutoUnify が 'true' のため、"C:\Users\tuoza\.nuget\packages\microsoft.windowsappsdk.foundation\1.8.260803002\lib\net6.0-windows10.0.17763.0\Microsoft.Windows.ApplicationModel.Resources.Projection.dll" 内の元のバージョン "6.0.0.0" ではなくこのバージョンを使用します。
             AutoUnify が 'true' のため、"C:\Users\tuoza\.nuget\packages\microsoft.windowsappsdk.foundation\1.8.260803002\lib\net6.0-windows10.0.17763.0\Microsoft.Windows.ApplicationModel.WindowsAppRuntime.Projection.dll" 内の元のバージョン "6.0.0.0" ではなくこのバージョンを使用します。
             AutoUnify が 'true' のため、"C:\Users\tuoza\.nuget\packages\microsoft.windowsappsdk.foundation\1.8.260803002\lib\net6.0-windows10.0.17763.0\Microsoft.Windows.BadgeNotifications.Projection.dll" 内の元のバージョン "6.0.0.0" ではなくこのバージョンを使用します。
             AutoUnify が 'true' のため、"C:\Users\tuoza\.nuget\packages\microsoft.windowsappsdk.foundation\1.8.260803002\lib\net6.0-windows10.0.17763.0\Microsoft.Windows.Management.Deployment.Projection.dll" 内の元のバージョン "6.0.0.0" ではなくこのバージョンを使用します。
             AutoUnify が 'true' のため、"C:\Users\tuoza\.nuget\packages\microsoft.windowsappsdk.foundation\1.8.260803002\lib\net6.0-windows10.0.17763.0\Microsoft.Windows.Media.Capture.Projection.dll" 内の元のバージョン "6.0.0.0" ではなくこのバージョンを使用します。
             AutoUnify が 'true' のため、"C:\Users\tuoza\.nuget\packages\microsoft.windowsappsdk.foundation\1.8.260803002\lib\net6.0-windows10.0.17763.0\Microsoft.Windows.PushNotifications.Projection.dll" 内の元のバージョン "6.0.0.0" ではなくこのバージョンを使用します。
             AutoUnify が 'true' のため、"C:\Users\tuoza\.nuget\packages\microsoft.windowsappsdk.foundation\1.8.260803002\lib\net6.0-windows10.0.17763.0\Microsoft.Windows.Storage.Pickers.Projection.dll" 内の元のバージョン "6.0.0.0" ではなくこのバージョンを使用します。
             AutoUnify が 'true' のため、"C:\Users\tuoza\.nuget\packages\microsoft.windowsappsdk.foundation\1.8.260803002\lib\net6.0-windows10.0.17763.0\Microsoft.Windows.Storage.Projection.dll" 内の元のバージョン "6.0.0.0" ではなくこのバージョンを使用します。
             AutoUnify が 'true' のため、"C:\Users\tuoza\.nuget\packages\microsoft.windowsappsdk.foundation\1.8.260803002\lib\net6.0-windows10.0.17763.0\Microsoft.Windows.System.Projection.dll" 内の元のバージョン "6.0.0.0" ではなくこのバージョンを使用します。
             AutoUnify が 'true' のため、"C:\Users\tuoza\.nuget\packages\microsoft.windowsappsdk.interactiveexperiences\1.8.260708001\lib\net6.0-windows10.0.18362.0\Microsoft.InteractiveExperiences.Projection.dll" 内の元のバージョン "6.0.0.0" ではなくこのバージョンを使用します。
             AutoUnify が 'true' のため、"C:\Users\tuoza\.nuget\packages\microsoft.windowsappsdk.ml\1.8.2197\lib\net8.0-windows10.0.17763.0\Microsoft.Windows.AI.MachineLearning.Projection.dll" 内の元のバージョン "6.0.0.0" ではなくこのバージョンを使用します。
             AutoUnify が 'true' のため、"C:\Users\tuoza\.nuget\packages\microsoft.windowsappsdk.widgets\1.8.251231004\lib\net6.0-windows10.0.17763.0\Microsoft.Windows.Widgets.Projection.dll" 内の元のバージョン "6.0.0.0" ではなくこのバージョンを使用します。
             AutoUnify が 'true' のため、"C:\Users\tuoza\.nuget\packages\microsoft.windowsappsdk.winui\1.8.260803003\lib\net6.0-windows10.0.17763.0\Microsoft.WinUI.dll" 内の元のバージョン "6.0.0.0" ではなくこのバージョンを使用します。
             解決されたファイル パスは "C:\Program Files\dotnet\packs\Microsoft.NETCore.App.Ref\10.0.9\ref\net10.0\System.Collections.Concurrent.dll" です。
             検索パスの場所 "{RawFileName}" で参照が見つかりました。
             少なくとも 1 つのソース項目で "Private" が "false" に設定され、どのソース項目にも "Private" が "true" に設定されていないため、この参照は "CopyLocal" ではありません。
         プライマリ参照 "System.Collections.Immutable, Version=10.0.0.0, Culture=neutral, PublicKeyToken=b03f5f7f11d50a3a" です。
             解決されたファイル パスは "C:\Program Files\dotnet\packs\Microsoft.NETCore.App.Ref\10.0.9\ref\net10.0\System.Collections.Immutable.dll" です。
             検索パスの場所 "{RawFileName}" で参照が見つかりました。
             少なくとも 1 つのソース項目で "Private" が "false" に設定され、どのソース項目にも "Private" が "true" に設定されていないため、この参照は "CopyLocal" ではありません。
         統合されたプライマリ参照 "System.Collections.NonGeneric, Version=10.0.0.0, Culture=neutral, PublicKeyToken=b03f5f7f11d50a3a" です。
             AutoUnify が 'true' のため、"C:\Users\tuoza\.nuget\packages\microsoft-windowsapicodepack-shell\1.1.5\lib\net7.0-windows7.0\Microsoft.WindowsAPICodePack.Shell.dll" 内の元のバージョン "7.0.0.0" ではなくこのバージョンを使用します。
             解決されたファイル パスは "C:\Program Files\dotnet\packs\Microsoft.NETCore.App.Ref\10.0.9\ref\net10.0\System.Collections.NonGeneric.dll" です。
             検索パスの場所 "{RawFileName}" で参照が見つかりました。
             少なくとも 1 つのソース項目で "Private" が "false" に設定され、どのソース項目にも "Private" が "true" に設定されていないため、この参照は "CopyLocal" ではありません。
         プライマリ参照 "System.Collections.Specialized, Version=10.0.0.0, Culture=neutral, PublicKeyToken=b03f5f7f11d50a3a" です。
             解決されたファイル パスは "C:\Program Files\dotnet\packs\Microsoft.NETCore.App.Ref\10.0.9\ref\net10.0\System.Collections.Specialized.dll" です。
             検索パスの場所 "{RawFileName}" で参照が見つかりました。
             少なくとも 1 つのソース項目で "Private" が "false" に設定され、どのソース項目にも "Private" が "true" に設定されていないため、この参照は "CopyLocal" ではありません。
         統合されたプライマリ参照 "System.Collections, Version=10.0.0.0, Culture=neutral, PublicKeyToken=b03f5f7f11d50a3a" です。
             AutoUnify が 'true' のため、"C:\Users\tuoza\.nuget\packages\microsoft.web.webview2\1.0.4129.50\lib_manual\net8.0-windows10.0.17763.0\Microsoft.Web.WebView2.Core.Projection.dll" 内の元のバージョン "8.0.0.0" ではなくこのバージョンを使用します。
             AutoUnify が 'true' のため、"C:\Users\tuoza\.nuget\packages\colorcode.core\2.0.13\lib\netstandard1.4\ColorCode.Core.dll" 内の元のバージョン "4.0.10.0" ではなくこのバージョンを使用します。
             AutoUnify が 'true' のため、"C:\Users\tuoza\.nuget\packages\colorcode.winui\2.0.13\lib\net5.0-windows10.0.18362\ColorCode.WinUI.dll" 内の元のバージョン "5.0.0.0" ではなくこのバージョンを使用します。
             AutoUnify が 'true' のため、"C:\Users\tuoza\.nuget\packages\communitytoolkit.common\7.1.2\lib\net5.0\CommunityToolkit.Common.dll" 内の元のバージョン "5.0.0.0" ではなくこのバージョンを使用します。
             AutoUnify が 'true' のため、"C:\Users\tuoza\.nuget\packages\communitytoolkit.winui\7.1.2\lib\net5.0-windows10.0.18362\CommunityToolkit.WinUI.dll" 内の元のバージョン "5.0.0.0" ではなくこのバージョンを使用します。
             AutoUnify が 'true' のため、"C:\Users\tuoza\.nuget\packages\communitytoolkit.winui.ui\7.1.2\lib\net5.0-windows10.0.18362\CommunityToolkit.WinUI.UI.dll" 内の元のバージョン "5.0.0.0" ではなくこのバージョンを使用します。
             AutoUnify が 'true' のため、"C:\Users\tuoza\.nuget\packages\communitytoolkit.winui.ui.controls.core\7.1.2\lib\net5.0-windows10.0.18362\CommunityToolkit.WinUI.UI.Controls.Core.dll" 内の元のバージョン "5.0.0.0" ではなくこのバージョンを使用します。
             AutoUnify が 'true' のため、"C:\Users\tuoza\.nuget\packages\communitytoolkit.winui.ui.controls.datagrid\7.1.2\lib\net5.0-windows10.0.18362\CommunityToolkit.WinUI.UI.Controls.DataGrid.dll" 内の元のバージョン "5.0.0.0" ではなくこのバージョンを使用します。
             AutoUnify が 'true' のため、"C:\Users\tuoza\.nuget\packages\communitytoolkit.winui.ui.controls.input\7.1.2\lib\net5.0-windows10.0.18362\CommunityToolkit.WinUI.UI.Controls.Input.dll" 内の元のバージョン "5.0.0.0" ではなくこのバージョンを使用します。
             AutoUnify が 'true' のため、"C:\Users\tuoza\.nuget\packages\communitytoolkit.winui.ui.controls.layout\7.1.2\lib\net5.0-windows10.0.18362\CommunityToolkit.WinUI.UI.Controls.Layout.dll" 内の元のバージョン "5.0.0.0" ではなくこのバージョンを使用します。
             AutoUnify が 'true' のため、"C:\Users\tuoza\.nuget\packages\communitytoolkit.winui.ui.controls.markdown\7.1.2\lib\net5.0-windows10.0.18362\CommunityToolkit.WinUI.UI.Controls.Markdown.dll" 内の元のバージョン "5.0.0.0" ではなくこのバージョンを使用します。
             AutoUnify が 'true' のため、"C:\Users\tuoza\.nuget\packages\communitytoolkit.winui.ui.controls.media\7.1.2\lib\net5.0-windows10.0.18362\CommunityToolkit.WinUI.UI.Controls.Media.dll" 内の元のバージョン "5.0.0.0" ではなくこのバージョンを使用します。
             AutoUnify が 'true' のため、"C:\Users\tuoza\.nuget\packages\communitytoolkit.winui.ui.controls.primitives\7.1.2\lib\net5.0-windows10.0.18362\CommunityToolkit.WinUI.UI.Controls.Primitives.dll" 内の元のバージョン "5.0.0.0" ではなくこのバージョンを使用します。
             AutoUnify が 'true' のため、"C:\Users\tuoza\.nuget\packages\microsoft-windowsapicodepack-core\1.1.5\lib\net7.0-windows7.0\Microsoft.WindowsAPICodePack.dll" 内の元のバージョン "7.0.0.0" ではなくこのバージョンを使用します。
             AutoUnify が 'true' のため、"C:\Users\tuoza\.nuget\packages\microsoft-windowsapicodepack-shell\1.1.5\lib\net7.0-windows7.0\Microsoft.WindowsAPICodePack.Shell.dll" 内の元のバージョン "7.0.0.0" ではなくこのバージョンを使用します。
             AutoUnify が 'true' のため、"C:\Users\tuoza\.nuget\packages\microsoft.graphics.win2d\1.0.0.30\lib\net5.0-windows10.0.18362.0\Microsoft.Graphics.Canvas.Interop.dll" 内の元のバージョン "5.0.0.0" ではなくこのバージョンを使用します。
             AutoUnify が 'true' のため、"C:\Users\tuoza\.nuget\packages\microsoft.windowsappsdk.interactiveexperiences\1.8.260708001\lib\net6.0-windows10.0.18362.0\Microsoft.InteractiveExperiences.Projection.dll" 内の元のバージョン "6.0.0.0" ではなくこのバージョンを使用します。
             AutoUnify が 'true' のため、"C:\Users\tuoza\.nuget\packages\microsoft.windowsappsdk.ml\1.8.2197\lib\net8.0-windows10.0.17763.0\Microsoft.ML.OnnxRuntime.dll" 内の元のバージョン "8.0.0.0" ではなくこのバージョンを使用します。
             AutoUnify が 'true' のため、"C:\Users\tuoza\.nuget\packages\microsoft.windowsappsdk.winui\1.8.260803003\lib\net6.0-windows10.0.17763.0\Microsoft.WinUI.dll" 内の元のバージョン "6.0.0.0" ではなくこのバージョンを使用します。
             AutoUnify が 'true' のため、"C:\Users\tuoza\.nuget\packages\system.numerics.tensors\9.0.0\lib\net9.0\System.Numerics.Tensors.dll" 内の元のバージョン "9.0.0.0" ではなくこのバージョンを使用します。
             解決されたファイル パスは "C:\Program Files\dotnet\packs\Microsoft.NETCore.App.Ref\10.0.9\ref\net10.0\System.Collections.dll" です。
             検索パスの場所 "{RawFileName}" で参照が見つかりました。
             少なくとも 1 つのソース項目で "Private" が "false" に設定され、どのソース項目にも "Private" が "true" に設定されていないため、この参照は "CopyLocal" ではありません。
         統合されたプライマリ参照 "System.ComponentModel.Annotations, Version=10.0.0.0, Culture=neutral, PublicKeyToken=b03f5f7f11d50a3a" です。
             AutoUnify が 'true' のため、"C:\Users\tuoza\.nuget\packages\communitytoolkit.winui.ui.controls.datagrid\7.1.2\lib\net5.0-windows10.0.18362\CommunityToolkit.WinUI.UI.Controls.DataGrid.dll" 内の元のバージョン "5.0.0.0" ではなくこのバージョンを使用します。
             解決されたファイル パスは "C:\Program Files\dotnet\packs\Microsoft.NETCore.App.Ref\10.0.9\ref\net10.0\System.ComponentModel.Annotations.dll" です。
             検索パスの場所 "{RawFileName}" で参照が見つかりました。
             少なくとも 1 つのソース項目で "Private" が "false" に設定され、どのソース項目にも "Private" が "true" に設定されていないため、この参照は "CopyLocal" ではありません。
         プライマリ参照 "System.ComponentModel.DataAnnotations, Version=4.0.0.0, Culture=neutral, PublicKeyToken=31bf3856ad364e35" です。
             解決されたファイル パスは "C:\Program Files\dotnet\packs\Microsoft.NETCore.App.Ref\10.0.9\ref\net10.0\System.ComponentModel.DataAnnotations.dll" です。
             検索パスの場所 "{RawFileName}" で参照が見つかりました。
             少なくとも 1 つのソース項目で "Private" が "false" に設定され、どのソース項目にも "Private" が "true" に設定されていないため、この参照は "CopyLocal" ではありません。
         プライマリ参照 "System.ComponentModel.EventBasedAsync, Version=10.0.0.0, Culture=neutral, PublicKeyToken=b03f5f7f11d50a3a" です。
             解決されたファイル パスは "C:\Program Files\dotnet\packs\Microsoft.NETCore.App.Ref\10.0.9\ref\net10.0\System.ComponentModel.EventBasedAsync.dll" です。
             検索パスの場所 "{RawFileName}" で参照が見つかりました。
             少なくとも 1 つのソース項目で "Private" が "false" に設定され、どのソース項目にも "Private" が "true" に設定されていないため、この参照は "CopyLocal" ではありません。
         統合されたプライマリ参照 "System.ComponentModel.Primitives, Version=10.0.0.0, Culture=neutral, PublicKeyToken=b03f5f7f11d50a3a" です。
             AutoUnify が 'true' のため、"C:\Users\tuoza\.nuget\packages\communitytoolkit.common\7.1.2\lib\net5.0\CommunityToolkit.Common.dll" 内の元のバージョン "5.0.0.0" ではなくこのバージョンを使用します。
             AutoUnify が 'true' のため、"C:\Users\tuoza\.nuget\packages\communitytoolkit.winui.ui.controls.datagrid\7.1.2\lib\net5.0-windows10.0.18362\CommunityToolkit.WinUI.UI.Controls.DataGrid.dll" 内の元のバージョン "5.0.0.0" ではなくこのバージョンを使用します。
             AutoUnify が 'true' のため、"C:\Users\tuoza\.nuget\packages\microsoft-windowsapicodepack-shell\1.1.5\lib\net7.0-windows7.0\Microsoft.WindowsAPICodePack.Shell.dll" 内の元のバージョン "7.0.0.0" ではなくこのバージョンを使用します。
             解決されたファイル パスは "C:\Program Files\dotnet\packs\Microsoft.NETCore.App.Ref\10.0.9\ref\net10.0\System.ComponentModel.Primitives.dll" です。
             検索パスの場所 "{RawFileName}" で参照が見つかりました。
             少なくとも 1 つのソース項目で "Private" が "false" に設定され、どのソース項目にも "Private" が "true" に設定されていないため、この参照は "CopyLocal" ではありません。
         統合されたプライマリ参照 "System.ComponentModel.TypeConverter, Version=10.0.0.0, Culture=neutral, PublicKeyToken=b03f5f7f11d50a3a" です。
             AutoUnify が 'true' のため、"C:\Users\tuoza\.nuget\packages\microsoft-windowsapicodepack-shell\1.1.5\lib\net7.0-windows7.0\Microsoft.WindowsAPICodePack.Shell.dll" 内の元のバージョン "7.0.0.0" ではなくこのバージョンを使用します。
             解決されたファイル パスは "C:\Program Files\dotnet\packs\Microsoft.NETCore.App.Ref\10.0.9\ref\net10.0\System.ComponentModel.TypeConverter.dll" です。
             検索パスの場所 "{RawFileName}" で参照が見つかりました。
             少なくとも 1 つのソース項目で "Private" が "false" に設定され、どのソース項目にも "Private" が "true" に設定されていないため、この参照は "CopyLocal" ではありません。
         統合されたプライマリ参照 "System.ComponentModel, Version=10.0.0.0, Culture=neutral, PublicKeyToken=b03f5f7f11d50a3a" です。
             AutoUnify が 'true' のため、"C:\Users\tuoza\.nuget\packages\communitytoolkit.winui.ui.controls.datagrid\7.1.2\lib\net5.0-windows10.0.18362\CommunityToolkit.WinUI.UI.Controls.DataGrid.dll" 内の元のバージョン "5.0.0.0" ではなくこのバージョンを使用します。
             AutoUnify が 'true' のため、"C:\Users\tuoza\.nuget\packages\microsoft-windowsapicodepack-core\1.1.5\lib\net7.0-windows7.0\Microsoft.WindowsAPICodePack.dll" 内の元のバージョン "7.0.0.0" ではなくこのバージョンを使用します。
             AutoUnify が 'true' のため、"C:\Users\tuoza\.nuget\packages\microsoft-windowsapicodepack-shell\1.1.5\lib\net7.0-windows7.0\Microsoft.WindowsAPICodePack.Shell.dll" 内の元のバージョン "7.0.0.0" ではなくこのバージョンを使用します。
             解決されたファイル パスは "C:\Program Files\dotnet\packs\Microsoft.NETCore.App.Ref\10.0.9\ref\net10.0\System.ComponentModel.dll" です。
             検索パスの場所 "{RawFileName}" で参照が見つかりました。
             少なくとも 1 つのソース項目で "Private" が "false" に設定され、どのソース項目にも "Private" が "true" に設定されていないため、この参照は "CopyLocal" ではありません。
         プライマリ参照 "System.Configuration, Version=4.0.0.0, Culture=neutral, PublicKeyToken=b03f5f7f11d50a3a" です。
             解決されたファイル パスは "C:\Program Files\dotnet\packs\Microsoft.NETCore.App.Ref\10.0.9\ref\net10.0\System.Configuration.dll" です。
             検索パスの場所 "{RawFileName}" で参照が見つかりました。
             少なくとも 1 つのソース項目で "Private" が "false" に設定され、どのソース項目にも "Private" が "true" に設定されていないため、この参照は "CopyLocal" ではありません。
         プライマリ参照 "System.Console, Version=10.0.0.0, Culture=neutral, PublicKeyToken=b03f5f7f11d50a3a" です。
             解決されたファイル パスは "C:\Program Files\dotnet\packs\Microsoft.NETCore.App.Ref\10.0.9\ref\net10.0\System.Console.dll" です。
             検索パスの場所 "{RawFileName}" で参照が見つかりました。
             少なくとも 1 つのソース項目で "Private" が "false" に設定され、どのソース項目にも "Private" が "true" に設定されていないため、この参照は "CopyLocal" ではありません。
         プライマリ参照 "System.Core, Version=4.0.0.0, Culture=neutral, PublicKeyToken=b77a5c561934e089" です。
             解決されたファイル パスは "C:\Program Files\dotnet\packs\Microsoft.NETCore.App.Ref\10.0.9\ref\net10.0\System.Core.dll" です。
             検索パスの場所 "{RawFileName}" で参照が見つかりました。
             少なくとも 1 つのソース項目で "Private" が "false" に設定され、どのソース項目にも "Private" が "true" に設定されていないため、この参照は "CopyLocal" ではありません。
         プライマリ参照 "System.Data.Common, Version=10.0.0.0, Culture=neutral, PublicKeyToken=b03f5f7f11d50a3a" です。
             解決されたファイル パスは "C:\Program Files\dotnet\packs\Microsoft.NETCore.App.Ref\10.0.9\ref\net10.0\System.Data.Common.dll" です。
             検索パスの場所 "{RawFileName}" で参照が見つかりました。
             少なくとも 1 つのソース項目で "Private" が "false" に設定され、どのソース項目にも "Private" が "true" に設定されていないため、この参照は "CopyLocal" ではありません。
         プライマリ参照 "System.Data.DataSetExtensions, Version=10.0.0.0, Culture=neutral, PublicKeyToken=b77a5c561934e089" です。
             解決されたファイル パスは "C:\Program Files\dotnet\packs\Microsoft.NETCore.App.Ref\10.0.9\ref\net10.0\System.Data.DataSetExtensions.dll" です。
             検索パスの場所 "{RawFileName}" で参照が見つかりました。
             少なくとも 1 つのソース項目で "Private" が "false" に設定され、どのソース項目にも "Private" が "true" に設定されていないため、この参照は "CopyLocal" ではありません。
         プライマリ参照 "System.Data, Version=4.0.0.0, Culture=neutral, PublicKeyToken=b77a5c561934e089" です。
             解決されたファイル パスは "C:\Program Files\dotnet\packs\Microsoft.NETCore.App.Ref\10.0.9\ref\net10.0\System.Data.dll" です。
             検索パスの場所 "{RawFileName}" で参照が見つかりました。
             少なくとも 1 つのソース項目で "Private" が "false" に設定され、どのソース項目にも "Private" が "true" に設定されていないため、この参照は "CopyLocal" ではありません。
         プライマリ参照 "System.Diagnostics.Contracts, Version=10.0.0.0, Culture=neutral, PublicKeyToken=b03f5f7f11d50a3a" です。
             解決されたファイル パスは "C:\Program Files\dotnet\packs\Microsoft.NETCore.App.Ref\10.0.9\ref\net10.0\System.Diagnostics.Contracts.dll" です。
             検索パスの場所 "{RawFileName}" で参照が見つかりました。
             少なくとも 1 つのソース項目で "Private" が "false" に設定され、どのソース項目にも "Private" が "true" に設定されていないため、この参照は "CopyLocal" ではありません。
         プライマリ参照 "System.Diagnostics.Debug, Version=10.0.0.0, Culture=neutral, PublicKeyToken=b03f5f7f11d50a3a" です。
             解決されたファイル パスは "C:\Program Files\dotnet\packs\Microsoft.NETCore.App.Ref\10.0.9\ref\net10.0\System.Diagnostics.Debug.dll" です。
             検索パスの場所 "{RawFileName}" で参照が見つかりました。
             少なくとも 1 つのソース項目で "Private" が "false" に設定され、どのソース項目にも "Private" が "true" に設定されていないため、この参照は "CopyLocal" ではありません。
         プライマリ参照 "System.Diagnostics.DiagnosticSource, Version=10.0.0.0, Culture=neutral, PublicKeyToken=cc7b13ffcd2ddd51" です。
             解決されたファイル パスは "C:\Program Files\dotnet\packs\Microsoft.NETCore.App.Ref\10.0.9\ref\net10.0\System.Diagnostics.DiagnosticSource.dll" です。
             検索パスの場所 "{RawFileName}" で参照が見つかりました。
             少なくとも 1 つのソース項目で "Private" が "false" に設定され、どのソース項目にも "Private" が "true" に設定されていないため、この参照は "CopyLocal" ではありません。
         プライマリ参照 "System.Diagnostics.FileVersionInfo, Version=10.0.0.0, Culture=neutral, PublicKeyToken=b03f5f7f11d50a3a" です。
             解決されたファイル パスは "C:\Program Files\dotnet\packs\Microsoft.NETCore.App.Ref\10.0.9\ref\net10.0\System.Diagnostics.FileVersionInfo.dll" です。
             検索パスの場所 "{RawFileName}" で参照が見つかりました。
             少なくとも 1 つのソース項目で "Private" が "false" に設定され、どのソース項目にも "Private" が "true" に設定されていないため、この参照は "CopyLocal" ではありません。
         統合されたプライマリ参照 "System.Diagnostics.Process, Version=10.0.0.0, Culture=neutral, PublicKeyToken=b03f5f7f11d50a3a" です。
             AutoUnify が 'true' のため、"C:\Users\tuoza\.nuget\packages\microsoft-windowsapicodepack-shell\1.1.5\lib\net7.0-windows7.0\Microsoft.WindowsAPICodePack.Shell.dll" 内の元のバージョン "7.0.0.0" ではなくこのバージョンを使用します。
             解決されたファイル パスは "C:\Program Files\dotnet\packs\Microsoft.NETCore.App.Ref\10.0.9\ref\net10.0\System.Diagnostics.Process.dll" です。
             検索パスの場所 "{RawFileName}" で参照が見つかりました。
             少なくとも 1 つのソース項目で "Private" が "false" に設定され、どのソース項目にも "Private" が "true" に設定されていないため、この参照は "CopyLocal" ではありません。
         プライマリ参照 "System.Diagnostics.StackTrace, Version=10.0.0.0, Culture=neutral, PublicKeyToken=b03f5f7f11d50a3a" です。
             解決されたファイル パスは "C:\Program Files\dotnet\packs\Microsoft.NETCore.App.Ref\10.0.9\ref\net10.0\System.Diagnostics.StackTrace.dll" です。
             検索パスの場所 "{RawFileName}" で参照が見つかりました。
             少なくとも 1 つのソース項目で "Private" が "false" に設定され、どのソース項目にも "Private" が "true" に設定されていないため、この参照は "CopyLocal" ではありません。
         プライマリ参照 "System.Diagnostics.TextWriterTraceListener, Version=10.0.0.0, Culture=neutral, PublicKeyToken=b03f5f7f11d50a3a" です。
             解決されたファイル パスは "C:\Program Files\dotnet\packs\Microsoft.NETCore.App.Ref\10.0.9\ref\net10.0\System.Diagnostics.TextWriterTraceListener.dll" です。
             検索パスの場所 "{RawFileName}" で参照が見つかりました。
             少なくとも 1 つのソース項目で "Private" が "false" に設定され、どのソース項目にも "Private" が "true" に設定されていないため、この参照は "CopyLocal" ではありません。
         プライマリ参照 "System.Diagnostics.Tools, Version=10.0.0.0, Culture=neutral, PublicKeyToken=b03f5f7f11d50a3a" です。
             解決されたファイル パスは "C:\Program Files\dotnet\packs\Microsoft.NETCore.App.Ref\10.0.9\ref\net10.0\System.Diagnostics.Tools.dll" です。
             検索パスの場所 "{RawFileName}" で参照が見つかりました。
             少なくとも 1 つのソース項目で "Private" が "false" に設定され、どのソース項目にも "Private" が "true" に設定されていないため、この参照は "CopyLocal" ではありません。
         統合されたプライマリ参照 "System.Diagnostics.TraceSource, Version=10.0.0.0, Culture=neutral, PublicKeyToken=b03f5f7f11d50a3a" です。
             AutoUnify が 'true' のため、"C:\Users\tuoza\.nuget\packages\microsoft-windowsapicodepack-shell\1.1.5\lib\net7.0-windows7.0\Microsoft.WindowsAPICodePack.Shell.dll" 内の元のバージョン "7.0.0.0" ではなくこのバージョンを使用します。
             解決されたファイル パスは "C:\Program Files\dotnet\packs\Microsoft.NETCore.App.Ref\10.0.9\ref\net10.0\System.Diagnostics.TraceSource.dll" です。
             検索パスの場所 "{RawFileName}" で参照が見つかりました。
             少なくとも 1 つのソース項目で "Private" が "false" に設定され、どのソース項目にも "Private" が "true" に設定されていないため、この参照は "CopyLocal" ではありません。
         プライマリ参照 "System.Diagnostics.Tracing, Version=10.0.0.0, Culture=neutral, PublicKeyToken=b03f5f7f11d50a3a" です。
             解決されたファイル パスは "C:\Program Files\dotnet\packs\Microsoft.NETCore.App.Ref\10.0.9\ref\net10.0\System.Diagnostics.Tracing.dll" です。
             検索パスの場所 "{RawFileName}" で参照が見つかりました。
             少なくとも 1 つのソース項目で "Private" が "false" に設定され、どのソース項目にも "Private" が "true" に設定されていないため、この参照は "CopyLocal" ではありません。
         統合されたプライマリ参照 "System.Drawing.Primitives, Version=10.0.0.0, Culture=neutral, PublicKeyToken=b03f5f7f11d50a3a" です。
             AutoUnify が 'true' のため、"C:\Users\tuoza\.nuget\packages\communitytoolkit.winui.ui.controls.primitives\7.1.2\lib\net5.0-windows10.0.18362\CommunityToolkit.WinUI.UI.Controls.Primitives.dll" 内の元のバージョン "5.0.0.0" ではなくこのバージョンを使用します。
             AutoUnify が 'true' のため、"C:\Users\tuoza\.nuget\packages\microsoft-windowsapicodepack-shell\1.1.5\lib\net7.0-windows7.0\Microsoft.WindowsAPICodePack.Shell.dll" 内の元のバージョン "7.0.0.0" ではなくこのバージョンを使用します。
             解決されたファイル パスは "C:\Program Files\dotnet\packs\Microsoft.NETCore.App.Ref\10.0.9\ref\net10.0\System.Drawing.Primitives.dll" です。
             検索パスの場所 "{RawFileName}" で参照が見つかりました。
             少なくとも 1 つのソース項目で "Private" が "false" に設定され、どのソース項目にも "Private" が "true" に設定されていないため、この参照は "CopyLocal" ではありません。
         プライマリ参照 "System.Dynamic.Runtime, Version=10.0.0.0, Culture=neutral, PublicKeyToken=b03f5f7f11d50a3a" です。
             解決されたファイル パスは "C:\Program Files\dotnet\packs\Microsoft.NETCore.App.Ref\10.0.9\ref\net10.0\System.Dynamic.Runtime.dll" です。
             検索パスの場所 "{RawFileName}" で参照が見つかりました。
             少なくとも 1 つのソース項目で "Private" が "false" に設定され、どのソース項目にも "Private" が "true" に設定されていないため、この参照は "CopyLocal" ではありません。
         プライマリ参照 "System.Formats.Asn1, Version=10.0.0.0, Culture=neutral, PublicKeyToken=cc7b13ffcd2ddd51" です。
             解決されたファイル パスは "C:\Program Files\dotnet\packs\Microsoft.NETCore.App.Ref\10.0.9\ref\net10.0\System.Formats.Asn1.dll" です。
             検索パスの場所 "{RawFileName}" で参照が見つかりました。
             少なくとも 1 つのソース項目で "Private" が "false" に設定され、どのソース項目にも "Private" が "true" に設定されていないため、この参照は "CopyLocal" ではありません。
         プライマリ参照 "System.Formats.Tar, Version=10.0.0.0, Culture=neutral, PublicKeyToken=cc7b13ffcd2ddd51" です。
             解決されたファイル パスは "C:\Program Files\dotnet\packs\Microsoft.NETCore.App.Ref\10.0.9\ref\net10.0\System.Formats.Tar.dll" です。
             検索パスの場所 "{RawFileName}" で参照が見つかりました。
             少なくとも 1 つのソース項目で "Private" が "false" に設定され、どのソース項目にも "Private" が "true" に設定されていないため、この参照は "CopyLocal" ではありません。
         プライマリ参照 "System.Globalization.Calendars, Version=10.0.0.0, Culture=neutral, PublicKeyToken=b03f5f7f11d50a3a" です。
             解決されたファイル パスは "C:\Program Files\dotnet\packs\Microsoft.NETCore.App.Ref\10.0.9\ref\net10.0\System.Globalization.Calendars.dll" です。
             検索パスの場所 "{RawFileName}" で参照が見つかりました。
             少なくとも 1 つのソース項目で "Private" が "false" に設定され、どのソース項目にも "Private" が "true" に設定されていないため、この参照は "CopyLocal" ではありません。
         プライマリ参照 "System.Globalization.Extensions, Version=10.0.0.0, Culture=neutral, PublicKeyToken=b03f5f7f11d50a3a" です。
             解決されたファイル パスは "C:\Program Files\dotnet\packs\Microsoft.NETCore.App.Ref\10.0.9\ref\net10.0\System.Globalization.Extensions.dll" です。
             検索パスの場所 "{RawFileName}" で参照が見つかりました。
             少なくとも 1 つのソース項目で "Private" が "false" に設定され、どのソース項目にも "Private" が "true" に設定されていないため、この参照は "CopyLocal" ではありません。
         プライマリ参照 "System.Globalization, Version=10.0.0.0, Culture=neutral, PublicKeyToken=b03f5f7f11d50a3a" です。
             解決されたファイル パスは "C:\Program Files\dotnet\packs\Microsoft.NETCore.App.Ref\10.0.9\ref\net10.0\System.Globalization.dll" です。
             検索パスの場所 "{RawFileName}" で参照が見つかりました。
             少なくとも 1 つのソース項目で "Private" が "false" に設定され、どのソース項目にも "Private" が "true" に設定されていないため、この参照は "CopyLocal" ではありません。
         プライマリ参照 "System.IO.Compression.Brotli, Version=10.0.0.0, Culture=neutral, PublicKeyToken=b77a5c561934e089" です。
             解決されたファイル パスは "C:\Program Files\dotnet\packs\Microsoft.NETCore.App.Ref\10.0.9\ref\net10.0\System.IO.Compression.Brotli.dll" です。
             検索パスの場所 "{RawFileName}" で参照が見つかりました。
             少なくとも 1 つのソース項目で "Private" が "false" に設定され、どのソース項目にも "Private" が "true" に設定されていないため、この参照は "CopyLocal" ではありません。
         プライマリ参照 "System.IO.Compression.FileSystem, Version=4.0.0.0, Culture=neutral, PublicKeyToken=b77a5c561934e089" です。
             解決されたファイル パスは "C:\Program Files\dotnet\packs\Microsoft.NETCore.App.Ref\10.0.9\ref\net10.0\System.IO.Compression.FileSystem.dll" です。
             検索パスの場所 "{RawFileName}" で参照が見つかりました。
             少なくとも 1 つのソース項目で "Private" が "false" に設定され、どのソース項目にも "Private" が "true" に設定されていないため、この参照は "CopyLocal" ではありません。
         プライマリ参照 "System.IO.Compression.ZipFile, Version=10.0.0.0, Culture=neutral, PublicKeyToken=b77a5c561934e089" です。
             解決されたファイル パスは "C:\Program Files\dotnet\packs\Microsoft.NETCore.App.Ref\10.0.9\ref\net10.0\System.IO.Compression.ZipFile.dll" です。
             検索パスの場所 "{RawFileName}" で参照が見つかりました。
             少なくとも 1 つのソース項目で "Private" が "false" に設定され、どのソース項目にも "Private" が "true" に設定されていないため、この参照は "CopyLocal" ではありません。
         プライマリ参照 "System.IO.Compression, Version=10.0.0.0, Culture=neutral, PublicKeyToken=b77a5c561934e089" です。
             解決されたファイル パスは "C:\Program Files\dotnet\packs\Microsoft.NETCore.App.Ref\10.0.9\ref\net10.0\System.IO.Compression.dll" です。
             検索パスの場所 "{RawFileName}" で参照が見つかりました。
             少なくとも 1 つのソース項目で "Private" が "false" に設定され、どのソース項目にも "Private" が "true" に設定されていないため、この参照は "CopyLocal" ではありません。
         プライマリ参照 "System.IO.FileSystem.AccessControl, Version=10.0.0.0, Culture=neutral, PublicKeyToken=b03f5f7f11d50a3a" です。
             解決されたファイル パスは "C:\Program Files\dotnet\packs\Microsoft.NETCore.App.Ref\10.0.9\ref\net10.0\System.IO.FileSystem.AccessControl.dll" です。
             検索パスの場所 "{RawFileName}" で参照が見つかりました。
             少なくとも 1 つのソース項目で "Private" が "false" に設定され、どのソース項目にも "Private" が "true" に設定されていないため、この参照は "CopyLocal" ではありません。
         プライマリ参照 "System.IO.FileSystem.DriveInfo, Version=10.0.0.0, Culture=neutral, PublicKeyToken=b03f5f7f11d50a3a" です。
             解決されたファイル パスは "C:\Program Files\dotnet\packs\Microsoft.NETCore.App.Ref\10.0.9\ref\net10.0\System.IO.FileSystem.DriveInfo.dll" です。
             検索パスの場所 "{RawFileName}" で参照が見つかりました。
             少なくとも 1 つのソース項目で "Private" が "false" に設定され、どのソース項目にも "Private" が "true" に設定されていないため、この参照は "CopyLocal" ではありません。
         プライマリ参照 "System.IO.FileSystem.Primitives, Version=10.0.0.0, Culture=neutral, PublicKeyToken=b03f5f7f11d50a3a" です。
             解決されたファイル パスは "C:\Program Files\dotnet\packs\Microsoft.NETCore.App.Ref\10.0.9\ref\net10.0\System.IO.FileSystem.Primitives.dll" です。
             検索パスの場所 "{RawFileName}" で参照が見つかりました。
             少なくとも 1 つのソース項目で "Private" が "false" に設定され、どのソース項目にも "Private" が "true" に設定されていないため、この参照は "CopyLocal" ではありません。
         プライマリ参照 "System.IO.FileSystem.Watcher, Version=10.0.0.0, Culture=neutral, PublicKeyToken=b03f5f7f11d50a3a" です。
             解決されたファイル パスは "C:\Program Files\dotnet\packs\Microsoft.NETCore.App.Ref\10.0.9\ref\net10.0\System.IO.FileSystem.Watcher.dll" です。
             検索パスの場所 "{RawFileName}" で参照が見つかりました。
             少なくとも 1 つのソース項目で "Private" が "false" に設定され、どのソース項目にも "Private" が "true" に設定されていないため、この参照は "CopyLocal" ではありません。
         統合されたプライマリ参照 "System.IO.FileSystem, Version=10.0.0.0, Culture=neutral, PublicKeyToken=b03f5f7f11d50a3a" です。
             AutoUnify が 'true' のため、"C:\Users\tuoza\.nuget\packages\communitytoolkit.winui.ui.controls.media\7.1.2\lib\net5.0-windows10.0.18362\CommunityToolkit.WinUI.UI.Controls.Media.dll" 内の元のバージョン "5.0.0.0" ではなくこのバージョンを使用します。
             解決されたファイル パスは "C:\Program Files\dotnet\packs\Microsoft.NETCore.App.Ref\10.0.9\ref\net10.0\System.IO.FileSystem.dll" です。
             検索パスの場所 "{RawFileName}" で参照が見つかりました。
             少なくとも 1 つのソース項目で "Private" が "false" に設定され、どのソース項目にも "Private" が "true" に設定されていないため、この参照は "CopyLocal" ではありません。
         プライマリ参照 "System.IO.IsolatedStorage, Version=10.0.0.0, Culture=neutral, PublicKeyToken=b03f5f7f11d50a3a" です。
             解決されたファイル パスは "C:\Program Files\dotnet\packs\Microsoft.NETCore.App.Ref\10.0.9\ref\net10.0\System.IO.IsolatedStorage.dll" です。
             検索パスの場所 "{RawFileName}" で参照が見つかりました。
             少なくとも 1 つのソース項目で "Private" が "false" に設定され、どのソース項目にも "Private" が "true" に設定されていないため、この参照は "CopyLocal" ではありません。
         プライマリ参照 "System.IO.MemoryMappedFiles, Version=10.0.0.0, Culture=neutral, PublicKeyToken=b03f5f7f11d50a3a" です。
             解決されたファイル パスは "C:\Program Files\dotnet\packs\Microsoft.NETCore.App.Ref\10.0.9\ref\net10.0\System.IO.MemoryMappedFiles.dll" です。
             検索パスの場所 "{RawFileName}" で参照が見つかりました。
             少なくとも 1 つのソース項目で "Private" が "false" に設定され、どのソース項目にも "Private" が "true" に設定されていないため、この参照は "CopyLocal" ではありません。
         プライマリ参照 "System.IO.Pipelines, Version=10.0.0.0, Culture=neutral, PublicKeyToken=cc7b13ffcd2ddd51" です。
             解決されたファイル パスは "C:\Program Files\dotnet\packs\Microsoft.NETCore.App.Ref\10.0.9\ref\net10.0\System.IO.Pipelines.dll" です。
             検索パスの場所 "{RawFileName}" で参照が見つかりました。
             少なくとも 1 つのソース項目で "Private" が "false" に設定され、どのソース項目にも "Private" が "true" に設定されていないため、この参照は "CopyLocal" ではありません。
         プライマリ参照 "System.IO.Pipes.AccessControl, Version=10.0.0.0, Culture=neutral, PublicKeyToken=b03f5f7f11d50a3a" です。
             解決されたファイル パスは "C:\Program Files\dotnet\packs\Microsoft.NETCore.App.Ref\10.0.9\ref\net10.0\System.IO.Pipes.AccessControl.dll" です。
             検索パスの場所 "{RawFileName}" で参照が見つかりました。
             少なくとも 1 つのソース項目で "Private" が "false" に設定され、どのソース項目にも "Private" が "true" に設定されていないため、この参照は "CopyLocal" ではありません。
         プライマリ参照 "System.IO.Pipes, Version=10.0.0.0, Culture=neutral, PublicKeyToken=b03f5f7f11d50a3a" です。
             解決されたファイル パスは "C:\Program Files\dotnet\packs\Microsoft.NETCore.App.Ref\10.0.9\ref\net10.0\System.IO.Pipes.dll" です。
             検索パスの場所 "{RawFileName}" で参照が見つかりました。
             少なくとも 1 つのソース項目で "Private" が "false" に設定され、どのソース項目にも "Private" が "true" に設定されていないため、この参照は "CopyLocal" ではありません。
         プライマリ参照 "System.IO.UnmanagedMemoryStream, Version=10.0.0.0, Culture=neutral, PublicKeyToken=b03f5f7f11d50a3a" です。
             解決されたファイル パスは "C:\Program Files\dotnet\packs\Microsoft.NETCore.App.Ref\10.0.9\ref\net10.0\System.IO.UnmanagedMemoryStream.dll" です。
             検索パスの場所 "{RawFileName}" で参照が見つかりました。
             少なくとも 1 つのソース項目で "Private" が "false" に設定され、どのソース項目にも "Private" が "true" に設定されていないため、この参照は "CopyLocal" ではありません。
         プライマリ参照 "System.IO, Version=10.0.0.0, Culture=neutral, PublicKeyToken=b03f5f7f11d50a3a" です。
             解決されたファイル パスは "C:\Program Files\dotnet\packs\Microsoft.NETCore.App.Ref\10.0.9\ref\net10.0\System.IO.dll" です。
             検索パスの場所 "{RawFileName}" で参照が見つかりました。
             少なくとも 1 つのソース項目で "Private" が "false" に設定され、どのソース項目にも "Private" が "true" に設定されていないため、この参照は "CopyLocal" ではありません。
         プライマリ参照 "System.Linq.AsyncEnumerable, Version=10.0.0.0, Culture=neutral, PublicKeyToken=b03f5f7f11d50a3a" です。
             解決されたファイル パスは "C:\Program Files\dotnet\packs\Microsoft.NETCore.App.Ref\10.0.9\ref\net10.0\System.Linq.AsyncEnumerable.dll" です。
             検索パスの場所 "{RawFileName}" で参照が見つかりました。
             少なくとも 1 つのソース項目で "Private" が "false" に設定され、どのソース項目にも "Private" が "true" に設定されていないため、この参照は "CopyLocal" ではありません。
         統合されたプライマリ参照 "System.Linq.Expressions, Version=10.0.0.0, Culture=neutral, PublicKeyToken=b03f5f7f11d50a3a" です。
             AutoUnify が 'true' のため、"C:\Users\tuoza\.nuget\packages\microsoft-windowsapicodepack-core\1.1.5\lib\net7.0-windows7.0\Microsoft.WindowsAPICodePack.dll" 内の元のバージョン "7.0.0.0" ではなくこのバージョンを使用します。
             AutoUnify が 'true' のため、"C:\Users\tuoza\.nuget\packages\microsoft-windowsapicodepack-shell\1.1.5\lib\net7.0-windows7.0\Microsoft.WindowsAPICodePack.Shell.dll" 内の元のバージョン "7.0.0.0" ではなくこのバージョンを使用します。
             AutoUnify が 'true' のため、"C:\Users\tuoza\.nuget\packages\microsoft.graphics.win2d\1.0.0.30\lib\net5.0-windows10.0.18362.0\Microsoft.Graphics.Canvas.Interop.dll" 内の元のバージョン "5.0.0.0" ではなくこのバージョンを使用します。
             解決されたファイル パスは "C:\Program Files\dotnet\packs\Microsoft.NETCore.App.Ref\10.0.9\ref\net10.0\System.Linq.Expressions.dll" です。
             検索パスの場所 "{RawFileName}" で参照が見つかりました。
             少なくとも 1 つのソース項目で "Private" が "false" に設定され、どのソース項目にも "Private" が "true" に設定されていないため、この参照は "CopyLocal" ではありません。
         プライマリ参照 "System.Linq.Parallel, Version=10.0.0.0, Culture=neutral, PublicKeyToken=b03f5f7f11d50a3a" です。
             解決されたファイル パスは "C:\Program Files\dotnet\packs\Microsoft.NETCore.App.Ref\10.0.9\ref\net10.0\System.Linq.Parallel.dll" です。
             検索パスの場所 "{RawFileName}" で参照が見つかりました。
             少なくとも 1 つのソース項目で "Private" が "false" に設定され、どのソース項目にも "Private" が "true" に設定されていないため、この参照は "CopyLocal" ではありません。
         プライマリ参照 "System.Linq.Queryable, Version=10.0.0.0, Culture=neutral, PublicKeyToken=b03f5f7f11d50a3a" です。
             解決されたファイル パスは "C:\Program Files\dotnet\packs\Microsoft.NETCore.App.Ref\10.0.9\ref\net10.0\System.Linq.Queryable.dll" です。
             検索パスの場所 "{RawFileName}" で参照が見つかりました。
             少なくとも 1 つのソース項目で "Private" が "false" に設定され、どのソース項目にも "Private" が "true" に設定されていないため、この参照は "CopyLocal" ではありません。
         統合されたプライマリ参照 "System.Linq, Version=10.0.0.0, Culture=neutral, PublicKeyToken=b03f5f7f11d50a3a" です。
             AutoUnify が 'true' のため、"C:\Users\tuoza\.nuget\packages\colorcode.core\2.0.13\lib\netstandard1.4\ColorCode.Core.dll" 内の元のバージョン "4.0.0.0" ではなくこのバージョンを使用します。
             AutoUnify が 'true' のため、"C:\Users\tuoza\.nuget\packages\communitytoolkit.common\7.1.2\lib\net5.0\CommunityToolkit.Common.dll" 内の元のバージョン "5.0.0.0" ではなくこのバージョンを使用します。
             AutoUnify が 'true' のため、"C:\Users\tuoza\.nuget\packages\communitytoolkit.winui\7.1.2\lib\net5.0-windows10.0.18362\CommunityToolkit.WinUI.dll" 内の元のバージョン "5.0.0.0" ではなくこのバージョンを使用します。
             AutoUnify が 'true' のため、"C:\Users\tuoza\.nuget\packages\communitytoolkit.winui.ui\7.1.2\lib\net5.0-windows10.0.18362\CommunityToolkit.WinUI.UI.dll" 内の元のバージョン "5.0.0.0" ではなくこのバージョンを使用します。
             AutoUnify が 'true' のため、"C:\Users\tuoza\.nuget\packages\communitytoolkit.winui.ui.controls.core\7.1.2\lib\net5.0-windows10.0.18362\CommunityToolkit.WinUI.UI.Controls.Core.dll" 内の元のバージョン "5.0.0.0" ではなくこのバージョンを使用します。
             AutoUnify が 'true' のため、"C:\Users\tuoza\.nuget\packages\communitytoolkit.winui.ui.controls.datagrid\7.1.2\lib\net5.0-windows10.0.18362\CommunityToolkit.WinUI.UI.Controls.DataGrid.dll" 内の元のバージョン "5.0.0.0" ではなくこのバージョンを使用します。
             AutoUnify が 'true' のため、"C:\Users\tuoza\.nuget\packages\communitytoolkit.winui.ui.controls.input\7.1.2\lib\net5.0-windows10.0.18362\CommunityToolkit.WinUI.UI.Controls.Input.dll" 内の元のバージョン "5.0.0.0" ではなくこのバージョンを使用します。
             AutoUnify が 'true' のため、"C:\Users\tuoza\.nuget\packages\communitytoolkit.winui.ui.controls.layout\7.1.2\lib\net5.0-windows10.0.18362\CommunityToolkit.WinUI.UI.Controls.Layout.dll" 内の元のバージョン "5.0.0.0" ではなくこのバージョンを使用します。
             AutoUnify が 'true' のため、"C:\Users\tuoza\.nuget\packages\communitytoolkit.winui.ui.controls.markdown\7.1.2\lib\net5.0-windows10.0.18362\CommunityToolkit.WinUI.UI.Controls.Markdown.dll" 内の元のバージョン "5.0.0.0" ではなくこのバージョンを使用します。
             AutoUnify が 'true' のため、"C:\Users\tuoza\.nuget\packages\communitytoolkit.winui.ui.controls.media\7.1.2\lib\net5.0-windows10.0.18362\CommunityToolkit.WinUI.UI.Controls.Media.dll" 内の元のバージョン "5.0.0.0" ではなくこのバージョンを使用します。
             AutoUnify が 'true' のため、"C:\Users\tuoza\.nuget\packages\communitytoolkit.winui.ui.controls.primitives\7.1.2\lib\net5.0-windows10.0.18362\CommunityToolkit.WinUI.UI.Controls.Primitives.dll" 内の元のバージョン "5.0.0.0" ではなくこのバージョンを使用します。
             AutoUnify が 'true' のため、"C:\Users\tuoza\.nuget\packages\microsoft-windowsapicodepack-core\1.1.5\lib\net7.0-windows7.0\Microsoft.WindowsAPICodePack.dll" 内の元のバージョン "7.0.0.0" ではなくこのバージョンを使用します。
             AutoUnify が 'true' のため、"C:\Users\tuoza\.nuget\packages\microsoft-windowsapicodepack-shell\1.1.5\lib\net7.0-windows7.0\Microsoft.WindowsAPICodePack.Shell.dll" 内の元のバージョン "7.0.0.0" ではなくこのバージョンを使用します。
             AutoUnify が 'true' のため、"C:\Users\tuoza\.nuget\packages\microsoft.windowsappsdk.ml\1.8.2197\lib\net8.0-windows10.0.17763.0\Microsoft.ML.OnnxRuntime.dll" 内の元のバージョン "8.0.0.0" ではなくこのバージョンを使用します。
             AutoUnify が 'true' のため、"C:\Users\tuoza\.nuget\packages\system.numerics.tensors\9.0.0\lib\net9.0\System.Numerics.Tensors.dll" 内の元のバージョン "9.0.0.0" ではなくこのバージョンを使用します。
             解決されたファイル パスは "C:\Program Files\dotnet\packs\Microsoft.NETCore.App.Ref\10.0.9\ref\net10.0\System.Linq.dll" です。
             検索パスの場所 "{RawFileName}" で参照が見つかりました。
             少なくとも 1 つのソース項目で "Private" が "false" に設定され、どのソース項目にも "Private" が "true" に設定されていないため、この参照は "CopyLocal" ではありません。
         統合されたプライマリ参照 "System.Memory, Version=10.0.0.0, Culture=neutral, PublicKeyToken=cc7b13ffcd2ddd51" です。
             AutoUnify が 'true' のため、"C:\Users\tuoza\.nuget\packages\microsoft.web.webview2\1.0.4129.50\lib_manual\net8.0-windows10.0.17763.0\Microsoft.Web.WebView2.Core.Projection.dll" 内の元のバージョン "8.0.0.0" ではなくこのバージョンを使用します。
             AutoUnify が 'true' のため、"C:\Users\tuoza\.nuget\packages\microsoft.windowsappsdk.ai\1.8.79\lib\net6.0-windows10.0.17763.0\Microsoft.Graphics.Imaging.Projection.dll" 内の元のバージョン "6.0.0.0" ではなくこのバージョンを使用します。
             AutoUnify が 'true' のため、"C:\Users\tuoza\.nuget\packages\microsoft.windowsappsdk.ai\1.8.79\lib\net6.0-windows10.0.17763.0\Microsoft.Windows.AI.ContentSafety.Projection.dll" 内の元のバージョン "6.0.0.0" ではなくこのバージョンを使用します。
             AutoUnify が 'true' のため、"C:\Users\tuoza\.nuget\packages\microsoft.windowsappsdk.ai\1.8.79\lib\net6.0-windows10.0.17763.0\Microsoft.Windows.AI.Foundation.Projection.dll" 内の元のバージョン "6.0.0.0" ではなくこのバージョンを使用します。
             AutoUnify が 'true' のため、"C:\Users\tuoza\.nuget\packages\microsoft.windowsappsdk.ai\1.8.79\lib\net6.0-windows10.0.17763.0\Microsoft.Windows.AI.Imaging.Projection.dll" 内の元のバージョン "6.0.0.0" ではなくこのバージョンを使用します。
             AutoUnify が 'true' のため、"C:\Users\tuoza\.nuget\packages\microsoft.windowsappsdk.ai\1.8.79\lib\net6.0-windows10.0.17763.0\Microsoft.Windows.AI.Projection.dll" 内の元のバージョン "6.0.0.0" ではなくこのバージョンを使用します。
             AutoUnify が 'true' のため、"C:\Users\tuoza\.nuget\packages\microsoft.windowsappsdk.ai\1.8.79\lib\net6.0-windows10.0.17763.0\Microsoft.Windows.AI.Text.Projection.dll" 内の元のバージョン "6.0.0.0" ではなくこのバージョンを使用します。
             AutoUnify が 'true' のため、"C:\Users\tuoza\.nuget\packages\microsoft.windowsappsdk.foundation\1.8.260803002\lib\net6.0-windows10.0.17763.0\Microsoft.Security.Authentication.OAuth.Projection.dll" 内の元のバージョン "6.0.0.0" ではなくこのバージョンを使用します。
             AutoUnify が 'true' のため、"C:\Users\tuoza\.nuget\packages\microsoft.windowsappsdk.foundation\1.8.260803002\lib\net6.0-windows10.0.17763.0\Microsoft.Windows.AppLifecycle.Projection.dll" 内の元のバージョン "6.0.0.0" ではなくこのバージョンを使用します。
             AutoUnify が 'true' のため、"C:\Users\tuoza\.nuget\packages\microsoft.windowsappsdk.foundation\1.8.260803002\lib\net6.0-windows10.0.17763.0\Microsoft.Windows.AppNotifications.Builder.Projection.dll" 内の元のバージョン "6.0.0.0" ではなくこのバージョンを使用します。
             AutoUnify が 'true' のため、"C:\Users\tuoza\.nuget\packages\microsoft.windowsappsdk.foundation\1.8.260803002\lib\net6.0-windows10.0.17763.0\Microsoft.Windows.AppNotifications.Projection.dll" 内の元のバージョン "6.0.0.0" ではなくこのバージョンを使用します。
             AutoUnify が 'true' のため、"C:\Users\tuoza\.nuget\packages\microsoft.windowsappsdk.foundation\1.8.260803002\lib\net6.0-windows10.0.17763.0\Microsoft.Windows.ApplicationModel.Background.Projection.dll" 内の元のバージョン "6.0.0.0" ではなくこのバージョンを使用します。
             AutoUnify が 'true' のため、"C:\Users\tuoza\.nuget\packages\microsoft.windowsappsdk.foundation\1.8.260803002\lib\net6.0-windows10.0.17763.0\Microsoft.Windows.ApplicationModel.DynamicDependency.Projection.dll" 内の元のバージョン "6.0.0.0" ではなくこのバージョンを使用します。
             AutoUnify が 'true' のため、"C:\Users\tuoza\.nuget\packages\microsoft.windowsappsdk.foundation\1.8.260803002\lib\net6.0-windows10.0.17763.0\Microsoft.Windows.ApplicationModel.Resources.Projection.dll" 内の元のバージョン "6.0.0.0" ではなくこのバージョンを使用します。
             AutoUnify が 'true' のため、"C:\Users\tuoza\.nuget\packages\microsoft.windowsappsdk.foundation\1.8.260803002\lib\net6.0-windows10.0.17763.0\Microsoft.Windows.ApplicationModel.WindowsAppRuntime.Projection.dll" 内の元のバージョン "6.0.0.0" ではなくこのバージョンを使用します。
             AutoUnify が 'true' のため、"C:\Users\tuoza\.nuget\packages\microsoft.windowsappsdk.foundation\1.8.260803002\lib\net6.0-windows10.0.17763.0\Microsoft.Windows.BadgeNotifications.Projection.dll" 内の元のバージョン "6.0.0.0" ではなくこのバージョンを使用します。
             AutoUnify が 'true' のため、"C:\Users\tuoza\.nuget\packages\microsoft.windowsappsdk.foundation\1.8.260803002\lib\net6.0-windows10.0.17763.0\Microsoft.Windows.Foundation.Projection.dll" 内の元のバージョン "6.0.0.0" ではなくこのバージョンを使用します。
             AutoUnify が 'true' のため、"C:\Users\tuoza\.nuget\packages\microsoft.windowsappsdk.foundation\1.8.260803002\lib\net6.0-windows10.0.17763.0\Microsoft.Windows.Management.Deployment.Projection.dll" 内の元のバージョン "6.0.0.0" ではなくこのバージョンを使用します。
             AutoUnify が 'true' のため、"C:\Users\tuoza\.nuget\packages\microsoft.windowsappsdk.foundation\1.8.260803002\lib\net6.0-windows10.0.17763.0\Microsoft.Windows.Media.Capture.Projection.dll" 内の元のバージョン "6.0.0.0" ではなくこのバージョンを使用します。
             AutoUnify が 'true' のため、"C:\Users\tuoza\.nuget\packages\microsoft.windowsappsdk.foundation\1.8.260803002\lib\net6.0-windows10.0.17763.0\Microsoft.Windows.PushNotifications.Projection.dll" 内の元のバージョン "6.0.0.0" ではなくこのバージョンを使用します。
             AutoUnify が 'true' のため、"C:\Users\tuoza\.nuget\packages\microsoft.windowsappsdk.foundation\1.8.260803002\lib\net6.0-windows10.0.17763.0\Microsoft.Windows.Security.AccessControl.Projection.dll" 内の元のバージョン "6.0.0.0" ではなくこのバージョンを使用します。
             AutoUnify が 'true' のため、"C:\Users\tuoza\.nuget\packages\microsoft.windowsappsdk.foundation\1.8.260803002\lib\net6.0-windows10.0.17763.0\Microsoft.Windows.Storage.Pickers.Projection.dll" 内の元のバージョン "6.0.0.0" ではなくこのバージョンを使用します。
             AutoUnify が 'true' のため、"C:\Users\tuoza\.nuget\packages\microsoft.windowsappsdk.foundation\1.8.260803002\lib\net6.0-windows10.0.17763.0\Microsoft.Windows.Storage.Projection.dll" 内の元のバージョン "6.0.0.0" ではなくこのバージョンを使用します。
             AutoUnify が 'true' のため、"C:\Users\tuoza\.nuget\packages\microsoft.windowsappsdk.foundation\1.8.260803002\lib\net6.0-windows10.0.17763.0\Microsoft.Windows.System.Power.Projection.dll" 内の元のバージョン "6.0.0.0" ではなくこのバージョンを使用します。
             AutoUnify が 'true' のため、"C:\Users\tuoza\.nuget\packages\microsoft.windowsappsdk.foundation\1.8.260803002\lib\net6.0-windows10.0.17763.0\Microsoft.Windows.System.Projection.dll" 内の元のバージョン "6.0.0.0" ではなくこのバージョンを使用します。
             AutoUnify が 'true' のため、"C:\Users\tuoza\.nuget\packages\microsoft.windowsappsdk.interactiveexperiences\1.8.260708001\lib\net6.0-windows10.0.18362.0\Microsoft.InteractiveExperiences.Projection.dll" 内の元のバージョン "6.0.0.0" ではなくこのバージョンを使用します。
             AutoUnify が 'true' のため、"C:\Users\tuoza\.nuget\packages\microsoft.windowsappsdk.ml\1.8.2197\lib\net8.0-windows10.0.17763.0\Microsoft.ML.OnnxRuntime.dll" 内の元のバージョン "8.0.0.0" ではなくこのバージョンを使用します。
             AutoUnify が 'true' のため、"C:\Users\tuoza\.nuget\packages\microsoft.windowsappsdk.ml\1.8.2197\lib\net8.0-windows10.0.17763.0\Microsoft.Windows.AI.MachineLearning.Projection.dll" 内の元のバージョン "6.0.0.0" ではなくこのバージョンを使用します。
             AutoUnify が 'true' のため、"C:\Users\tuoza\.nuget\packages\microsoft.windowsappsdk.widgets\1.8.251231004\lib\net6.0-windows10.0.17763.0\Microsoft.Windows.Widgets.Projection.dll" 内の元のバージョン "6.0.0.0" ではなくこのバージョンを使用します。
             AutoUnify が 'true' のため、"C:\Users\tuoza\.nuget\packages\microsoft.windowsappsdk.winui\1.8.260803003\lib\net6.0-windows10.0.17763.0\Microsoft.WinUI.dll" 内の元のバージョン "6.0.0.0" ではなくこのバージョンを使用します。
             AutoUnify が 'true' のため、"C:\Users\tuoza\.nuget\packages\system.numerics.tensors\9.0.0\lib\net9.0\System.Numerics.Tensors.dll" 内の元のバージョン "9.0.0.0" ではなくこのバージョンを使用します。
             解決されたファイル パスは "C:\Program Files\dotnet\packs\Microsoft.NETCore.App.Ref\10.0.9\ref\net10.0\System.Memory.dll" です。
             検索パスの場所 "{RawFileName}" で参照が見つかりました。
             少なくとも 1 つのソース項目で "Private" が "false" に設定され、どのソース項目にも "Private" が "true" に設定されていないため、この参照は "CopyLocal" ではありません。
         プライマリ参照 "System.Net.Http.Json, Version=10.0.0.0, Culture=neutral, PublicKeyToken=cc7b13ffcd2ddd51" です。
             解決されたファイル パスは "C:\Program Files\dotnet\packs\Microsoft.NETCore.App.Ref\10.0.9\ref\net10.0\System.Net.Http.Json.dll" です。
             検索パスの場所 "{RawFileName}" で参照が見つかりました。
             少なくとも 1 つのソース項目で "Private" が "false" に設定され、どのソース項目にも "Private" が "true" に設定されていないため、この参照は "CopyLocal" ではありません。
         統合されたプライマリ参照 "System.Net.Http, Version=10.0.0.0, Culture=neutral, PublicKeyToken=b03f5f7f11d50a3a" です。
             AutoUnify が 'true' のため、"C:\Users\tuoza\.nuget\packages\communitytoolkit.winui\7.1.2\lib\net5.0-windows10.0.18362\CommunityToolkit.WinUI.dll" 内の元のバージョン "5.0.0.0" ではなくこのバージョンを使用します。
             AutoUnify が 'true' のため、"C:\Users\tuoza\.nuget\packages\communitytoolkit.winui.ui\7.1.2\lib\net5.0-windows10.0.18362\CommunityToolkit.WinUI.UI.dll" 内の元のバージョン "5.0.0.0" ではなくこのバージョンを使用します。
             解決されたファイル パスは "C:\Program Files\dotnet\packs\Microsoft.NETCore.App.Ref\10.0.9\ref\net10.0\System.Net.Http.dll" です。
             検索パスの場所 "{RawFileName}" で参照が見つかりました。
             少なくとも 1 つのソース項目で "Private" が "false" に設定され、どのソース項目にも "Private" が "true" に設定されていないため、この参照は "CopyLocal" ではありません。
         プライマリ参照 "System.Net.HttpListener, Version=10.0.0.0, Culture=neutral, PublicKeyToken=cc7b13ffcd2ddd51" です。
             解決されたファイル パスは "C:\Program Files\dotnet\packs\Microsoft.NETCore.App.Ref\10.0.9\ref\net10.0\System.Net.HttpListener.dll" です。
             検索パスの場所 "{RawFileName}" で参照が見つかりました。
             少なくとも 1 つのソース項目で "Private" が "false" に設定され、どのソース項目にも "Private" が "true" に設定されていないため、この参照は "CopyLocal" ではありません。
         プライマリ参照 "System.Net.Mail, Version=10.0.0.0, Culture=neutral, PublicKeyToken=cc7b13ffcd2ddd51" です。
             解決されたファイル パスは "C:\Program Files\dotnet\packs\Microsoft.NETCore.App.Ref\10.0.9\ref\net10.0\System.Net.Mail.dll" です。
             検索パスの場所 "{RawFileName}" で参照が見つかりました。
             少なくとも 1 つのソース項目で "Private" が "false" に設定され、どのソース項目にも "Private" が "true" に設定されていないため、この参照は "CopyLocal" ではありません。
         プライマリ参照 "System.Net.NameResolution, Version=10.0.0.0, Culture=neutral, PublicKeyToken=b03f5f7f11d50a3a" です。
             解決されたファイル パスは "C:\Program Files\dotnet\packs\Microsoft.NETCore.App.Ref\10.0.9\ref\net10.0\System.Net.NameResolution.dll" です。
             検索パスの場所 "{RawFileName}" で参照が見つかりました。
             少なくとも 1 つのソース項目で "Private" が "false" に設定され、どのソース項目にも "Private" が "true" に設定されていないため、この参照は "CopyLocal" ではありません。
         プライマリ参照 "System.Net.NetworkInformation, Version=10.0.0.0, Culture=neutral, PublicKeyToken=b03f5f7f11d50a3a" です。
             解決されたファイル パスは "C:\Program Files\dotnet\packs\Microsoft.NETCore.App.Ref\10.0.9\ref\net10.0\System.Net.NetworkInformation.dll" です。
             検索パスの場所 "{RawFileName}" で参照が見つかりました。
             少なくとも 1 つのソース項目で "Private" が "false" に設定され、どのソース項目にも "Private" が "true" に設定されていないため、この参照は "CopyLocal" ではありません。
         プライマリ参照 "System.Net.Ping, Version=10.0.0.0, Culture=neutral, PublicKeyToken=b03f5f7f11d50a3a" です。
             解決されたファイル パスは "C:\Program Files\dotnet\packs\Microsoft.NETCore.App.Ref\10.0.9\ref\net10.0\System.Net.Ping.dll" です。
             検索パスの場所 "{RawFileName}" で参照が見つかりました。
             少なくとも 1 つのソース項目で "Private" が "false" に設定され、どのソース項目にも "Private" が "true" に設定されていないため、この参照は "CopyLocal" ではありません。
         プライマリ参照 "System.Net.Primitives, Version=10.0.0.0, Culture=neutral, PublicKeyToken=b03f5f7f11d50a3a" です。
             解決されたファイル パスは "C:\Program Files\dotnet\packs\Microsoft.NETCore.App.Ref\10.0.9\ref\net10.0\System.Net.Primitives.dll" です。
             検索パスの場所 "{RawFileName}" で参照が見つかりました。
             少なくとも 1 つのソース項目で "Private" が "false" に設定され、どのソース項目にも "Private" が "true" に設定されていないため、この参照は "CopyLocal" ではありません。
         プライマリ参照 "System.Net.Quic, Version=10.0.0.0, Culture=neutral, PublicKeyToken=b03f5f7f11d50a3a" です。
             解決されたファイル パスは "C:\Program Files\dotnet\packs\Microsoft.NETCore.App.Ref\10.0.9\ref\net10.0\System.Net.Quic.dll" です。
             検索パスの場所 "{RawFileName}" で参照が見つかりました。
             少なくとも 1 つのソース項目で "Private" が "false" に設定され、どのソース項目にも "Private" が "true" に設定されていないため、この参照は "CopyLocal" ではありません。
         プライマリ参照 "System.Net.Requests, Version=10.0.0.0, Culture=neutral, PublicKeyToken=b03f5f7f11d50a3a" です。
             解決されたファイル パスは "C:\Program Files\dotnet\packs\Microsoft.NETCore.App.Ref\10.0.9\ref\net10.0\System.Net.Requests.dll" です。
             検索パスの場所 "{RawFileName}" で参照が見つかりました。
             少なくとも 1 つのソース項目で "Private" が "false" に設定され、どのソース項目にも "Private" が "true" に設定されていないため、この参照は "CopyLocal" ではありません。
         プライマリ参照 "System.Net.Security, Version=10.0.0.0, Culture=neutral, PublicKeyToken=b03f5f7f11d50a3a" です。
             解決されたファイル パスは "C:\Program Files\dotnet\packs\Microsoft.NETCore.App.Ref\10.0.9\ref\net10.0\System.Net.Security.dll" です。
             検索パスの場所 "{RawFileName}" で参照が見つかりました。
             少なくとも 1 つのソース項目で "Private" が "false" に設定され、どのソース項目にも "Private" が "true" に設定されていないため、この参照は "CopyLocal" ではありません。
         プライマリ参照 "System.Net.ServerSentEvents, Version=10.0.0.0, Culture=neutral, PublicKeyToken=cc7b13ffcd2ddd51" です。
             解決されたファイル パスは "C:\Program Files\dotnet\packs\Microsoft.NETCore.App.Ref\10.0.9\ref\net10.0\System.Net.ServerSentEvents.dll" です。
             検索パスの場所 "{RawFileName}" で参照が見つかりました。
             少なくとも 1 つのソース項目で "Private" が "false" に設定され、どのソース項目にも "Private" が "true" に設定されていないため、この参照は "CopyLocal" ではありません。
         プライマリ参照 "System.Net.ServicePoint, Version=10.0.0.0, Culture=neutral, PublicKeyToken=cc7b13ffcd2ddd51" です。
             解決されたファイル パスは "C:\Program Files\dotnet\packs\Microsoft.NETCore.App.Ref\10.0.9\ref\net10.0\System.Net.ServicePoint.dll" です。
             検索パスの場所 "{RawFileName}" で参照が見つかりました。
             少なくとも 1 つのソース項目で "Private" が "false" に設定され、どのソース項目にも "Private" が "true" に設定されていないため、この参照は "CopyLocal" ではありません。
         プライマリ参照 "System.Net.Sockets, Version=10.0.0.0, Culture=neutral, PublicKeyToken=b03f5f7f11d50a3a" です。
             解決されたファイル パスは "C:\Program Files\dotnet\packs\Microsoft.NETCore.App.Ref\10.0.9\ref\net10.0\System.Net.Sockets.dll" です。
             検索パスの場所 "{RawFileName}" で参照が見つかりました。
             少なくとも 1 つのソース項目で "Private" が "false" に設定され、どのソース項目にも "Private" が "true" に設定されていないため、この参照は "CopyLocal" ではありません。
         プライマリ参照 "System.Net.WebClient, Version=10.0.0.0, Culture=neutral, PublicKeyToken=cc7b13ffcd2ddd51" です。
             解決されたファイル パスは "C:\Program Files\dotnet\packs\Microsoft.NETCore.App.Ref\10.0.9\ref\net10.0\System.Net.WebClient.dll" です。
             検索パスの場所 "{RawFileName}" で参照が見つかりました。
             少なくとも 1 つのソース項目で "Private" が "false" に設定され、どのソース項目にも "Private" が "true" に設定されていないため、この参照は "CopyLocal" ではありません。
         プライマリ参照 "System.Net.WebHeaderCollection, Version=10.0.0.0, Culture=neutral, PublicKeyToken=b03f5f7f11d50a3a" です。
             解決されたファイル パスは "C:\Program Files\dotnet\packs\Microsoft.NETCore.App.Ref\10.0.9\ref\net10.0\System.Net.WebHeaderCollection.dll" です。
             検索パスの場所 "{RawFileName}" で参照が見つかりました。
             少なくとも 1 つのソース項目で "Private" が "false" に設定され、どのソース項目にも "Private" が "true" に設定されていないため、この参照は "CopyLocal" ではありません。
         プライマリ参照 "System.Net.WebProxy, Version=10.0.0.0, Culture=neutral, PublicKeyToken=cc7b13ffcd2ddd51" です。
             解決されたファイル パスは "C:\Program Files\dotnet\packs\Microsoft.NETCore.App.Ref\10.0.9\ref\net10.0\System.Net.WebProxy.dll" です。
             検索パスの場所 "{RawFileName}" で参照が見つかりました。
             少なくとも 1 つのソース項目で "Private" が "false" に設定され、どのソース項目にも "Private" が "true" に設定されていないため、この参照は "CopyLocal" ではありません。
         プライマリ参照 "System.Net.WebSockets.Client, Version=10.0.0.0, Culture=neutral, PublicKeyToken=b03f5f7f11d50a3a" です。
             解決されたファイル パスは "C:\Program Files\dotnet\packs\Microsoft.NETCore.App.Ref\10.0.9\ref\net10.0\System.Net.WebSockets.Client.dll" です。
             検索パスの場所 "{RawFileName}" で参照が見つかりました。
             少なくとも 1 つのソース項目で "Private" が "false" に設定され、どのソース項目にも "Private" が "true" に設定されていないため、この参照は "CopyLocal" ではありません。
         プライマリ参照 "System.Net.WebSockets, Version=10.0.0.0, Culture=neutral, PublicKeyToken=b03f5f7f11d50a3a" です。
             解決されたファイル パスは "C:\Program Files\dotnet\packs\Microsoft.NETCore.App.Ref\10.0.9\ref\net10.0\System.Net.WebSockets.dll" です。
             検索パスの場所 "{RawFileName}" で参照が見つかりました。
             少なくとも 1 つのソース項目で "Private" が "false" に設定され、どのソース項目にも "Private" が "true" に設定されていないため、この参照は "CopyLocal" ではありません。
         プライマリ参照 "System.Net, Version=4.0.0.0, Culture=neutral, PublicKeyToken=b03f5f7f11d50a3a" です。
             解決されたファイル パスは "C:\Program Files\dotnet\packs\Microsoft.NETCore.App.Ref\10.0.9\ref\net10.0\System.Net.dll" です。
             検索パスの場所 "{RawFileName}" で参照が見つかりました。
             少なくとも 1 つのソース項目で "Private" が "false" に設定され、どのソース項目にも "Private" が "true" に設定されていないため、この参照は "CopyLocal" ではありません。
         統合されたプライマリ参照 "System.Numerics.Vectors, Version=10.0.0.0, Culture=neutral, PublicKeyToken=b03f5f7f11d50a3a" です。
             AutoUnify が 'true' のため、"C:\Users\tuoza\.nuget\packages\communitytoolkit.winui\7.1.2\lib\net5.0-windows10.0.18362\CommunityToolkit.WinUI.dll" 内の元のバージョン "5.0.0.0" ではなくこのバージョンを使用します。
             AutoUnify が 'true' のため、"C:\Users\tuoza\.nuget\packages\communitytoolkit.winui.ui\7.1.2\lib\net5.0-windows10.0.18362\CommunityToolkit.WinUI.UI.dll" 内の元のバージョン "5.0.0.0" ではなくこのバージョンを使用します。
             AutoUnify が 'true' のため、"C:\Users\tuoza\.nuget\packages\communitytoolkit.winui.ui.controls.core\7.1.2\lib\net5.0-windows10.0.18362\CommunityToolkit.WinUI.UI.Controls.Core.dll" 内の元のバージョン "5.0.0.0" ではなくこのバージョンを使用します。
             AutoUnify が 'true' のため、"C:\Users\tuoza\.nuget\packages\communitytoolkit.winui.ui.controls.input\7.1.2\lib\net5.0-windows10.0.18362\CommunityToolkit.WinUI.UI.Controls.Input.dll" 内の元のバージョン "5.0.0.0" ではなくこのバージョンを使用します。
             AutoUnify が 'true' のため、"C:\Users\tuoza\.nuget\packages\communitytoolkit.winui.ui.controls.layout\7.1.2\lib\net5.0-windows10.0.18362\CommunityToolkit.WinUI.UI.Controls.Layout.dll" 内の元のバージョン "5.0.0.0" ではなくこのバージョンを使用します。
             AutoUnify が 'true' のため、"C:\Users\tuoza\.nuget\packages\communitytoolkit.winui.ui.controls.media\7.1.2\lib\net5.0-windows10.0.18362\CommunityToolkit.WinUI.UI.Controls.Media.dll" 内の元のバージョン "5.0.0.0" ではなくこのバージョンを使用します。
             AutoUnify が 'true' のため、"C:\Users\tuoza\.nuget\packages\microsoft.graphics.win2d\1.0.0.30\lib\net5.0-windows10.0.18362.0\Microsoft.Graphics.Canvas.Interop.dll" 内の元のバージョン "5.0.0.0" ではなくこのバージョンを使用します。
             AutoUnify が 'true' のため、"C:\Users\tuoza\.nuget\packages\microsoft.windowsappsdk.interactiveexperiences\1.8.260708001\lib\net6.0-windows10.0.18362.0\Microsoft.InteractiveExperiences.Projection.dll" 内の元のバージョン "6.0.0.0" ではなくこのバージョンを使用します。
             AutoUnify が 'true' のため、"C:\Users\tuoza\.nuget\packages\microsoft.windowsappsdk.winui\1.8.260803003\lib\net6.0-windows10.0.17763.0\Microsoft.WinUI.dll" 内の元のバージョン "6.0.0.0" ではなくこのバージョンを使用します。
             解決されたファイル パスは "C:\Program Files\dotnet\packs\Microsoft.NETCore.App.Ref\10.0.9\ref\net10.0\System.Numerics.Vectors.dll" です。
             検索パスの場所 "{RawFileName}" で参照が見つかりました。
             少なくとも 1 つのソース項目で "Private" が "false" に設定され、どのソース項目にも "Private" が "true" に設定されていないため、この参照は "CopyLocal" ではありません。
         プライマリ参照 "System.Numerics, Version=4.0.0.0, Culture=neutral, PublicKeyToken=b77a5c561934e089" です。
             解決されたファイル パスは "C:\Program Files\dotnet\packs\Microsoft.NETCore.App.Ref\10.0.9\ref\net10.0\System.Numerics.dll" です。
             検索パスの場所 "{RawFileName}" で参照が見つかりました。
             少なくとも 1 つのソース項目で "Private" が "false" に設定され、どのソース項目にも "Private" が "true" に設定されていないため、この参照は "CopyLocal" ではありません。
         統合されたプライマリ参照 "System.ObjectModel, Version=10.0.0.0, Culture=neutral, PublicKeyToken=b03f5f7f11d50a3a" です。
             AutoUnify が 'true' のため、"C:\Users\tuoza\.nuget\packages\colorcode.core\2.0.13\lib\netstandard1.4\ColorCode.Core.dll" 内の元のバージョン "4.0.10.0" ではなくこのバージョンを使用します。
             AutoUnify が 'true' のため、"C:\Users\tuoza\.nuget\packages\colorcode.winui\2.0.13\lib\net5.0-windows10.0.18362\ColorCode.WinUI.dll" 内の元のバージョン "5.0.0.0" ではなくこのバージョンを使用します。
             AutoUnify が 'true' のため、"C:\Users\tuoza\.nuget\packages\communitytoolkit.common\7.1.2\lib\net5.0\CommunityToolkit.Common.dll" 内の元のバージョン "5.0.0.0" ではなくこのバージョンを使用します。
             AutoUnify が 'true' のため、"C:\Users\tuoza\.nuget\packages\communitytoolkit.winui\7.1.2\lib\net5.0-windows10.0.18362\CommunityToolkit.WinUI.dll" 内の元のバージョン "5.0.0.0" ではなくこのバージョンを使用します。
             AutoUnify が 'true' のため、"C:\Users\tuoza\.nuget\packages\communitytoolkit.winui.ui\7.1.2\lib\net5.0-windows10.0.18362\CommunityToolkit.WinUI.UI.dll" 内の元のバージョン "5.0.0.0" ではなくこのバージョンを使用します。
             AutoUnify が 'true' のため、"C:\Users\tuoza\.nuget\packages\communitytoolkit.winui.ui.controls.core\7.1.2\lib\net5.0-windows10.0.18362\CommunityToolkit.WinUI.UI.Controls.Core.dll" 内の元のバージョン "5.0.0.0" ではなくこのバージョンを使用します。
             AutoUnify が 'true' のため、"C:\Users\tuoza\.nuget\packages\communitytoolkit.winui.ui.controls.datagrid\7.1.2\lib\net5.0-windows10.0.18362\CommunityToolkit.WinUI.UI.Controls.DataGrid.dll" 内の元のバージョン "5.0.0.0" ではなくこのバージョンを使用します。
             AutoUnify が 'true' のため、"C:\Users\tuoza\.nuget\packages\communitytoolkit.winui.ui.controls.input\7.1.2\lib\net5.0-windows10.0.18362\CommunityToolkit.WinUI.UI.Controls.Input.dll" 内の元のバージョン "5.0.0.0" ではなくこのバージョンを使用します。
             AutoUnify が 'true' のため、"C:\Users\tuoza\.nuget\packages\communitytoolkit.winui.ui.controls.layout\7.1.2\lib\net5.0-windows10.0.18362\CommunityToolkit.WinUI.UI.Controls.Layout.dll" 内の元のバージョン "5.0.0.0" ではなくこのバージョンを使用します。
             AutoUnify が 'true' のため、"C:\Users\tuoza\.nuget\packages\communitytoolkit.winui.ui.controls.markdown\7.1.2\lib\net5.0-windows10.0.18362\CommunityToolkit.WinUI.UI.Controls.Markdown.dll" 内の元のバージョン "5.0.0.0" ではなくこのバージョンを使用します。
             AutoUnify が 'true' のため、"C:\Users\tuoza\.nuget\packages\communitytoolkit.winui.ui.controls.primitives\7.1.2\lib\net5.0-windows10.0.18362\CommunityToolkit.WinUI.UI.Controls.Primitives.dll" 内の元のバージョン "5.0.0.0" ではなくこのバージョンを使用します。
             AutoUnify が 'true' のため、"C:\Users\tuoza\.nuget\packages\microsoft-windowsapicodepack-shell\1.1.5\lib\net7.0-windows7.0\Microsoft.WindowsAPICodePack.Shell.dll" 内の元のバージョン "7.0.0.0" ではなくこのバージョンを使用します。
             AutoUnify が 'true' のため、"C:\Users\tuoza\.nuget\packages\microsoft.windowsappsdk.winui\1.8.260803003\lib\net6.0-windows10.0.17763.0\Microsoft.WinUI.dll" 内の元のバージョン "6.0.0.0" ではなくこのバージョンを使用します。
             解決されたファイル パスは "C:\Program Files\dotnet\packs\Microsoft.NETCore.App.Ref\10.0.9\ref\net10.0\System.ObjectModel.dll" です。
             検索パスの場所 "{RawFileName}" で参照が見つかりました。
             少なくとも 1 つのソース項目で "Private" が "false" に設定され、どのソース項目にも "Private" が "true" に設定されていないため、この参照は "CopyLocal" ではありません。
         プライマリ参照 "System.Reflection.DispatchProxy, Version=10.0.0.0, Culture=neutral, PublicKeyToken=b03f5f7f11d50a3a" です。
             解決されたファイル パスは "C:\Program Files\dotnet\packs\Microsoft.NETCore.App.Ref\10.0.9\ref\net10.0\System.Reflection.DispatchProxy.dll" です。
             検索パスの場所 "{RawFileName}" で参照が見つかりました。
             少なくとも 1 つのソース項目で "Private" が "false" に設定され、どのソース項目にも "Private" が "true" に設定されていないため、この参照は "CopyLocal" ではありません。
         プライマリ参照 "System.Reflection.Emit.ILGeneration, Version=10.0.0.0, Culture=neutral, PublicKeyToken=b03f5f7f11d50a3a" です。
             解決されたファイル パスは "C:\Program Files\dotnet\packs\Microsoft.NETCore.App.Ref\10.0.9\ref\net10.0\System.Reflection.Emit.ILGeneration.dll" です。
             検索パスの場所 "{RawFileName}" で参照が見つかりました。
             少なくとも 1 つのソース項目で "Private" が "false" に設定され、どのソース項目にも "Private" が "true" に設定されていないため、この参照は "CopyLocal" ではありません。
         プライマリ参照 "System.Reflection.Emit.Lightweight, Version=10.0.0.0, Culture=neutral, PublicKeyToken=b03f5f7f11d50a3a" です。
             解決されたファイル パスは "C:\Program Files\dotnet\packs\Microsoft.NETCore.App.Ref\10.0.9\ref\net10.0\System.Reflection.Emit.Lightweight.dll" です。
             検索パスの場所 "{RawFileName}" で参照が見つかりました。
             少なくとも 1 つのソース項目で "Private" が "false" に設定され、どのソース項目にも "Private" が "true" に設定されていないため、この参照は "CopyLocal" ではありません。
         プライマリ参照 "System.Reflection.Emit, Version=10.0.0.0, Culture=neutral, PublicKeyToken=b03f5f7f11d50a3a" です。
             解決されたファイル パスは "C:\Program Files\dotnet\packs\Microsoft.NETCore.App.Ref\10.0.9\ref\net10.0\System.Reflection.Emit.dll" です。
             検索パスの場所 "{RawFileName}" で参照が見つかりました。
             少なくとも 1 つのソース項目で "Private" が "false" に設定され、どのソース項目にも "Private" が "true" に設定されていないため、この参照は "CopyLocal" ではありません。
         プライマリ参照 "System.Reflection.Extensions, Version=10.0.0.0, Culture=neutral, PublicKeyToken=b03f5f7f11d50a3a" です。
             解決されたファイル パスは "C:\Program Files\dotnet\packs\Microsoft.NETCore.App.Ref\10.0.9\ref\net10.0\System.Reflection.Extensions.dll" です。
             検索パスの場所 "{RawFileName}" で参照が見つかりました。
             少なくとも 1 つのソース項目で "Private" が "false" に設定され、どのソース項目にも "Private" が "true" に設定されていないため、この参照は "CopyLocal" ではありません。
         プライマリ参照 "System.Reflection.Metadata, Version=10.0.0.0, Culture=neutral, PublicKeyToken=b03f5f7f11d50a3a" です。
             解決されたファイル パスは "C:\Program Files\dotnet\packs\Microsoft.NETCore.App.Ref\10.0.9\ref\net10.0\System.Reflection.Metadata.dll" です。
             検索パスの場所 "{RawFileName}" で参照が見つかりました。
             少なくとも 1 つのソース項目で "Private" が "false" に設定され、どのソース項目にも "Private" が "true" に設定されていないため、この参照は "CopyLocal" ではありません。
         プライマリ参照 "System.Reflection.Primitives, Version=10.0.0.0, Culture=neutral, PublicKeyToken=b03f5f7f11d50a3a" です。
             解決されたファイル パスは "C:\Program Files\dotnet\packs\Microsoft.NETCore.App.Ref\10.0.9\ref\net10.0\System.Reflection.Primitives.dll" です。
             検索パスの場所 "{RawFileName}" で参照が見つかりました。
             少なくとも 1 つのソース項目で "Private" が "false" に設定され、どのソース項目にも "Private" が "true" に設定されていないため、この参照は "CopyLocal" ではありません。
         プライマリ参照 "System.Reflection.TypeExtensions, Version=10.0.0.0, Culture=neutral, PublicKeyToken=b03f5f7f11d50a3a" です。
             解決されたファイル パスは "C:\Program Files\dotnet\packs\Microsoft.NETCore.App.Ref\10.0.9\ref\net10.0\System.Reflection.TypeExtensions.dll" です。
             検索パスの場所 "{RawFileName}" で参照が見つかりました。
             少なくとも 1 つのソース項目で "Private" が "false" に設定され、どのソース項目にも "Private" が "true" に設定されていないため、この参照は "CopyLocal" ではありません。
         プライマリ参照 "System.Reflection, Version=10.0.0.0, Culture=neutral, PublicKeyToken=b03f5f7f11d50a3a" です。
             解決されたファイル パスは "C:\Program Files\dotnet\packs\Microsoft.NETCore.App.Ref\10.0.9\ref\net10.0\System.Reflection.dll" です。
             検索パスの場所 "{RawFileName}" で参照が見つかりました。
             少なくとも 1 つのソース項目で "Private" が "false" に設定され、どのソース項目にも "Private" が "true" に設定されていないため、この参照は "CopyLocal" ではありません。
         プライマリ参照 "System.Resources.Reader, Version=10.0.0.0, Culture=neutral, PublicKeyToken=b03f5f7f11d50a3a" です。
             解決されたファイル パスは "C:\Program Files\dotnet\packs\Microsoft.NETCore.App.Ref\10.0.9\ref\net10.0\System.Resources.Reader.dll" です。
             検索パスの場所 "{RawFileName}" で参照が見つかりました。
             少なくとも 1 つのソース項目で "Private" が "false" に設定され、どのソース項目にも "Private" が "true" に設定されていないため、この参照は "CopyLocal" ではありません。
         プライマリ参照 "System.Resources.ResourceManager, Version=10.0.0.0, Culture=neutral, PublicKeyToken=b03f5f7f11d50a3a" です。
             解決されたファイル パスは "C:\Program Files\dotnet\packs\Microsoft.NETCore.App.Ref\10.0.9\ref\net10.0\System.Resources.ResourceManager.dll" です。
             検索パスの場所 "{RawFileName}" で参照が見つかりました。
             少なくとも 1 つのソース項目で "Private" が "false" に設定され、どのソース項目にも "Private" が "true" に設定されていないため、この参照は "CopyLocal" ではありません。
         プライマリ参照 "System.Resources.Writer, Version=10.0.0.0, Culture=neutral, PublicKeyToken=b03f5f7f11d50a3a" です。
             解決されたファイル パスは "C:\Program Files\dotnet\packs\Microsoft.NETCore.App.Ref\10.0.9\ref\net10.0\System.Resources.Writer.dll" です。
             検索パスの場所 "{RawFileName}" で参照が見つかりました。
             少なくとも 1 つのソース項目で "Private" が "false" に設定され、どのソース項目にも "Private" が "true" に設定されていないため、この参照は "CopyLocal" ではありません。
         統合されたプライマリ参照 "System.Runtime.CompilerServices.Unsafe, Version=10.0.0.0, Culture=neutral, PublicKeyToken=b03f5f7f11d50a3a" です。
             AutoUnify が 'true' のため、"C:\Users\tuoza\.nuget\packages\microsoft.windowsappsdk.ai\1.8.79\lib\net6.0-windows10.0.17763.0\Microsoft.Graphics.Imaging.Projection.dll" 内の元のバージョン "6.0.0.0" ではなくこのバージョンを使用します。
             AutoUnify が 'true' のため、"C:\Users\tuoza\.nuget\packages\microsoft.windowsappsdk.ai\1.8.79\lib\net6.0-windows10.0.17763.0\Microsoft.Windows.AI.ContentSafety.Projection.dll" 内の元のバージョン "6.0.0.0" ではなくこのバージョンを使用します。
             AutoUnify が 'true' のため、"C:\Users\tuoza\.nuget\packages\microsoft.windowsappsdk.ai\1.8.79\lib\net6.0-windows10.0.17763.0\Microsoft.Windows.AI.Foundation.Projection.dll" 内の元のバージョン "6.0.0.0" ではなくこのバージョンを使用します。
             AutoUnify が 'true' のため、"C:\Users\tuoza\.nuget\packages\microsoft.windowsappsdk.ai\1.8.79\lib\net6.0-windows10.0.17763.0\Microsoft.Windows.AI.Imaging.Projection.dll" 内の元のバージョン "6.0.0.0" ではなくこのバージョンを使用します。
             AutoUnify が 'true' のため、"C:\Users\tuoza\.nuget\packages\microsoft.windowsappsdk.ai\1.8.79\lib\net6.0-windows10.0.17763.0\Microsoft.Windows.AI.Projection.dll" 内の元のバージョン "6.0.0.0" ではなくこのバージョンを使用します。
             AutoUnify が 'true' のため、"C:\Users\tuoza\.nuget\packages\microsoft.windowsappsdk.ai\1.8.79\lib\net6.0-windows10.0.17763.0\Microsoft.Windows.AI.Text.Projection.dll" 内の元のバージョン "6.0.0.0" ではなくこのバージョンを使用します。
             AutoUnify が 'true' のため、"C:\Users\tuoza\.nuget\packages\microsoft.windowsappsdk.foundation\1.8.260803002\lib\net6.0-windows10.0.17763.0\Microsoft.Security.Authentication.OAuth.Projection.dll" 内の元のバージョン "6.0.0.0" ではなくこのバージョンを使用します。
             AutoUnify が 'true' のため、"C:\Users\tuoza\.nuget\packages\microsoft.windowsappsdk.foundation\1.8.260803002\lib\net6.0-windows10.0.17763.0\Microsoft.Windows.AppLifecycle.Projection.dll" 内の元のバージョン "6.0.0.0" ではなくこのバージョンを使用します。
             AutoUnify が 'true' のため、"C:\Users\tuoza\.nuget\packages\microsoft.windowsappsdk.foundation\1.8.260803002\lib\net6.0-windows10.0.17763.0\Microsoft.Windows.AppNotifications.Builder.Projection.dll" 内の元のバージョン "6.0.0.0" ではなくこのバージョンを使用します。
             AutoUnify が 'true' のため、"C:\Users\tuoza\.nuget\packages\microsoft.windowsappsdk.foundation\1.8.260803002\lib\net6.0-windows10.0.17763.0\Microsoft.Windows.AppNotifications.Projection.dll" 内の元のバージョン "6.0.0.0" ではなくこのバージョンを使用します。
             AutoUnify が 'true' のため、"C:\Users\tuoza\.nuget\packages\microsoft.windowsappsdk.foundation\1.8.260803002\lib\net6.0-windows10.0.17763.0\Microsoft.Windows.ApplicationModel.Background.Projection.dll" 内の元のバージョン "6.0.0.0" ではなくこのバージョンを使用します。
             AutoUnify が 'true' のため、"C:\Users\tuoza\.nuget\packages\microsoft.windowsappsdk.foundation\1.8.260803002\lib\net6.0-windows10.0.17763.0\Microsoft.Windows.ApplicationModel.DynamicDependency.Projection.dll" 内の元のバージョン "6.0.0.0" ではなくこのバージョンを使用します。
             AutoUnify が 'true' のため、"C:\Users\tuoza\.nuget\packages\microsoft.windowsappsdk.foundation\1.8.260803002\lib\net6.0-windows10.0.17763.0\Microsoft.Windows.ApplicationModel.Resources.Projection.dll" 内の元のバージョン "6.0.0.0" ではなくこのバージョンを使用します。
             AutoUnify が 'true' のため、"C:\Users\tuoza\.nuget\packages\microsoft.windowsappsdk.foundation\1.8.260803002\lib\net6.0-windows10.0.17763.0\Microsoft.Windows.ApplicationModel.WindowsAppRuntime.Projection.dll" 内の元のバージョン "6.0.0.0" ではなくこのバージョンを使用します。
             AutoUnify が 'true' のため、"C:\Users\tuoza\.nuget\packages\microsoft.windowsappsdk.foundation\1.8.260803002\lib\net6.0-windows10.0.17763.0\Microsoft.Windows.BadgeNotifications.Projection.dll" 内の元のバージョン "6.0.0.0" ではなくこのバージョンを使用します。
             AutoUnify が 'true' のため、"C:\Users\tuoza\.nuget\packages\microsoft.windowsappsdk.foundation\1.8.260803002\lib\net6.0-windows10.0.17763.0\Microsoft.Windows.Foundation.Projection.dll" 内の元のバージョン "6.0.0.0" ではなくこのバージョンを使用します。
             AutoUnify が 'true' のため、"C:\Users\tuoza\.nuget\packages\microsoft.windowsappsdk.foundation\1.8.260803002\lib\net6.0-windows10.0.17763.0\Microsoft.Windows.Management.Deployment.Projection.dll" 内の元のバージョン "6.0.0.0" ではなくこのバージョンを使用します。
             AutoUnify が 'true' のため、"C:\Users\tuoza\.nuget\packages\microsoft.windowsappsdk.foundation\1.8.260803002\lib\net6.0-windows10.0.17763.0\Microsoft.Windows.Media.Capture.Projection.dll" 内の元のバージョン "6.0.0.0" ではなくこのバージョンを使用します。
             AutoUnify が 'true' のため、"C:\Users\tuoza\.nuget\packages\microsoft.windowsappsdk.foundation\1.8.260803002\lib\net6.0-windows10.0.17763.0\Microsoft.Windows.PushNotifications.Projection.dll" 内の元のバージョン "6.0.0.0" ではなくこのバージョンを使用します。
             AutoUnify が 'true' のため、"C:\Users\tuoza\.nuget\packages\microsoft.windowsappsdk.foundation\1.8.260803002\lib\net6.0-windows10.0.17763.0\Microsoft.Windows.Security.AccessControl.Projection.dll" 内の元のバージョン "6.0.0.0" ではなくこのバージョンを使用します。
             AutoUnify が 'true' のため、"C:\Users\tuoza\.nuget\packages\microsoft.windowsappsdk.foundation\1.8.260803002\lib\net6.0-windows10.0.17763.0\Microsoft.Windows.Storage.Pickers.Projection.dll" 内の元のバージョン "6.0.0.0" ではなくこのバージョンを使用します。
             AutoUnify が 'true' のため、"C:\Users\tuoza\.nuget\packages\microsoft.windowsappsdk.foundation\1.8.260803002\lib\net6.0-windows10.0.17763.0\Microsoft.Windows.Storage.Projection.dll" 内の元のバージョン "6.0.0.0" ではなくこのバージョンを使用します。
             AutoUnify が 'true' のため、"C:\Users\tuoza\.nuget\packages\microsoft.windowsappsdk.foundation\1.8.260803002\lib\net6.0-windows10.0.17763.0\Microsoft.Windows.System.Power.Projection.dll" 内の元のバージョン "6.0.0.0" ではなくこのバージョンを使用します。
             AutoUnify が 'true' のため、"C:\Users\tuoza\.nuget\packages\microsoft.windowsappsdk.foundation\1.8.260803002\lib\net6.0-windows10.0.17763.0\Microsoft.Windows.System.Projection.dll" 内の元のバージョン "6.0.0.0" ではなくこのバージョンを使用します。
             AutoUnify が 'true' のため、"C:\Users\tuoza\.nuget\packages\microsoft.windowsappsdk.interactiveexperiences\1.8.260708001\lib\net6.0-windows10.0.18362.0\Microsoft.InteractiveExperiences.Projection.dll" 内の元のバージョン "6.0.0.0" ではなくこのバージョンを使用します。
             AutoUnify が 'true' のため、"C:\Users\tuoza\.nuget\packages\microsoft.windowsappsdk.ml\1.8.2197\lib\net8.0-windows10.0.17763.0\Microsoft.Windows.AI.MachineLearning.Projection.dll" 内の元のバージョン "6.0.0.0" ではなくこのバージョンを使用します。
             AutoUnify が 'true' のため、"C:\Users\tuoza\.nuget\packages\microsoft.windowsappsdk.widgets\1.8.251231004\lib\net6.0-windows10.0.17763.0\Microsoft.Windows.Widgets.Projection.dll" 内の元のバージョン "6.0.0.0" ではなくこのバージョンを使用します。
             AutoUnify が 'true' のため、"C:\Users\tuoza\.nuget\packages\microsoft.windowsappsdk.winui\1.8.260803003\lib\net6.0-windows10.0.17763.0\Microsoft.WinUI.dll" 内の元のバージョン "6.0.0.0" ではなくこのバージョンを使用します。
             解決されたファイル パスは "C:\Program Files\dotnet\packs\Microsoft.NETCore.App.Ref\10.0.9\ref\net10.0\System.Runtime.CompilerServices.Unsafe.dll" です。
             検索パスの場所 "{RawFileName}" で参照が見つかりました。
             少なくとも 1 つのソース項目で "Private" が "false" に設定され、どのソース項目にも "Private" が "true" に設定されていないため、この参照は "CopyLocal" ではありません。
         プライマリ参照 "System.Runtime.CompilerServices.VisualC, Version=10.0.0.0, Culture=neutral, PublicKeyToken=b03f5f7f11d50a3a" です。
             解決されたファイル パスは "C:\Program Files\dotnet\packs\Microsoft.NETCore.App.Ref\10.0.9\ref\net10.0\System.Runtime.CompilerServices.VisualC.dll" です。
             検索パスの場所 "{RawFileName}" で参照が見つかりました。
             少なくとも 1 つのソース項目で "Private" が "false" に設定され、どのソース項目にも "Private" が "true" に設定されていないため、この参照は "CopyLocal" ではありません。
         プライマリ参照 "System.Runtime.Extensions, Version=10.0.0.0, Culture=neutral, PublicKeyToken=b03f5f7f11d50a3a" です。
             解決されたファイル パスは "C:\Program Files\dotnet\packs\Microsoft.NETCore.App.Ref\10.0.9\ref\net10.0\System.Runtime.Extensions.dll" です。
             検索パスの場所 "{RawFileName}" で参照が見つかりました。
             少なくとも 1 つのソース項目で "Private" が "false" に設定され、どのソース項目にも "Private" が "true" に設定されていないため、この参照は "CopyLocal" ではありません。
         プライマリ参照 "System.Runtime.Handles, Version=10.0.0.0, Culture=neutral, PublicKeyToken=b03f5f7f11d50a3a" です。
             解決されたファイル パスは "C:\Program Files\dotnet\packs\Microsoft.NETCore.App.Ref\10.0.9\ref\net10.0\System.Runtime.Handles.dll" です。
             検索パスの場所 "{RawFileName}" で参照が見つかりました。
             少なくとも 1 つのソース項目で "Private" が "false" に設定され、どのソース項目にも "Private" が "true" に設定されていないため、この参照は "CopyLocal" ではありません。
         統合されたプライマリ参照 "System.Runtime.InteropServices.JavaScript, Version=10.0.0.0, Culture=neutral, PublicKeyToken=b03f5f7f11d50a3a" です。
             AutoUnify が 'true' のため、"C:\Users\tuoza\.nuget\packages\system.numerics.tensors\9.0.0\lib\net9.0\System.Numerics.Tensors.dll" 内の元のバージョン "9.0.0.0" ではなくこのバージョンを使用します。
             解決されたファイル パスは "C:\Program Files\dotnet\packs\Microsoft.NETCore.App.Ref\10.0.9\ref\net10.0\System.Runtime.InteropServices.JavaScript.dll" です。
             検索パスの場所 "{RawFileName}" で参照が見つかりました。
             少なくとも 1 つのソース項目で "Private" が "false" に設定され、どのソース項目にも "Private" が "true" に設定されていないため、この参照は "CopyLocal" ではありません。
         プライマリ参照 "System.Runtime.InteropServices.RuntimeInformation, Version=10.0.0.0, Culture=neutral, PublicKeyToken=b03f5f7f11d50a3a" です。
             解決されたファイル パスは "C:\Program Files\dotnet\packs\Microsoft.NETCore.App.Ref\10.0.9\ref\net10.0\System.Runtime.InteropServices.RuntimeInformation.dll" です。
             検索パスの場所 "{RawFileName}" で参照が見つかりました。
             少なくとも 1 つのソース項目で "Private" が "false" に設定され、どのソース項目にも "Private" が "true" に設定されていないため、この参照は "CopyLocal" ではありません。
         統合されたプライマリ参照 "System.Runtime.InteropServices, Version=10.0.0.0, Culture=neutral, PublicKeyToken=b03f5f7f11d50a3a" です。
             AutoUnify が 'true' のため、"C:\Users\tuoza\.nuget\packages\microsoft.web.webview2\1.0.4129.50\lib_manual\net8.0-windows10.0.17763.0\Microsoft.Web.WebView2.Core.Projection.dll" 内の元のバージョン "8.0.0.0" ではなくこのバージョンを使用します。
             AutoUnify が 'true' のため、"C:\Users\tuoza\.nuget\packages\microsoft-windowsapicodepack-core\1.1.5\lib\net7.0-windows7.0\Microsoft.WindowsAPICodePack.dll" 内の元のバージョン "7.0.0.0" ではなくこのバージョンを使用します。
             AutoUnify が 'true' のため、"C:\Users\tuoza\.nuget\packages\microsoft-windowsapicodepack-shell\1.1.5\lib\net7.0-windows7.0\Microsoft.WindowsAPICodePack.Shell.dll" 内の元のバージョン "7.0.0.0" ではなくこのバージョンを使用します。
             AutoUnify が 'true' のため、"C:\Users\tuoza\.nuget\packages\microsoft.graphics.win2d\1.0.0.30\lib\net5.0-windows10.0.18362.0\Microsoft.Graphics.Canvas.Interop.dll" 内の元のバージョン "5.0.0.0" ではなくこのバージョンを使用します。
             AutoUnify が 'true' のため、"C:\Users\tuoza\.nuget\packages\microsoft.windowsappsdk.ai\1.8.79\lib\net6.0-windows10.0.17763.0\Microsoft.Graphics.Imaging.Projection.dll" 内の元のバージョン "6.0.0.0" ではなくこのバージョンを使用します。
             AutoUnify が 'true' のため、"C:\Users\tuoza\.nuget\packages\microsoft.windowsappsdk.ai\1.8.79\lib\net6.0-windows10.0.17763.0\Microsoft.Windows.AI.ContentSafety.Projection.dll" 内の元のバージョン "6.0.0.0" ではなくこのバージョンを使用します。
             AutoUnify が 'true' のため、"C:\Users\tuoza\.nuget\packages\microsoft.windowsappsdk.ai\1.8.79\lib\net6.0-windows10.0.17763.0\Microsoft.Windows.AI.Foundation.Projection.dll" 内の元のバージョン "6.0.0.0" ではなくこのバージョンを使用します。
             AutoUnify が 'true' のため、"C:\Users\tuoza\.nuget\packages\microsoft.windowsappsdk.ai\1.8.79\lib\net6.0-windows10.0.17763.0\Microsoft.Windows.AI.Imaging.Projection.dll" 内の元のバージョン "6.0.0.0" ではなくこのバージョンを使用します。
             AutoUnify が 'true' のため、"C:\Users\tuoza\.nuget\packages\microsoft.windowsappsdk.ai\1.8.79\lib\net6.0-windows10.0.17763.0\Microsoft.Windows.AI.Projection.dll" 内の元のバージョン "6.0.0.0" ではなくこのバージョンを使用します。
             AutoUnify が 'true' のため、"C:\Users\tuoza\.nuget\packages\microsoft.windowsappsdk.ai\1.8.79\lib\net6.0-windows10.0.17763.0\Microsoft.Windows.AI.Text.Projection.dll" 内の元のバージョン "6.0.0.0" ではなくこのバージョンを使用します。
             AutoUnify が 'true' のため、"C:\Users\tuoza\.nuget\packages\microsoft.windowsappsdk.foundation\1.8.260803002\lib\net6.0-windows10.0.17763.0\Microsoft.Security.Authentication.OAuth.Projection.dll" 内の元のバージョン "6.0.0.0" ではなくこのバージョンを使用します。
             AutoUnify が 'true' のため、"C:\Users\tuoza\.nuget\packages\microsoft.windowsappsdk.foundation\1.8.260803002\lib\net6.0-windows10.0.17763.0\Microsoft.Windows.AppLifecycle.Projection.dll" 内の元のバージョン "6.0.0.0" ではなくこのバージョンを使用します。
             AutoUnify が 'true' のため、"C:\Users\tuoza\.nuget\packages\microsoft.windowsappsdk.foundation\1.8.260803002\lib\net6.0-windows10.0.17763.0\Microsoft.Windows.AppNotifications.Builder.Projection.dll" 内の元のバージョン "6.0.0.0" ではなくこのバージョンを使用します。
             AutoUnify が 'true' のため、"C:\Users\tuoza\.nuget\packages\microsoft.windowsappsdk.foundation\1.8.260803002\lib\net6.0-windows10.0.17763.0\Microsoft.Windows.AppNotifications.Projection.dll" 内の元のバージョン "6.0.0.0" ではなくこのバージョンを使用します。
             AutoUnify が 'true' のため、"C:\Users\tuoza\.nuget\packages\microsoft.windowsappsdk.foundation\1.8.260803002\lib\net6.0-windows10.0.17763.0\Microsoft.Windows.ApplicationModel.Background.Projection.dll" 内の元のバージョン "6.0.0.0" ではなくこのバージョンを使用します。
             AutoUnify が 'true' のため、"C:\Users\tuoza\.nuget\packages\microsoft.windowsappsdk.foundation\1.8.260803002\lib\net6.0-windows10.0.17763.0\Microsoft.Windows.ApplicationModel.DynamicDependency.Projection.dll" 内の元のバージョン "6.0.0.0" ではなくこのバージョンを使用します。
             AutoUnify が 'true' のため、"C:\Users\tuoza\.nuget\packages\microsoft.windowsappsdk.foundation\1.8.260803002\lib\net6.0-windows10.0.17763.0\Microsoft.Windows.ApplicationModel.Resources.Projection.dll" 内の元のバージョン "6.0.0.0" ではなくこのバージョンを使用します。
             AutoUnify が 'true' のため、"C:\Users\tuoza\.nuget\packages\microsoft.windowsappsdk.foundation\1.8.260803002\lib\net6.0-windows10.0.17763.0\Microsoft.Windows.ApplicationModel.WindowsAppRuntime.Projection.dll" 内の元のバージョン "6.0.0.0" ではなくこのバージョンを使用します。
             AutoUnify が 'true' のため、"C:\Users\tuoza\.nuget\packages\microsoft.windowsappsdk.foundation\1.8.260803002\lib\net6.0-windows10.0.17763.0\Microsoft.Windows.BadgeNotifications.Projection.dll" 内の元のバージョン "6.0.0.0" ではなくこのバージョンを使用します。
             AutoUnify が 'true' のため、"C:\Users\tuoza\.nuget\packages\microsoft.windowsappsdk.foundation\1.8.260803002\lib\net6.0-windows10.0.17763.0\Microsoft.Windows.Foundation.Projection.dll" 内の元のバージョン "6.0.0.0" ではなくこのバージョンを使用します。
             AutoUnify が 'true' のため、"C:\Users\tuoza\.nuget\packages\microsoft.windowsappsdk.foundation\1.8.260803002\lib\net6.0-windows10.0.17763.0\Microsoft.Windows.Management.Deployment.Projection.dll" 内の元のバージョン "6.0.0.0" ではなくこのバージョンを使用します。
             AutoUnify が 'true' のため、"C:\Users\tuoza\.nuget\packages\microsoft.windowsappsdk.foundation\1.8.260803002\lib\net6.0-windows10.0.17763.0\Microsoft.Windows.Media.Capture.Projection.dll" 内の元のバージョン "6.0.0.0" ではなくこのバージョンを使用します。
             AutoUnify が 'true' のため、"C:\Users\tuoza\.nuget\packages\microsoft.windowsappsdk.foundation\1.8.260803002\lib\net6.0-windows10.0.17763.0\Microsoft.Windows.PushNotifications.Projection.dll" 内の元のバージョン "6.0.0.0" ではなくこのバージョンを使用します。
             AutoUnify が 'true' のため、"C:\Users\tuoza\.nuget\packages\microsoft.windowsappsdk.foundation\1.8.260803002\lib\net6.0-windows10.0.17763.0\Microsoft.Windows.Security.AccessControl.Projection.dll" 内の元のバージョン "6.0.0.0" ではなくこのバージョンを使用します。
             AutoUnify が 'true' のため、"C:\Users\tuoza\.nuget\packages\microsoft.windowsappsdk.foundation\1.8.260803002\lib\net6.0-windows10.0.17763.0\Microsoft.Windows.Storage.Pickers.Projection.dll" 内の元のバージョン "6.0.0.0" ではなくこのバージョンを使用します。
             AutoUnify が 'true' のため、"C:\Users\tuoza\.nuget\packages\microsoft.windowsappsdk.foundation\1.8.260803002\lib\net6.0-windows10.0.17763.0\Microsoft.Windows.Storage.Projection.dll" 内の元のバージョン "6.0.0.0" ではなくこのバージョンを使用します。
             AutoUnify が 'true' のため、"C:\Users\tuoza\.nuget\packages\microsoft.windowsappsdk.foundation\1.8.260803002\lib\net6.0-windows10.0.17763.0\Microsoft.Windows.System.Power.Projection.dll" 内の元のバージョン "6.0.0.0" ではなくこのバージョンを使用します。
             AutoUnify が 'true' のため、"C:\Users\tuoza\.nuget\packages\microsoft.windowsappsdk.foundation\1.8.260803002\lib\net6.0-windows10.0.17763.0\Microsoft.Windows.System.Projection.dll" 内の元のバージョン "6.0.0.0" ではなくこのバージョンを使用します。
             AutoUnify が 'true' のため、"C:\Users\tuoza\.nuget\packages\microsoft.windowsappsdk.interactiveexperiences\1.8.260708001\lib\net6.0-windows10.0.18362.0\Microsoft.InteractiveExperiences.Projection.dll" 内の元のバージョン "6.0.0.0" ではなくこのバージョンを使用します。
             AutoUnify が 'true' のため、"C:\Users\tuoza\.nuget\packages\microsoft.windowsappsdk.ml\1.8.2197\lib\net8.0-windows10.0.17763.0\Microsoft.ML.OnnxRuntime.dll" 内の元のバージョン "8.0.0.0" ではなくこのバージョンを使用します。
             AutoUnify が 'true' のため、"C:\Users\tuoza\.nuget\packages\microsoft.windowsappsdk.ml\1.8.2197\lib\net8.0-windows10.0.17763.0\Microsoft.Windows.AI.MachineLearning.Projection.dll" 内の元のバージョン "6.0.0.0" ではなくこのバージョンを使用します。
             AutoUnify が 'true' のため、"C:\Users\tuoza\.nuget\packages\microsoft.windowsappsdk.widgets\1.8.251231004\lib\net6.0-windows10.0.17763.0\Microsoft.Windows.Widgets.Projection.dll" 内の元のバージョン "6.0.0.0" ではなくこのバージョンを使用します。
             AutoUnify が 'true' のため、"C:\Users\tuoza\.nuget\packages\microsoft.windowsappsdk.winui\1.8.260803003\lib\net6.0-windows10.0.17763.0\Microsoft.WinUI.dll" 内の元のバージョン "6.0.0.0" ではなくこのバージョンを使用します。
             AutoUnify が 'true' のため、"C:\Users\tuoza\.nuget\packages\system.numerics.tensors\9.0.0\lib\net9.0\System.Numerics.Tensors.dll" 内の元のバージョン "9.0.0.0" ではなくこのバージョンを使用します。
             解決されたファイル パスは "C:\Program Files\dotnet\packs\Microsoft.NETCore.App.Ref\10.0.9\ref\net10.0\System.Runtime.InteropServices.dll" です。
             検索パスの場所 "{RawFileName}" で参照が見つかりました。
             少なくとも 1 つのソース項目で "Private" が "false" に設定され、どのソース項目にも "Private" が "true" に設定されていないため、この参照は "CopyLocal" ではありません。
         統合されたプライマリ参照 "System.Runtime.Intrinsics, Version=10.0.0.0, Culture=neutral, PublicKeyToken=cc7b13ffcd2ddd51" です。
             AutoUnify が 'true' のため、"C:\Users\tuoza\.nuget\packages\system.numerics.tensors\9.0.0\lib\net9.0\System.Numerics.Tensors.dll" 内の元のバージョン "9.0.0.0" ではなくこのバージョンを使用します。
             解決されたファイル パスは "C:\Program Files\dotnet\packs\Microsoft.NETCore.App.Ref\10.0.9\ref\net10.0\System.Runtime.Intrinsics.dll" です。
             検索パスの場所 "{RawFileName}" で参照が見つかりました。
             少なくとも 1 つのソース項目で "Private" が "false" に設定され、どのソース項目にも "Private" が "true" に設定されていないため、この参照は "CopyLocal" ではありません。
         プライマリ参照 "System.Runtime.Loader, Version=10.0.0.0, Culture=neutral, PublicKeyToken=b03f5f7f11d50a3a" です。
             解決されたファイル パスは "C:\Program Files\dotnet\packs\Microsoft.NETCore.App.Ref\10.0.9\ref\net10.0\System.Runtime.Loader.dll" です。
             検索パスの場所 "{RawFileName}" で参照が見つかりました。
             少なくとも 1 つのソース項目で "Private" が "false" に設定され、どのソース項目にも "Private" が "true" に設定されていないため、この参照は "CopyLocal" ではありません。
         プライマリ参照 "System.Runtime.Numerics, Version=10.0.0.0, Culture=neutral, PublicKeyToken=b03f5f7f11d50a3a" です。
             解決されたファイル パスは "C:\Program Files\dotnet\packs\Microsoft.NETCore.App.Ref\10.0.9\ref\net10.0\System.Runtime.Numerics.dll" です。
             検索パスの場所 "{RawFileName}" で参照が見つかりました。
             少なくとも 1 つのソース項目で "Private" が "false" に設定され、どのソース項目にも "Private" が "true" に設定されていないため、この参照は "CopyLocal" ではありません。
         プライマリ参照 "System.Runtime.Serialization.Formatters, Version=8.1.0.0, Culture=neutral, PublicKeyToken=b03f5f7f11d50a3a" です。
             解決されたファイル パスは "C:\Program Files\dotnet\packs\Microsoft.NETCore.App.Ref\10.0.9\ref\net10.0\System.Runtime.Serialization.Formatters.dll" です。
             検索パスの場所 "{RawFileName}" で参照が見つかりました。
             少なくとも 1 つのソース項目で "Private" が "false" に設定され、どのソース項目にも "Private" が "true" に設定されていないため、この参照は "CopyLocal" ではありません。
         プライマリ参照 "System.Runtime.Serialization.Json, Version=10.0.0.0, Culture=neutral, PublicKeyToken=b03f5f7f11d50a3a" です。
             解決されたファイル パスは "C:\Program Files\dotnet\packs\Microsoft.NETCore.App.Ref\10.0.9\ref\net10.0\System.Runtime.Serialization.Json.dll" です。
             検索パスの場所 "{RawFileName}" で参照が見つかりました。
             少なくとも 1 つのソース項目で "Private" が "false" に設定され、どのソース項目にも "Private" が "true" に設定されていないため、この参照は "CopyLocal" ではありません。
         プライマリ参照 "System.Runtime.Serialization.Primitives, Version=10.0.0.0, Culture=neutral, PublicKeyToken=b03f5f7f11d50a3a" です。
             解決されたファイル パスは "C:\Program Files\dotnet\packs\Microsoft.NETCore.App.Ref\10.0.9\ref\net10.0\System.Runtime.Serialization.Primitives.dll" です。
             検索パスの場所 "{RawFileName}" で参照が見つかりました。
             少なくとも 1 つのソース項目で "Private" が "false" に設定され、どのソース項目にも "Private" が "true" に設定されていないため、この参照は "CopyLocal" ではありません。
         プライマリ参照 "System.Runtime.Serialization.Xml, Version=10.0.0.0, Culture=neutral, PublicKeyToken=b03f5f7f11d50a3a" です。
             解決されたファイル パスは "C:\Program Files\dotnet\packs\Microsoft.NETCore.App.Ref\10.0.9\ref\net10.0\System.Runtime.Serialization.Xml.dll" です。
             検索パスの場所 "{RawFileName}" で参照が見つかりました。
             少なくとも 1 つのソース項目で "Private" が "false" に設定され、どのソース項目にも "Private" が "true" に設定されていないため、この参照は "CopyLocal" ではありません。
         プライマリ参照 "System.Runtime.Serialization, Version=4.0.0.0, Culture=neutral, PublicKeyToken=b77a5c561934e089" です。
             解決されたファイル パスは "C:\Program Files\dotnet\packs\Microsoft.NETCore.App.Ref\10.0.9\ref\net10.0\System.Runtime.Serialization.dll" です。
             検索パスの場所 "{RawFileName}" で参照が見つかりました。
             少なくとも 1 つのソース項目で "Private" が "false" に設定され、どのソース項目にも "Private" が "true" に設定されていないため、この参照は "CopyLocal" ではありません。
         統合されたプライマリ参照 "System.Runtime, Version=10.0.0.0, Culture=neutral, PublicKeyToken=b03f5f7f11d50a3a" です。
             AutoUnify が 'true' のため、"C:\Users\tuoza\.nuget\packages\microsoft.web.webview2\1.0.4129.50\lib_manual\net8.0-windows10.0.17763.0\Microsoft.Web.WebView2.Core.Projection.dll" 内の元のバージョン "8.0.0.0" ではなくこのバージョンを使用します。
             AutoUnify が 'true' のため、"C:\Users\tuoza\.nuget\packages\colorcode.core\2.0.13\lib\netstandard1.4\ColorCode.Core.dll" 内の元のバージョン "4.0.20.0" ではなくこのバージョンを使用します。
             AutoUnify が 'true' のため、"C:\Users\tuoza\.nuget\packages\colorcode.winui\2.0.13\lib\net5.0-windows10.0.18362\ColorCode.WinUI.dll" 内の元のバージョン "5.0.0.0" ではなくこのバージョンを使用します。
             AutoUnify が 'true' のため、"C:\Users\tuoza\.nuget\packages\communitytoolkit.common\7.1.2\lib\net5.0\CommunityToolkit.Common.dll" 内の元のバージョン "5.0.0.0" ではなくこのバージョンを使用します。
             AutoUnify が 'true' のため、"C:\Users\tuoza\.nuget\packages\communitytoolkit.winui\7.1.2\lib\net5.0-windows10.0.18362\CommunityToolkit.WinUI.dll" 内の元のバージョン "5.0.0.0" ではなくこのバージョンを使用します。
             AutoUnify が 'true' のため、"C:\Users\tuoza\.nuget\packages\communitytoolkit.winui.ui\7.1.2\lib\net5.0-windows10.0.18362\CommunityToolkit.WinUI.UI.dll" 内の元のバージョン "5.0.0.0" ではなくこのバージョンを使用します。
             AutoUnify が 'true' のため、"C:\Users\tuoza\.nuget\packages\communitytoolkit.winui.ui.controls.core\7.1.2\lib\net5.0-windows10.0.18362\CommunityToolkit.WinUI.UI.Controls.Core.dll" 内の元のバージョン "5.0.0.0" ではなくこのバージョンを使用します。
             AutoUnify が 'true' のため、"C:\Users\tuoza\.nuget\packages\communitytoolkit.winui.ui.controls.datagrid\7.1.2\lib\net5.0-windows10.0.18362\CommunityToolkit.WinUI.UI.Controls.DataGrid.dll" 内の元のバージョン "5.0.0.0" ではなくこのバージョンを使用します。
             AutoUnify が 'true' のため、"C:\Users\tuoza\.nuget\packages\communitytoolkit.winui.ui.controls.input\7.1.2\lib\net5.0-windows10.0.18362\CommunityToolkit.WinUI.UI.Controls.Input.dll" 内の元のバージョン "5.0.0.0" ではなくこのバージョンを使用します。
             AutoUnify が 'true' のため、"C:\Users\tuoza\.nuget\packages\communitytoolkit.winui.ui.controls.layout\7.1.2\lib\net5.0-windows10.0.18362\CommunityToolkit.WinUI.UI.Controls.Layout.dll" 内の元のバージョン "5.0.0.0" ではなくこのバージョンを使用します。
             AutoUnify が 'true' のため、"C:\Users\tuoza\.nuget\packages\communitytoolkit.winui.ui.controls.markdown\7.1.2\lib\net5.0-windows10.0.18362\CommunityToolkit.WinUI.UI.Controls.Markdown.dll" 内の元のバージョン "5.0.0.0" ではなくこのバージョンを使用します。
             AutoUnify が 'true' のため、"C:\Users\tuoza\.nuget\packages\communitytoolkit.winui.ui.controls.media\7.1.2\lib\net5.0-windows10.0.18362\CommunityToolkit.WinUI.UI.Controls.Media.dll" 内の元のバージョン "5.0.0.0" ではなくこのバージョンを使用します。
             AutoUnify が 'true' のため、"C:\Users\tuoza\.nuget\packages\communitytoolkit.winui.ui.controls.primitives\7.1.2\lib\net5.0-windows10.0.18362\CommunityToolkit.WinUI.UI.Controls.Primitives.dll" 内の元のバージョン "5.0.0.0" ではなくこのバージョンを使用します。
             AutoUnify が 'true' のため、"C:\Users\tuoza\.nuget\packages\microsoft-windowsapicodepack-core\1.1.5\lib\net7.0-windows7.0\Microsoft.WindowsAPICodePack.dll" 内の元のバージョン "7.0.0.0" ではなくこのバージョンを使用します。
             AutoUnify が 'true' のため、"C:\Users\tuoza\.nuget\packages\microsoft-windowsapicodepack-shell\1.1.5\lib\net7.0-windows7.0\Microsoft.WindowsAPICodePack.Shell.dll" 内の元のバージョン "7.0.0.0" ではなくこのバージョンを使用します。
             AutoUnify が 'true' のため、"C:\Users\tuoza\.nuget\packages\microsoft.graphics.win2d\1.0.0.30\lib\net5.0-windows10.0.18362.0\Microsoft.Graphics.Canvas.Interop.dll" 内の元のバージョン "5.0.0.0" ではなくこのバージョンを使用します。
             AutoUnify が 'true' のため、"C:\Users\tuoza\.nuget\packages\microsoft.windowsappsdk.ai\1.8.79\lib\net6.0-windows10.0.17763.0\Microsoft.Graphics.Imaging.Projection.dll" 内の元のバージョン "6.0.0.0" ではなくこのバージョンを使用します。
             AutoUnify が 'true' のため、"C:\Users\tuoza\.nuget\packages\microsoft.windowsappsdk.ai\1.8.79\lib\net6.0-windows10.0.17763.0\Microsoft.Windows.AI.ContentSafety.Projection.dll" 内の元のバージョン "6.0.0.0" ではなくこのバージョンを使用します。
             AutoUnify が 'true' のため、"C:\Users\tuoza\.nuget\packages\microsoft.windowsappsdk.ai\1.8.79\lib\net6.0-windows10.0.17763.0\Microsoft.Windows.AI.Foundation.Projection.dll" 内の元のバージョン "6.0.0.0" ではなくこのバージョンを使用します。
             AutoUnify が 'true' のため、"C:\Users\tuoza\.nuget\packages\microsoft.windowsappsdk.ai\1.8.79\lib\net6.0-windows10.0.17763.0\Microsoft.Windows.AI.Imaging.Projection.dll" 内の元のバージョン "6.0.0.0" ではなくこのバージョンを使用します。
             AutoUnify が 'true' のため、"C:\Users\tuoza\.nuget\packages\microsoft.windowsappsdk.ai\1.8.79\lib\net6.0-windows10.0.17763.0\Microsoft.Windows.AI.Projection.dll" 内の元のバージョン "6.0.0.0" ではなくこのバージョンを使用します。
             AutoUnify が 'true' のため、"C:\Users\tuoza\.nuget\packages\microsoft.windowsappsdk.ai\1.8.79\lib\net6.0-windows10.0.17763.0\Microsoft.Windows.AI.Text.Projection.dll" 内の元のバージョン "6.0.0.0" ではなくこのバージョンを使用します。
             AutoUnify が 'true' のため、"C:\Users\tuoza\.nuget\packages\microsoft.windowsappsdk.foundation\1.8.260803002\lib\net6.0-windows10.0.17763.0\Microsoft.Security.Authentication.OAuth.Projection.dll" 内の元のバージョン "6.0.0.0" ではなくこのバージョンを使用します。
             AutoUnify が 'true' のため、"C:\Users\tuoza\.nuget\packages\microsoft.windowsappsdk.foundation\1.8.260803002\lib\net6.0-windows10.0.17763.0\Microsoft.Windows.AppLifecycle.Projection.dll" 内の元のバージョン "6.0.0.0" ではなくこのバージョンを使用します。
             AutoUnify が 'true' のため、"C:\Users\tuoza\.nuget\packages\microsoft.windowsappsdk.foundation\1.8.260803002\lib\net6.0-windows10.0.17763.0\Microsoft.Windows.AppNotifications.Builder.Projection.dll" 内の元のバージョン "6.0.0.0" ではなくこのバージョンを使用します。
             AutoUnify が 'true' のため、"C:\Users\tuoza\.nuget\packages\microsoft.windowsappsdk.foundation\1.8.260803002\lib\net6.0-windows10.0.17763.0\Microsoft.Windows.AppNotifications.Projection.dll" 内の元のバージョン "6.0.0.0" ではなくこのバージョンを使用します。
             AutoUnify が 'true' のため、"C:\Users\tuoza\.nuget\packages\microsoft.windowsappsdk.foundation\1.8.260803002\lib\net6.0-windows10.0.17763.0\Microsoft.Windows.ApplicationModel.Background.Projection.dll" 内の元のバージョン "6.0.0.0" ではなくこのバージョンを使用します。
             AutoUnify が 'true' のため、"C:\Users\tuoza\.nuget\packages\microsoft.windowsappsdk.foundation\1.8.260803002\lib\net6.0-windows10.0.17763.0\Microsoft.Windows.ApplicationModel.DynamicDependency.Projection.dll" 内の元のバージョン "6.0.0.0" ではなくこのバージョンを使用します。
             AutoUnify が 'true' のため、"C:\Users\tuoza\.nuget\packages\microsoft.windowsappsdk.foundation\1.8.260803002\lib\net6.0-windows10.0.17763.0\Microsoft.Windows.ApplicationModel.Resources.Projection.dll" 内の元のバージョン "6.0.0.0" ではなくこのバージョンを使用します。
             AutoUnify が 'true' のため、"C:\Users\tuoza\.nuget\packages\microsoft.windowsappsdk.foundation\1.8.260803002\lib\net6.0-windows10.0.17763.0\Microsoft.Windows.ApplicationModel.WindowsAppRuntime.Projection.dll" 内の元のバージョン "6.0.0.0" ではなくこのバージョンを使用します。
             AutoUnify が 'true' のため、"C:\Users\tuoza\.nuget\packages\microsoft.windowsappsdk.foundation\1.8.260803002\lib\net6.0-windows10.0.17763.0\Microsoft.Windows.BadgeNotifications.Projection.dll" 内の元のバージョン "6.0.0.0" ではなくこのバージョンを使用します。
             AutoUnify が 'true' のため、"C:\Users\tuoza\.nuget\packages\microsoft.windowsappsdk.foundation\1.8.260803002\lib\net6.0-windows10.0.17763.0\Microsoft.Windows.Foundation.Projection.dll" 内の元のバージョン "6.0.0.0" ではなくこのバージョンを使用します。
             AutoUnify が 'true' のため、"C:\Users\tuoza\.nuget\packages\microsoft.windowsappsdk.foundation\1.8.260803002\lib\net6.0-windows10.0.17763.0\Microsoft.Windows.Management.Deployment.Projection.dll" 内の元のバージョン "6.0.0.0" ではなくこのバージョンを使用します。
             AutoUnify が 'true' のため、"C:\Users\tuoza\.nuget\packages\microsoft.windowsappsdk.foundation\1.8.260803002\lib\net6.0-windows10.0.17763.0\Microsoft.Windows.Media.Capture.Projection.dll" 内の元のバージョン "6.0.0.0" ではなくこのバージョンを使用します。
             AutoUnify が 'true' のため、"C:\Users\tuoza\.nuget\packages\microsoft.windowsappsdk.foundation\1.8.260803002\lib\net6.0-windows10.0.17763.0\Microsoft.Windows.PushNotifications.Projection.dll" 内の元のバージョン "6.0.0.0" ではなくこのバージョンを使用します。
             AutoUnify が 'true' のため、"C:\Users\tuoza\.nuget\packages\microsoft.windowsappsdk.foundation\1.8.260803002\lib\net6.0-windows10.0.17763.0\Microsoft.Windows.Security.AccessControl.Projection.dll" 内の元のバージョン "6.0.0.0" ではなくこのバージョンを使用します。
             AutoUnify が 'true' のため、"C:\Users\tuoza\.nuget\packages\microsoft.windowsappsdk.foundation\1.8.260803002\lib\net6.0-windows10.0.17763.0\Microsoft.Windows.Storage.Pickers.Projection.dll" 内の元のバージョン "6.0.0.0" ではなくこのバージョンを使用します。
             AutoUnify が 'true' のため、"C:\Users\tuoza\.nuget\packages\microsoft.windowsappsdk.foundation\1.8.260803002\lib\net6.0-windows10.0.17763.0\Microsoft.Windows.Storage.Projection.dll" 内の元のバージョン "6.0.0.0" ではなくこのバージョンを使用します。
             AutoUnify が 'true' のため、"C:\Users\tuoza\.nuget\packages\microsoft.windowsappsdk.foundation\1.8.260803002\lib\net6.0-windows10.0.17763.0\Microsoft.Windows.System.Power.Projection.dll" 内の元のバージョン "6.0.0.0" ではなくこのバージョンを使用します。
             AutoUnify が 'true' のため、"C:\Users\tuoza\.nuget\packages\microsoft.windowsappsdk.foundation\1.8.260803002\lib\net6.0-windows10.0.17763.0\Microsoft.Windows.System.Projection.dll" 内の元のバージョン "6.0.0.0" ではなくこのバージョンを使用します。
             AutoUnify が 'true' のため、"C:\Users\tuoza\.nuget\packages\microsoft.windowsappsdk.foundation\1.8.260803002\lib\net6.0-windows10.0.17763.0\Microsoft.WindowsAppRuntime.Bootstrap.Net.dll" 内の元のバージョン "6.0.0.0" ではなくこのバージョンを使用します。
             AutoUnify が 'true' のため、"C:\Users\tuoza\.nuget\packages\microsoft.windowsappsdk.interactiveexperiences\1.8.260708001\lib\net6.0-windows10.0.18362.0\Microsoft.InteractiveExperiences.Projection.dll" 内の元のバージョン "6.0.0.0" ではなくこのバージョンを使用します。
             AutoUnify が 'true' のため、"C:\Users\tuoza\.nuget\packages\microsoft.windowsappsdk.ml\1.8.2197\lib\net8.0-windows10.0.17763.0\Microsoft.ML.OnnxRuntime.dll" 内の元のバージョン "8.0.0.0" ではなくこのバージョンを使用します。
             AutoUnify が 'true' のため、"C:\Users\tuoza\.nuget\packages\microsoft.windowsappsdk.ml\1.8.2197\lib\net8.0-windows10.0.17763.0\Microsoft.Windows.AI.MachineLearning.Projection.dll" 内の元のバージョン "6.0.0.0" ではなくこのバージョンを使用します。
             AutoUnify が 'true' のため、"C:\Users\tuoza\.nuget\packages\microsoft.windowsappsdk.widgets\1.8.251231004\lib\net6.0-windows10.0.17763.0\Microsoft.Windows.Widgets.Projection.dll" 内の元のバージョン "6.0.0.0" ではなくこのバージョンを使用します。
             AutoUnify が 'true' のため、"C:\Users\tuoza\.nuget\packages\microsoft.windowsappsdk.winui\1.8.260803003\lib\net6.0-windows10.0.17763.0\Microsoft.WinUI.dll" 内の元のバージョン "6.0.0.0" ではなくこのバージョンを使用します。
             AutoUnify が 'true' のため、"C:\Users\tuoza\.nuget\packages\system.numerics.tensors\9.0.0\lib\net9.0\System.Numerics.Tensors.dll" 内の元のバージョン "9.0.0.0" ではなくこのバージョンを使用します。
             解決されたファイル パスは "C:\Program Files\dotnet\packs\Microsoft.NETCore.App.Ref\10.0.9\ref\net10.0\System.Runtime.dll" です。
             検索パスの場所 "{RawFileName}" で参照が見つかりました。
             少なくとも 1 つのソース項目で "Private" が "false" に設定され、どのソース項目にも "Private" が "true" に設定されていないため、この参照は "CopyLocal" ではありません。
         プライマリ参照 "System.Security.AccessControl, Version=10.0.0.0, Culture=neutral, PublicKeyToken=b03f5f7f11d50a3a" です。
             解決されたファイル パスは "C:\Program Files\dotnet\packs\Microsoft.NETCore.App.Ref\10.0.9\ref\net10.0\System.Security.AccessControl.dll" です。
             検索パスの場所 "{RawFileName}" で参照が見つかりました。
             少なくとも 1 つのソース項目で "Private" が "false" に設定され、どのソース項目にも "Private" が "true" に設定されていないため、この参照は "CopyLocal" ではありません。
         プライマリ参照 "System.Security.Claims, Version=10.0.0.0, Culture=neutral, PublicKeyToken=b03f5f7f11d50a3a" です。
             解決されたファイル パスは "C:\Program Files\dotnet\packs\Microsoft.NETCore.App.Ref\10.0.9\ref\net10.0\System.Security.Claims.dll" です。
             検索パスの場所 "{RawFileName}" で参照が見つかりました。
             少なくとも 1 つのソース項目で "Private" が "false" に設定され、どのソース項目にも "Private" が "true" に設定されていないため、この参照は "CopyLocal" ではありません。
         プライマリ参照 "System.Security.Cryptography.Algorithms, Version=10.0.0.0, Culture=neutral, PublicKeyToken=b03f5f7f11d50a3a" です。
             解決されたファイル パスは "C:\Program Files\dotnet\packs\Microsoft.NETCore.App.Ref\10.0.9\ref\net10.0\System.Security.Cryptography.Algorithms.dll" です。
             検索パスの場所 "{RawFileName}" で参照が見つかりました。
             少なくとも 1 つのソース項目で "Private" が "false" に設定され、どのソース項目にも "Private" が "true" に設定されていないため、この参照は "CopyLocal" ではありません。
         プライマリ参照 "System.Security.Cryptography.Cng, Version=10.0.0.0, Culture=neutral, PublicKeyToken=b03f5f7f11d50a3a" です。
             解決されたファイル パスは "C:\Program Files\dotnet\packs\Microsoft.NETCore.App.Ref\10.0.9\ref\net10.0\System.Security.Cryptography.Cng.dll" です。
             検索パスの場所 "{RawFileName}" で参照が見つかりました。
             少なくとも 1 つのソース項目で "Private" が "false" に設定され、どのソース項目にも "Private" が "true" に設定されていないため、この参照は "CopyLocal" ではありません。
         プライマリ参照 "System.Security.Cryptography.Csp, Version=10.0.0.0, Culture=neutral, PublicKeyToken=b03f5f7f11d50a3a" です。
             解決されたファイル パスは "C:\Program Files\dotnet\packs\Microsoft.NETCore.App.Ref\10.0.9\ref\net10.0\System.Security.Cryptography.Csp.dll" です。
             検索パスの場所 "{RawFileName}" で参照が見つかりました。
             少なくとも 1 つのソース項目で "Private" が "false" に設定され、どのソース項目にも "Private" が "true" に設定されていないため、この参照は "CopyLocal" ではありません。
         プライマリ参照 "System.Security.Cryptography.Encoding, Version=10.0.0.0, Culture=neutral, PublicKeyToken=b03f5f7f11d50a3a" です。
             解決されたファイル パスは "C:\Program Files\dotnet\packs\Microsoft.NETCore.App.Ref\10.0.9\ref\net10.0\System.Security.Cryptography.Encoding.dll" です。
             検索パスの場所 "{RawFileName}" で参照が見つかりました。
             少なくとも 1 つのソース項目で "Private" が "false" に設定され、どのソース項目にも "Private" が "true" に設定されていないため、この参照は "CopyLocal" ではありません。
         プライマリ参照 "System.Security.Cryptography.OpenSsl, Version=10.0.0.0, Culture=neutral, PublicKeyToken=b03f5f7f11d50a3a" です。
             解決されたファイル パスは "C:\Program Files\dotnet\packs\Microsoft.NETCore.App.Ref\10.0.9\ref\net10.0\System.Security.Cryptography.OpenSsl.dll" です。
             検索パスの場所 "{RawFileName}" で参照が見つかりました。
             少なくとも 1 つのソース項目で "Private" が "false" に設定され、どのソース項目にも "Private" が "true" に設定されていないため、この参照は "CopyLocal" ではありません。
         プライマリ参照 "System.Security.Cryptography.Primitives, Version=10.0.0.0, Culture=neutral, PublicKeyToken=b03f5f7f11d50a3a" です。
             解決されたファイル パスは "C:\Program Files\dotnet\packs\Microsoft.NETCore.App.Ref\10.0.9\ref\net10.0\System.Security.Cryptography.Primitives.dll" です。
             検索パスの場所 "{RawFileName}" で参照が見つかりました。
             少なくとも 1 つのソース項目で "Private" が "false" に設定され、どのソース項目にも "Private" が "true" に設定されていないため、この参照は "CopyLocal" ではありません。
         プライマリ参照 "System.Security.Cryptography.X509Certificates, Version=10.0.0.0, Culture=neutral, PublicKeyToken=b03f5f7f11d50a3a" です。
             解決されたファイル パスは "C:\Program Files\dotnet\packs\Microsoft.NETCore.App.Ref\10.0.9\ref\net10.0\System.Security.Cryptography.X509Certificates.dll" です。
             検索パスの場所 "{RawFileName}" で参照が見つかりました。
             少なくとも 1 つのソース項目で "Private" が "false" に設定され、どのソース項目にも "Private" が "true" に設定されていないため、この参照は "CopyLocal" ではありません。
         プライマリ参照 "System.Security.Cryptography, Version=10.0.0.0, Culture=neutral, PublicKeyToken=b03f5f7f11d50a3a" です。
             解決されたファイル パスは "C:\Program Files\dotnet\packs\Microsoft.NETCore.App.Ref\10.0.9\ref\net10.0\System.Security.Cryptography.dll" です。
             検索パスの場所 "{RawFileName}" で参照が見つかりました。
             少なくとも 1 つのソース項目で "Private" が "false" に設定され、どのソース項目にも "Private" が "true" に設定されていないため、この参照は "CopyLocal" ではありません。
         プライマリ参照 "System.Security.Principal.Windows, Version=10.0.0.0, Culture=neutral, PublicKeyToken=b03f5f7f11d50a3a" です。
             解決されたファイル パスは "C:\Program Files\dotnet\packs\Microsoft.NETCore.App.Ref\10.0.9\ref\net10.0\System.Security.Principal.Windows.dll" です。
             検索パスの場所 "{RawFileName}" で参照が見つかりました。
             少なくとも 1 つのソース項目で "Private" が "false" に設定され、どのソース項目にも "Private" が "true" に設定されていないため、この参照は "CopyLocal" ではありません。
         プライマリ参照 "System.Security.Principal, Version=10.0.0.0, Culture=neutral, PublicKeyToken=b03f5f7f11d50a3a" です。
             解決されたファイル パスは "C:\Program Files\dotnet\packs\Microsoft.NETCore.App.Ref\10.0.9\ref\net10.0\System.Security.Principal.dll" です。
             検索パスの場所 "{RawFileName}" で参照が見つかりました。
             少なくとも 1 つのソース項目で "Private" が "false" に設定され、どのソース項目にも "Private" が "true" に設定されていないため、この参照は "CopyLocal" ではありません。
         プライマリ参照 "System.Security.SecureString, Version=10.0.0.0, Culture=neutral, PublicKeyToken=b03f5f7f11d50a3a" です。
             解決されたファイル パスは "C:\Program Files\dotnet\packs\Microsoft.NETCore.App.Ref\10.0.9\ref\net10.0\System.Security.SecureString.dll" です。
             検索パスの場所 "{RawFileName}" で参照が見つかりました。
             少なくとも 1 つのソース項目で "Private" が "false" に設定され、どのソース項目にも "Private" が "true" に設定されていないため、この参照は "CopyLocal" ではありません。
         プライマリ参照 "System.Security, Version=4.0.0.0, Culture=neutral, PublicKeyToken=b03f5f7f11d50a3a" です。
             解決されたファイル パスは "C:\Program Files\dotnet\packs\Microsoft.NETCore.App.Ref\10.0.9\ref\net10.0\System.Security.dll" です。
             検索パスの場所 "{RawFileName}" で参照が見つかりました。
             少なくとも 1 つのソース項目で "Private" が "false" に設定され、どのソース項目にも "Private" が "true" に設定されていないため、この参照は "CopyLocal" ではありません。
         プライマリ参照 "System.ServiceModel.Web, Version=4.0.0.0, Culture=neutral, PublicKeyToken=31bf3856ad364e35" です。
             解決されたファイル パスは "C:\Program Files\dotnet\packs\Microsoft.NETCore.App.Ref\10.0.9\ref\net10.0\System.ServiceModel.Web.dll" です。
             検索パスの場所 "{RawFileName}" で参照が見つかりました。
             少なくとも 1 つのソース項目で "Private" が "false" に設定され、どのソース項目にも "Private" が "true" に設定されていないため、この参照は "CopyLocal" ではありません。
         プライマリ参照 "System.ServiceProcess, Version=4.0.0.0, Culture=neutral, PublicKeyToken=b03f5f7f11d50a3a" です。
             解決されたファイル パスは "C:\Program Files\dotnet\packs\Microsoft.NETCore.App.Ref\10.0.9\ref\net10.0\System.ServiceProcess.dll" です。
             検索パスの場所 "{RawFileName}" で参照が見つかりました。
             少なくとも 1 つのソース項目で "Private" が "false" に設定され、どのソース項目にも "Private" が "true" に設定されていないため、この参照は "CopyLocal" ではありません。
         プライマリ参照 "System.Text.Encoding.CodePages, Version=10.0.0.0, Culture=neutral, PublicKeyToken=b03f5f7f11d50a3a" です。
             解決されたファイル パスは "C:\Program Files\dotnet\packs\Microsoft.NETCore.App.Ref\10.0.9\ref\net10.0\System.Text.Encoding.CodePages.dll" です。
             検索パスの場所 "{RawFileName}" で参照が見つかりました。
             少なくとも 1 つのソース項目で "Private" が "false" に設定され、どのソース項目にも "Private" が "true" に設定されていないため、この参照は "CopyLocal" ではありません。
         プライマリ参照 "System.Text.Encoding.Extensions, Version=10.0.0.0, Culture=neutral, PublicKeyToken=b03f5f7f11d50a3a" です。
             解決されたファイル パスは "C:\Program Files\dotnet\packs\Microsoft.NETCore.App.Ref\10.0.9\ref\net10.0\System.Text.Encoding.Extensions.dll" です。
             検索パスの場所 "{RawFileName}" で参照が見つかりました。
             少なくとも 1 つのソース項目で "Private" が "false" に設定され、どのソース項目にも "Private" が "true" に設定されていないため、この参照は "CopyLocal" ではありません。
         プライマリ参照 "System.Text.Encoding, Version=10.0.0.0, Culture=neutral, PublicKeyToken=b03f5f7f11d50a3a" です。
             解決されたファイル パスは "C:\Program Files\dotnet\packs\Microsoft.NETCore.App.Ref\10.0.9\ref\net10.0\System.Text.Encoding.dll" です。
             検索パスの場所 "{RawFileName}" で参照が見つかりました。
             少なくとも 1 つのソース項目で "Private" が "false" に設定され、どのソース項目にも "Private" が "true" に設定されていないため、この参照は "CopyLocal" ではありません。
         プライマリ参照 "System.Text.Encodings.Web, Version=10.0.0.0, Culture=neutral, PublicKeyToken=cc7b13ffcd2ddd51" です。
             解決されたファイル パスは "C:\Program Files\dotnet\packs\Microsoft.NETCore.App.Ref\10.0.9\ref\net10.0\System.Text.Encodings.Web.dll" です。
             検索パスの場所 "{RawFileName}" で参照が見つかりました。
             少なくとも 1 つのソース項目で "Private" が "false" に設定され、どのソース項目にも "Private" が "true" に設定されていないため、この参照は "CopyLocal" ではありません。
         統合されたプライマリ参照 "System.Text.Json, Version=10.0.0.0, Culture=neutral, PublicKeyToken=cc7b13ffcd2ddd51" です。
             AutoUnify が 'true' のため、"C:\Users\tuoza\.nuget\packages\communitytoolkit.winui.ui.controls.media\7.1.2\lib\net5.0-windows10.0.18362\CommunityToolkit.WinUI.UI.Controls.Media.dll" 内の元のバージョン "5.0.0.0" ではなくこのバージョンを使用します。
             解決されたファイル パスは "C:\Program Files\dotnet\packs\Microsoft.NETCore.App.Ref\10.0.9\ref\net10.0\System.Text.Json.dll" です。
             検索パスの場所 "{RawFileName}" で参照が見つかりました。
             少なくとも 1 つのソース項目で "Private" が "false" に設定され、どのソース項目にも "Private" が "true" に設定されていないため、この参照は "CopyLocal" ではありません。
         統合されたプライマリ参照 "System.Text.RegularExpressions, Version=10.0.0.0, Culture=neutral, PublicKeyToken=b03f5f7f11d50a3a" です。
             AutoUnify が 'true' のため、"C:\Users\tuoza\.nuget\packages\colorcode.core\2.0.13\lib\netstandard1.4\ColorCode.Core.dll" 内の元のバージョン "4.0.10.0" ではなくこのバージョンを使用します。
             AutoUnify が 'true' のため、"C:\Users\tuoza\.nuget\packages\communitytoolkit.common\7.1.2\lib\net5.0\CommunityToolkit.Common.dll" 内の元のバージョン "5.0.0.0" ではなくこのバージョンを使用します。
             AutoUnify が 'true' のため、"C:\Users\tuoza\.nuget\packages\communitytoolkit.winui.ui\7.1.2\lib\net5.0-windows10.0.18362\CommunityToolkit.WinUI.UI.dll" 内の元のバージョン "5.0.0.0" ではなくこのバージョンを使用します。
             AutoUnify が 'true' のため、"C:\Users\tuoza\.nuget\packages\communitytoolkit.winui.ui.controls.markdown\7.1.2\lib\net5.0-windows10.0.18362\CommunityToolkit.WinUI.UI.Controls.Markdown.dll" 内の元のバージョン "5.0.0.0" ではなくこのバージョンを使用します。
             解決されたファイル パスは "C:\Program Files\dotnet\packs\Microsoft.NETCore.App.Ref\10.0.9\ref\net10.0\System.Text.RegularExpressions.dll" です。
             検索パスの場所 "{RawFileName}" で参照が見つかりました。
             少なくとも 1 つのソース項目で "Private" が "false" に設定され、どのソース項目にも "Private" が "true" に設定されていないため、この参照は "CopyLocal" ではありません。
         プライマリ参照 "System.Threading.AccessControl, Version=10.0.0.0, Culture=neutral, PublicKeyToken=b03f5f7f11d50a3a" です。
             解決されたファイル パスは "C:\Program Files\dotnet\packs\Microsoft.NETCore.App.Ref\10.0.9\ref\net10.0\System.Threading.AccessControl.dll" です。
             検索パスの場所 "{RawFileName}" で参照が見つかりました。
             少なくとも 1 つのソース項目で "Private" が "false" に設定され、どのソース項目にも "Private" が "true" に設定されていないため、この参照は "CopyLocal" ではありません。
         プライマリ参照 "System.Threading.Channels, Version=10.0.0.0, Culture=neutral, PublicKeyToken=cc7b13ffcd2ddd51" です。
             解決されたファイル パスは "C:\Program Files\dotnet\packs\Microsoft.NETCore.App.Ref\10.0.9\ref\net10.0\System.Threading.Channels.dll" です。
             検索パスの場所 "{RawFileName}" で参照が見つかりました。
             少なくとも 1 つのソース項目で "Private" が "false" に設定され、どのソース項目にも "Private" が "true" に設定されていないため、この参照は "CopyLocal" ではありません。
         プライマリ参照 "System.Threading.Overlapped, Version=10.0.0.0, Culture=neutral, PublicKeyToken=b03f5f7f11d50a3a" です。
             解決されたファイル パスは "C:\Program Files\dotnet\packs\Microsoft.NETCore.App.Ref\10.0.9\ref\net10.0\System.Threading.Overlapped.dll" です。
             検索パスの場所 "{RawFileName}" で参照が見つかりました。
             少なくとも 1 つのソース項目で "Private" が "false" に設定され、どのソース項目にも "Private" が "true" に設定されていないため、この参照は "CopyLocal" ではありません。
         プライマリ参照 "System.Threading.Tasks.Dataflow, Version=10.0.0.0, Culture=neutral, PublicKeyToken=b03f5f7f11d50a3a" です。
             解決されたファイル パスは "C:\Program Files\dotnet\packs\Microsoft.NETCore.App.Ref\10.0.9\ref\net10.0\System.Threading.Tasks.Dataflow.dll" です。
             検索パスの場所 "{RawFileName}" で参照が見つかりました。
             少なくとも 1 つのソース項目で "Private" が "false" に設定され、どのソース項目にも "Private" が "true" に設定されていないため、この参照は "CopyLocal" ではありません。
         プライマリ参照 "System.Threading.Tasks.Extensions, Version=10.0.0.0, Culture=neutral, PublicKeyToken=cc7b13ffcd2ddd51" です。
             解決されたファイル パスは "C:\Program Files\dotnet\packs\Microsoft.NETCore.App.Ref\10.0.9\ref\net10.0\System.Threading.Tasks.Extensions.dll" です。
             検索パスの場所 "{RawFileName}" で参照が見つかりました。
             少なくとも 1 つのソース項目で "Private" が "false" に設定され、どのソース項目にも "Private" が "true" に設定されていないため、この参照は "CopyLocal" ではありません。
         プライマリ参照 "System.Threading.Tasks.Parallel, Version=10.0.0.0, Culture=neutral, PublicKeyToken=b03f5f7f11d50a3a" です。
             解決されたファイル パスは "C:\Program Files\dotnet\packs\Microsoft.NETCore.App.Ref\10.0.9\ref\net10.0\System.Threading.Tasks.Parallel.dll" です。
             検索パスの場所 "{RawFileName}" で参照が見つかりました。
             少なくとも 1 つのソース項目で "Private" が "false" に設定され、どのソース項目にも "Private" が "true" に設定されていないため、この参照は "CopyLocal" ではありません。
         プライマリ参照 "System.Threading.Tasks, Version=10.0.0.0, Culture=neutral, PublicKeyToken=b03f5f7f11d50a3a" です。
             解決されたファイル パスは "C:\Program Files\dotnet\packs\Microsoft.NETCore.App.Ref\10.0.9\ref\net10.0\System.Threading.Tasks.dll" です。
             検索パスの場所 "{RawFileName}" で参照が見つかりました。
             少なくとも 1 つのソース項目で "Private" が "false" に設定され、どのソース項目にも "Private" が "true" に設定されていないため、この参照は "CopyLocal" ではありません。
         統合されたプライマリ参照 "System.Threading.Thread, Version=10.0.0.0, Culture=neutral, PublicKeyToken=b03f5f7f11d50a3a" です。
             AutoUnify が 'true' のため、"C:\Users\tuoza\.nuget\packages\communitytoolkit.winui.ui.controls.datagrid\7.1.2\lib\net5.0-windows10.0.18362\CommunityToolkit.WinUI.UI.Controls.DataGrid.dll" 内の元のバージョン "5.0.0.0" ではなくこのバージョンを使用します。
             AutoUnify が 'true' のため、"C:\Users\tuoza\.nuget\packages\microsoft-windowsapicodepack-shell\1.1.5\lib\net7.0-windows7.0\Microsoft.WindowsAPICodePack.Shell.dll" 内の元のバージョン "7.0.0.0" ではなくこのバージョンを使用します。
             解決されたファイル パスは "C:\Program Files\dotnet\packs\Microsoft.NETCore.App.Ref\10.0.9\ref\net10.0\System.Threading.Thread.dll" です。
             検索パスの場所 "{RawFileName}" で参照が見つかりました。
             少なくとも 1 つのソース項目で "Private" が "false" に設定され、どのソース項目にも "Private" が "true" に設定されていないため、この参照は "CopyLocal" ではありません。
         統合されたプライマリ参照 "System.Threading.ThreadPool, Version=10.0.0.0, Culture=neutral, PublicKeyToken=b03f5f7f11d50a3a" です。
             AutoUnify が 'true' のため、"C:\Users\tuoza\.nuget\packages\microsoft-windowsapicodepack-shell\1.1.5\lib\net7.0-windows7.0\Microsoft.WindowsAPICodePack.Shell.dll" 内の元のバージョン "7.0.0.0" ではなくこのバージョンを使用します。
             解決されたファイル パスは "C:\Program Files\dotnet\packs\Microsoft.NETCore.App.Ref\10.0.9\ref\net10.0\System.Threading.ThreadPool.dll" です。
             検索パスの場所 "{RawFileName}" で参照が見つかりました。
             少なくとも 1 つのソース項目で "Private" が "false" に設定され、どのソース項目にも "Private" が "true" に設定されていないため、この参照は "CopyLocal" ではありません。
         プライマリ参照 "System.Threading.Timer, Version=10.0.0.0, Culture=neutral, PublicKeyToken=b03f5f7f11d50a3a" です。
             解決されたファイル パスは "C:\Program Files\dotnet\packs\Microsoft.NETCore.App.Ref\10.0.9\ref\net10.0\System.Threading.Timer.dll" です。
             検索パスの場所 "{RawFileName}" で参照が見つかりました。
             少なくとも 1 つのソース項目で "Private" が "false" に設定され、どのソース項目にも "Private" が "true" に設定されていないため、この参照は "CopyLocal" ではありません。
         統合されたプライマリ参照 "System.Threading, Version=10.0.0.0, Culture=neutral, PublicKeyToken=b03f5f7f11d50a3a" です。
             AutoUnify が 'true' のため、"C:\Users\tuoza\.nuget\packages\microsoft.web.webview2\1.0.4129.50\lib_manual\net8.0-windows10.0.17763.0\Microsoft.Web.WebView2.Core.Projection.dll" 内の元のバージョン "8.0.0.0" ではなくこのバージョンを使用します。
             AutoUnify が 'true' のため、"C:\Users\tuoza\.nuget\packages\colorcode.core\2.0.13\lib\netstandard1.4\ColorCode.Core.dll" 内の元のバージョン "4.0.10.0" ではなくこのバージョンを使用します。
             AutoUnify が 'true' のため、"C:\Users\tuoza\.nuget\packages\communitytoolkit.common\7.1.2\lib\net5.0\CommunityToolkit.Common.dll" 内の元のバージョン "5.0.0.0" ではなくこのバージョンを使用します。
             AutoUnify が 'true' のため、"C:\Users\tuoza\.nuget\packages\communitytoolkit.winui\7.1.2\lib\net5.0-windows10.0.18362\CommunityToolkit.WinUI.dll" 内の元のバージョン "5.0.0.0" ではなくこのバージョンを使用します。
             AutoUnify が 'true' のため、"C:\Users\tuoza\.nuget\packages\communitytoolkit.winui.ui\7.1.2\lib\net5.0-windows10.0.18362\CommunityToolkit.WinUI.UI.dll" 内の元のバージョン "5.0.0.0" ではなくこのバージョンを使用します。
             AutoUnify が 'true' のため、"C:\Users\tuoza\.nuget\packages\communitytoolkit.winui.ui.controls.core\7.1.2\lib\net5.0-windows10.0.18362\CommunityToolkit.WinUI.UI.Controls.Core.dll" 内の元のバージョン "5.0.0.0" ではなくこのバージョンを使用します。
             AutoUnify が 'true' のため、"C:\Users\tuoza\.nuget\packages\communitytoolkit.winui.ui.controls.datagrid\7.1.2\lib\net5.0-windows10.0.18362\CommunityToolkit.WinUI.UI.Controls.DataGrid.dll" 内の元のバージョン "5.0.0.0" ではなくこのバージョンを使用します。
             AutoUnify が 'true' のため、"C:\Users\tuoza\.nuget\packages\communitytoolkit.winui.ui.controls.input\7.1.2\lib\net5.0-windows10.0.18362\CommunityToolkit.WinUI.UI.Controls.Input.dll" 内の元のバージョン "5.0.0.0" ではなくこのバージョンを使用します。
             AutoUnify が 'true' のため、"C:\Users\tuoza\.nuget\packages\communitytoolkit.winui.ui.controls.layout\7.1.2\lib\net5.0-windows10.0.18362\CommunityToolkit.WinUI.UI.Controls.Layout.dll" 内の元のバージョン "5.0.0.0" ではなくこのバージョンを使用します。
             AutoUnify が 'true' のため、"C:\Users\tuoza\.nuget\packages\communitytoolkit.winui.ui.controls.markdown\7.1.2\lib\net5.0-windows10.0.18362\CommunityToolkit.WinUI.UI.Controls.Markdown.dll" 内の元のバージョン "5.0.0.0" ではなくこのバージョンを使用します。
             AutoUnify が 'true' のため、"C:\Users\tuoza\.nuget\packages\communitytoolkit.winui.ui.controls.media\7.1.2\lib\net5.0-windows10.0.18362\CommunityToolkit.WinUI.UI.Controls.Media.dll" 内の元のバージョン "5.0.0.0" ではなくこのバージョンを使用します。
             AutoUnify が 'true' のため、"C:\Users\tuoza\.nuget\packages\microsoft-windowsapicodepack-core\1.1.5\lib\net7.0-windows7.0\Microsoft.WindowsAPICodePack.dll" 内の元のバージョン "7.0.0.0" ではなくこのバージョンを使用します。
             AutoUnify が 'true' のため、"C:\Users\tuoza\.nuget\packages\microsoft-windowsapicodepack-shell\1.1.5\lib\net7.0-windows7.0\Microsoft.WindowsAPICodePack.Shell.dll" 内の元のバージョン "7.0.0.0" ではなくこのバージョンを使用します。
             AutoUnify が 'true' のため、"C:\Users\tuoza\.nuget\packages\microsoft.graphics.win2d\1.0.0.30\lib\net5.0-windows10.0.18362.0\Microsoft.Graphics.Canvas.Interop.dll" 内の元のバージョン "5.0.0.0" ではなくこのバージョンを使用します。
             AutoUnify が 'true' のため、"C:\Users\tuoza\.nuget\packages\microsoft.windowsappsdk.ai\1.8.79\lib\net6.0-windows10.0.17763.0\Microsoft.Graphics.Imaging.Projection.dll" 内の元のバージョン "6.0.0.0" ではなくこのバージョンを使用します。
             AutoUnify が 'true' のため、"C:\Users\tuoza\.nuget\packages\microsoft.windowsappsdk.ai\1.8.79\lib\net6.0-windows10.0.17763.0\Microsoft.Windows.AI.ContentSafety.Projection.dll" 内の元のバージョン "6.0.0.0" ではなくこのバージョンを使用します。
             AutoUnify が 'true' のため、"C:\Users\tuoza\.nuget\packages\microsoft.windowsappsdk.ai\1.8.79\lib\net6.0-windows10.0.17763.0\Microsoft.Windows.AI.Foundation.Projection.dll" 内の元のバージョン "6.0.0.0" ではなくこのバージョンを使用します。
             AutoUnify が 'true' のため、"C:\Users\tuoza\.nuget\packages\microsoft.windowsappsdk.ai\1.8.79\lib\net6.0-windows10.0.17763.0\Microsoft.Windows.AI.Imaging.Projection.dll" 内の元のバージョン "6.0.0.0" ではなくこのバージョンを使用します。
             AutoUnify が 'true' のため、"C:\Users\tuoza\.nuget\packages\microsoft.windowsappsdk.ai\1.8.79\lib\net6.0-windows10.0.17763.0\Microsoft.Windows.AI.Projection.dll" 内の元のバージョン "6.0.0.0" ではなくこのバージョンを使用します。
             AutoUnify が 'true' のため、"C:\Users\tuoza\.nuget\packages\microsoft.windowsappsdk.ai\1.8.79\lib\net6.0-windows10.0.17763.0\Microsoft.Windows.AI.Text.Projection.dll" 内の元のバージョン "6.0.0.0" ではなくこのバージョンを使用します。
             AutoUnify が 'true' のため、"C:\Users\tuoza\.nuget\packages\microsoft.windowsappsdk.foundation\1.8.260803002\lib\net6.0-windows10.0.17763.0\Microsoft.Security.Authentication.OAuth.Projection.dll" 内の元のバージョン "6.0.0.0" ではなくこのバージョンを使用します。
             AutoUnify が 'true' のため、"C:\Users\tuoza\.nuget\packages\microsoft.windowsappsdk.foundation\1.8.260803002\lib\net6.0-windows10.0.17763.0\Microsoft.Windows.AppLifecycle.Projection.dll" 内の元のバージョン "6.0.0.0" ではなくこのバージョンを使用します。
             AutoUnify が 'true' のため、"C:\Users\tuoza\.nuget\packages\microsoft.windowsappsdk.foundation\1.8.260803002\lib\net6.0-windows10.0.17763.0\Microsoft.Windows.AppNotifications.Builder.Projection.dll" 内の元のバージョン "6.0.0.0" ではなくこのバージョンを使用します。
             AutoUnify が 'true' のため、"C:\Users\tuoza\.nuget\packages\microsoft.windowsappsdk.foundation\1.8.260803002\lib\net6.0-windows10.0.17763.0\Microsoft.Windows.AppNotifications.Projection.dll" 内の元のバージョン "6.0.0.0" ではなくこのバージョンを使用します。
             AutoUnify が 'true' のため、"C:\Users\tuoza\.nuget\packages\microsoft.windowsappsdk.foundation\1.8.260803002\lib\net6.0-windows10.0.17763.0\Microsoft.Windows.ApplicationModel.Background.Projection.dll" 内の元のバージョン "6.0.0.0" ではなくこのバージョンを使用します。
             AutoUnify が 'true' のため、"C:\Users\tuoza\.nuget\packages\microsoft.windowsappsdk.foundation\1.8.260803002\lib\net6.0-windows10.0.17763.0\Microsoft.Windows.ApplicationModel.DynamicDependency.Projection.dll" 内の元のバージョン "6.0.0.0" ではなくこのバージョンを使用します。
             AutoUnify が 'true' のため、"C:\Users\tuoza\.nuget\packages\microsoft.windowsappsdk.foundation\1.8.260803002\lib\net6.0-windows10.0.17763.0\Microsoft.Windows.ApplicationModel.Resources.Projection.dll" 内の元のバージョン "6.0.0.0" ではなくこのバージョンを使用します。
             AutoUnify が 'true' のため、"C:\Users\tuoza\.nuget\packages\microsoft.windowsappsdk.foundation\1.8.260803002\lib\net6.0-windows10.0.17763.0\Microsoft.Windows.ApplicationModel.WindowsAppRuntime.Projection.dll" 内の元のバージョン "6.0.0.0" ではなくこのバージョンを使用します。
             AutoUnify が 'true' のため、"C:\Users\tuoza\.nuget\packages\microsoft.windowsappsdk.foundation\1.8.260803002\lib\net6.0-windows10.0.17763.0\Microsoft.Windows.BadgeNotifications.Projection.dll" 内の元のバージョン "6.0.0.0" ではなくこのバージョンを使用します。
             AutoUnify が 'true' のため、"C:\Users\tuoza\.nuget\packages\microsoft.windowsappsdk.foundation\1.8.260803002\lib\net6.0-windows10.0.17763.0\Microsoft.Windows.Management.Deployment.Projection.dll" 内の元のバージョン "6.0.0.0" ではなくこのバージョンを使用します。
             AutoUnify が 'true' のため、"C:\Users\tuoza\.nuget\packages\microsoft.windowsappsdk.foundation\1.8.260803002\lib\net6.0-windows10.0.17763.0\Microsoft.Windows.Media.Capture.Projection.dll" 内の元のバージョン "6.0.0.0" ではなくこのバージョンを使用します。
             AutoUnify が 'true' のため、"C:\Users\tuoza\.nuget\packages\microsoft.windowsappsdk.foundation\1.8.260803002\lib\net6.0-windows10.0.17763.0\Microsoft.Windows.PushNotifications.Projection.dll" 内の元のバージョン "6.0.0.0" ではなくこのバージョンを使用します。
             AutoUnify が 'true' のため、"C:\Users\tuoza\.nuget\packages\microsoft.windowsappsdk.foundation\1.8.260803002\lib\net6.0-windows10.0.17763.0\Microsoft.Windows.Storage.Pickers.Projection.dll" 内の元のバージョン "6.0.0.0" ではなくこのバージョンを使用します。
             AutoUnify が 'true' のため、"C:\Users\tuoza\.nuget\packages\microsoft.windowsappsdk.foundation\1.8.260803002\lib\net6.0-windows10.0.17763.0\Microsoft.Windows.Storage.Projection.dll" 内の元のバージョン "6.0.0.0" ではなくこのバージョンを使用します。
             AutoUnify が 'true' のため、"C:\Users\tuoza\.nuget\packages\microsoft.windowsappsdk.foundation\1.8.260803002\lib\net6.0-windows10.0.17763.0\Microsoft.Windows.System.Power.Projection.dll" 内の元のバージョン "6.0.0.0" ではなくこのバージョンを使用します。
             AutoUnify が 'true' のため、"C:\Users\tuoza\.nuget\packages\microsoft.windowsappsdk.foundation\1.8.260803002\lib\net6.0-windows10.0.17763.0\Microsoft.Windows.System.Projection.dll" 内の元のバージョン "6.0.0.0" ではなくこのバージョンを使用します。
             AutoUnify が 'true' のため、"C:\Users\tuoza\.nuget\packages\microsoft.windowsappsdk.interactiveexperiences\1.8.260708001\lib\net6.0-windows10.0.18362.0\Microsoft.InteractiveExperiences.Projection.dll" 内の元のバージョン "6.0.0.0" ではなくこのバージョンを使用します。
             AutoUnify が 'true' のため、"C:\Users\tuoza\.nuget\packages\microsoft.windowsappsdk.ml\1.8.2197\lib\net8.0-windows10.0.17763.0\Microsoft.Windows.AI.MachineLearning.Projection.dll" 内の元のバージョン "6.0.0.0" ではなくこのバージョンを使用します。
             AutoUnify が 'true' のため、"C:\Users\tuoza\.nuget\packages\microsoft.windowsappsdk.widgets\1.8.251231004\lib\net6.0-windows10.0.17763.0\Microsoft.Windows.Widgets.Projection.dll" 内の元のバージョン "6.0.0.0" ではなくこのバージョンを使用します。
             AutoUnify が 'true' のため、"C:\Users\tuoza\.nuget\packages\microsoft.windowsappsdk.winui\1.8.260803003\lib\net6.0-windows10.0.17763.0\Microsoft.WinUI.dll" 内の元のバージョン "6.0.0.0" ではなくこのバージョンを使用します。
             解決されたファイル パスは "C:\Program Files\dotnet\packs\Microsoft.NETCore.App.Ref\10.0.9\ref\net10.0\System.Threading.dll" です。
             検索パスの場所 "{RawFileName}" で参照が見つかりました。
             少なくとも 1 つのソース項目で "Private" が "false" に設定され、どのソース項目にも "Private" が "true" に設定されていないため、この参照は "CopyLocal" ではありません。
         プライマリ参照 "System.Transactions.Local, Version=10.0.0.0, Culture=neutral, PublicKeyToken=cc7b13ffcd2ddd51" です。
             解決されたファイル パスは "C:\Program Files\dotnet\packs\Microsoft.NETCore.App.Ref\10.0.9\ref\net10.0\System.Transactions.Local.dll" です。
             検索パスの場所 "{RawFileName}" で参照が見つかりました。
             少なくとも 1 つのソース項目で "Private" が "false" に設定され、どのソース項目にも "Private" が "true" に設定されていないため、この参照は "CopyLocal" ではありません。
         プライマリ参照 "System.Transactions, Version=4.0.0.0, Culture=neutral, PublicKeyToken=b77a5c561934e089" です。
             解決されたファイル パスは "C:\Program Files\dotnet\packs\Microsoft.NETCore.App.Ref\10.0.9\ref\net10.0\System.Transactions.dll" です。
             検索パスの場所 "{RawFileName}" で参照が見つかりました。
             少なくとも 1 つのソース項目で "Private" が "false" に設定され、どのソース項目にも "Private" が "true" に設定されていないため、この参照は "CopyLocal" ではありません。
         プライマリ参照 "System.ValueTuple, Version=10.0.0.0, Culture=neutral, PublicKeyToken=cc7b13ffcd2ddd51" です。
             解決されたファイル パスは "C:\Program Files\dotnet\packs\Microsoft.NETCore.App.Ref\10.0.9\ref\net10.0\System.ValueTuple.dll" です。
             検索パスの場所 "{RawFileName}" で参照が見つかりました。
             少なくとも 1 つのソース項目で "Private" が "false" に設定され、どのソース項目にも "Private" が "true" に設定されていないため、この参照は "CopyLocal" ではありません。
         プライマリ参照 "System.Web.HttpUtility, Version=10.0.0.0, Culture=neutral, PublicKeyToken=cc7b13ffcd2ddd51" です。
             解決されたファイル パスは "C:\Program Files\dotnet\packs\Microsoft.NETCore.App.Ref\10.0.9\ref\net10.0\System.Web.HttpUtility.dll" です。
             検索パスの場所 "{RawFileName}" で参照が見つかりました。
             少なくとも 1 つのソース項目で "Private" が "false" に設定され、どのソース項目にも "Private" が "true" に設定されていないため、この参照は "CopyLocal" ではありません。
         プライマリ参照 "System.Web, Version=4.0.0.0, Culture=neutral, PublicKeyToken=b03f5f7f11d50a3a" です。
             解決されたファイル パスは "C:\Program Files\dotnet\packs\Microsoft.NETCore.App.Ref\10.0.9\ref\net10.0\System.Web.dll" です。
             検索パスの場所 "{RawFileName}" で参照が見つかりました。
             少なくとも 1 つのソース項目で "Private" が "false" に設定され、どのソース項目にも "Private" が "true" に設定されていないため、この参照は "CopyLocal" ではありません。
         プライマリ参照 "System.Windows, Version=4.0.0.0, Culture=neutral, PublicKeyToken=b03f5f7f11d50a3a" です。
             解決されたファイル パスは "C:\Program Files\dotnet\packs\Microsoft.NETCore.App.Ref\10.0.9\ref\net10.0\System.Windows.dll" です。
             検索パスの場所 "{RawFileName}" で参照が見つかりました。
             少なくとも 1 つのソース項目で "Private" が "false" に設定され、どのソース項目にも "Private" が "true" に設定されていないため、この参照は "CopyLocal" ではありません。
         プライマリ参照 "System.Xml.Linq, Version=4.0.0.0, Culture=neutral, PublicKeyToken=b77a5c561934e089" です。
             解決されたファイル パスは "C:\Program Files\dotnet\packs\Microsoft.NETCore.App.Ref\10.0.9\ref\net10.0\System.Xml.Linq.dll" です。
             検索パスの場所 "{RawFileName}" で参照が見つかりました。
             少なくとも 1 つのソース項目で "Private" が "false" に設定され、どのソース項目にも "Private" が "true" に設定されていないため、この参照は "CopyLocal" ではありません。
         プライマリ参照 "System.Xml.ReaderWriter, Version=10.0.0.0, Culture=neutral, PublicKeyToken=b03f5f7f11d50a3a" です。
             解決されたファイル パスは "C:\Program Files\dotnet\packs\Microsoft.NETCore.App.Ref\10.0.9\ref\net10.0\System.Xml.ReaderWriter.dll" です。
             検索パスの場所 "{RawFileName}" で参照が見つかりました。
             少なくとも 1 つのソース項目で "Private" が "false" に設定され、どのソース項目にも "Private" が "true" に設定されていないため、この参照は "CopyLocal" ではありません。
         プライマリ参照 "System.Xml.Serialization, Version=4.0.0.0, Culture=neutral, PublicKeyToken=b77a5c561934e089" です。
             解決されたファイル パスは "C:\Program Files\dotnet\packs\Microsoft.NETCore.App.Ref\10.0.9\ref\net10.0\System.Xml.Serialization.dll" です。
             検索パスの場所 "{RawFileName}" で参照が見つかりました。
             少なくとも 1 つのソース項目で "Private" が "false" に設定され、どのソース項目にも "Private" が "true" に設定されていないため、この参照は "CopyLocal" ではありません。
         統合されたプライマリ参照 "System.Xml.XDocument, Version=10.0.0.0, Culture=neutral, PublicKeyToken=b03f5f7f11d50a3a" です。
             AutoUnify が 'true' のため、"C:\Users\tuoza\.nuget\packages\communitytoolkit.winui.ui.controls.markdown\7.1.2\lib\net5.0-windows10.0.18362\CommunityToolkit.WinUI.UI.Controls.Markdown.dll" 内の元のバージョン "5.0.0.0" ではなくこのバージョンを使用します。
             解決されたファイル パスは "C:\Program Files\dotnet\packs\Microsoft.NETCore.App.Ref\10.0.9\ref\net10.0\System.Xml.XDocument.dll" です。
             検索パスの場所 "{RawFileName}" で参照が見つかりました。
             少なくとも 1 つのソース項目で "Private" が "false" に設定され、どのソース項目にも "Private" が "true" に設定されていないため、この参照は "CopyLocal" ではありません。
         プライマリ参照 "System.Xml.XPath.XDocument, Version=10.0.0.0, Culture=neutral, PublicKeyToken=b03f5f7f11d50a3a" です。
             解決されたファイル パスは "C:\Program Files\dotnet\packs\Microsoft.NETCore.App.Ref\10.0.9\ref\net10.0\System.Xml.XPath.XDocument.dll" です。
             検索パスの場所 "{RawFileName}" で参照が見つかりました。
             少なくとも 1 つのソース項目で "Private" が "false" に設定され、どのソース項目にも "Private" が "true" に設定されていないため、この参照は "CopyLocal" ではありません。
         プライマリ参照 "System.Xml.XPath, Version=10.0.0.0, Culture=neutral, PublicKeyToken=b03f5f7f11d50a3a" です。
             解決されたファイル パスは "C:\Program Files\dotnet\packs\Microsoft.NETCore.App.Ref\10.0.9\ref\net10.0\System.Xml.XPath.dll" です。
             検索パスの場所 "{RawFileName}" で参照が見つかりました。
             少なくとも 1 つのソース項目で "Private" が "false" に設定され、どのソース項目にも "Private" が "true" に設定されていないため、この参照は "CopyLocal" ではありません。
         プライマリ参照 "System.Xml.XmlDocument, Version=10.0.0.0, Culture=neutral, PublicKeyToken=b03f5f7f11d50a3a" です。
             解決されたファイル パスは "C:\Program Files\dotnet\packs\Microsoft.NETCore.App.Ref\10.0.9\ref\net10.0\System.Xml.XmlDocument.dll" です。
             検索パスの場所 "{RawFileName}" で参照が見つかりました。
             少なくとも 1 つのソース項目で "Private" が "false" に設定され、どのソース項目にも "Private" が "true" に設定されていないため、この参照は "CopyLocal" ではありません。
         プライマリ参照 "System.Xml.XmlSerializer, Version=10.0.0.0, Culture=neutral, PublicKeyToken=b03f5f7f11d50a3a" です。
             解決されたファイル パスは "C:\Program Files\dotnet\packs\Microsoft.NETCore.App.Ref\10.0.9\ref\net10.0\System.Xml.XmlSerializer.dll" です。
             検索パスの場所 "{RawFileName}" で参照が見つかりました。
             少なくとも 1 つのソース項目で "Private" が "false" に設定され、どのソース項目にも "Private" が "true" に設定されていないため、この参照は "CopyLocal" ではありません。
         プライマリ参照 "System.Xml, Version=4.0.0.0, Culture=neutral, PublicKeyToken=b77a5c561934e089" です。
             解決されたファイル パスは "C:\Program Files\dotnet\packs\Microsoft.NETCore.App.Ref\10.0.9\ref\net10.0\System.Xml.dll" です。
             検索パスの場所 "{RawFileName}" で参照が見つかりました。
             少なくとも 1 つのソース項目で "Private" が "false" に設定され、どのソース項目にも "Private" が "true" に設定されていないため、この参照は "CopyLocal" ではありません。
         プライマリ参照 "System, Version=4.0.0.0, Culture=neutral, PublicKeyToken=b77a5c561934e089" です。
             解決されたファイル パスは "C:\Program Files\dotnet\packs\Microsoft.NETCore.App.Ref\10.0.9\ref\net10.0\System.dll" です。
             検索パスの場所 "{RawFileName}" で参照が見つかりました。
             少なくとも 1 つのソース項目で "Private" が "false" に設定され、どのソース項目にも "Private" が "true" に設定されていないため、この参照は "CopyLocal" ではありません。
         プライマリ参照 "mscorlib, Version=4.0.0.0, Culture=neutral, PublicKeyToken=b77a5c561934e089" です。
             解決されたファイル パスは "C:\Program Files\dotnet\packs\Microsoft.NETCore.App.Ref\10.0.9\ref\net10.0\mscorlib.dll" です。
             検索パスの場所 "{RawFileName}" で参照が見つかりました。
             少なくとも 1 つのソース項目で "Private" が "false" に設定され、どのソース項目にも "Private" が "true" に設定されていないため、この参照は "CopyLocal" ではありません。
         統合されたプライマリ参照 "netstandard, Version=2.1.0.0, Culture=neutral, PublicKeyToken=cc7b13ffcd2ddd51" です。
             AutoUnify が 'true' のため、"C:\Users\tuoza\.nuget\packages\taglibsharp\2.3.0\lib\netstandard2.0\TagLibSharp.dll" 内の元のバージョン "2.0.0.0" ではなくこのバージョンを使用します。
             解決されたファイル パスは "C:\Program Files\dotnet\packs\Microsoft.NETCore.App.Ref\10.0.9\ref\net10.0\netstandard.dll" です。
             検索パスの場所 "{RawFileName}" で参照が見つかりました。
             少なくとも 1 つのソース項目で "Private" が "false" に設定され、どのソース項目にも "Private" が "true" に設定されていないため、この参照は "CopyLocal" ではありません。
         統合されたプライマリ参照 "Microsoft.Windows.SDK.NET, Version=10.0.19041.38, Culture=neutral, PublicKeyToken=31bf3856ad364e35" です。
             AutoUnify が 'true' のため、"C:\Users\tuoza\.nuget\packages\microsoft.web.webview2\1.0.4129.50\lib_manual\net8.0-windows10.0.17763.0\Microsoft.Web.WebView2.Core.Projection.dll" 内の元のバージョン "10.0.17763.38" ではなくこのバージョンを使用します。
             AutoUnify が 'true' のため、"C:\Users\tuoza\.nuget\packages\colorcode.winui\2.0.13\lib\net5.0-windows10.0.18362\ColorCode.WinUI.dll" 内の元のバージョン "10.0.18362.21" ではなくこのバージョンを使用します。
             AutoUnify が 'true' のため、"C:\Users\tuoza\.nuget\packages\communitytoolkit.winui\7.1.2\lib\net5.0-windows10.0.18362\CommunityToolkit.WinUI.dll" 内の元のバージョン "10.0.18362.21" ではなくこのバージョンを使用します。
             AutoUnify が 'true' のため、"C:\Users\tuoza\.nuget\packages\communitytoolkit.winui.ui\7.1.2\lib\net5.0-windows10.0.18362\CommunityToolkit.WinUI.UI.dll" 内の元のバージョン "10.0.18362.21" ではなくこのバージョンを使用します。
             AutoUnify が 'true' のため、"C:\Users\tuoza\.nuget\packages\communitytoolkit.winui.ui.controls.core\7.1.2\lib\net5.0-windows10.0.18362\CommunityToolkit.WinUI.UI.Controls.Core.dll" 内の元のバージョン "10.0.18362.21" ではなくこのバージョンを使用します。
             AutoUnify が 'true' のため、"C:\Users\tuoza\.nuget\packages\communitytoolkit.winui.ui.controls.datagrid\7.1.2\lib\net5.0-windows10.0.18362\CommunityToolkit.WinUI.UI.Controls.DataGrid.dll" 内の元のバージョン "10.0.18362.21" ではなくこのバージョンを使用します。
             AutoUnify が 'true' のため、"C:\Users\tuoza\.nuget\packages\communitytoolkit.winui.ui.controls.input\7.1.2\lib\net5.0-windows10.0.18362\CommunityToolkit.WinUI.UI.Controls.Input.dll" 内の元のバージョン "10.0.18362.21" ではなくこのバージョンを使用します。
             AutoUnify が 'true' のため、"C:\Users\tuoza\.nuget\packages\communitytoolkit.winui.ui.controls.layout\7.1.2\lib\net5.0-windows10.0.18362\CommunityToolkit.WinUI.UI.Controls.Layout.dll" 内の元のバージョン "10.0.18362.21" ではなくこのバージョンを使用します。
             AutoUnify が 'true' のため、"C:\Users\tuoza\.nuget\packages\communitytoolkit.winui.ui.controls.markdown\7.1.2\lib\net5.0-windows10.0.18362\CommunityToolkit.WinUI.UI.Controls.Markdown.dll" 内の元のバージョン "10.0.18362.21" ではなくこのバージョンを使用します。
             AutoUnify が 'true' のため、"C:\Users\tuoza\.nuget\packages\communitytoolkit.winui.ui.controls.media\7.1.2\lib\net5.0-windows10.0.18362\CommunityToolkit.WinUI.UI.Controls.Media.dll" 内の元のバージョン "10.0.18362.21" ではなくこのバージョンを使用します。
             AutoUnify が 'true' のため、"C:\Users\tuoza\.nuget\packages\communitytoolkit.winui.ui.controls.primitives\7.1.2\lib\net5.0-windows10.0.18362\CommunityToolkit.WinUI.UI.Controls.Primitives.dll" 内の元のバージョン "10.0.18362.21" ではなくこのバージョンを使用します。
             AutoUnify が 'true' のため、"C:\Users\tuoza\.nuget\packages\microsoft.graphics.win2d\1.0.0.30\lib\net5.0-windows10.0.18362.0\Microsoft.Graphics.Canvas.Interop.dll" 内の元のバージョン "10.0.18362.18" ではなくこのバージョンを使用します。
             AutoUnify が 'true' のため、"C:\Users\tuoza\.nuget\packages\microsoft.windowsappsdk.ai\1.8.79\lib\net6.0-windows10.0.17763.0\Microsoft.Graphics.Imaging.Projection.dll" 内の元のバージョン "10.0.17763.38" ではなくこのバージョンを使用します。
             AutoUnify が 'true' のため、"C:\Users\tuoza\.nuget\packages\microsoft.windowsappsdk.ai\1.8.79\lib\net6.0-windows10.0.17763.0\Microsoft.Windows.AI.ContentSafety.Projection.dll" 内の元のバージョン "10.0.17763.38" ではなくこのバージョンを使用します。
             AutoUnify が 'true' のため、"C:\Users\tuoza\.nuget\packages\microsoft.windowsappsdk.ai\1.8.79\lib\net6.0-windows10.0.17763.0\Microsoft.Windows.AI.Foundation.Projection.dll" 内の元のバージョン "10.0.17763.38" ではなくこのバージョンを使用します。
             AutoUnify が 'true' のため、"C:\Users\tuoza\.nuget\packages\microsoft.windowsappsdk.ai\1.8.79\lib\net6.0-windows10.0.17763.0\Microsoft.Windows.AI.Imaging.Projection.dll" 内の元のバージョン "10.0.17763.38" ではなくこのバージョンを使用します。
             AutoUnify が 'true' のため、"C:\Users\tuoza\.nuget\packages\microsoft.windowsappsdk.ai\1.8.79\lib\net6.0-windows10.0.17763.0\Microsoft.Windows.AI.Projection.dll" 内の元のバージョン "10.0.17763.38" ではなくこのバージョンを使用します。
             AutoUnify が 'true' のため、"C:\Users\tuoza\.nuget\packages\microsoft.windowsappsdk.ai\1.8.79\lib\net6.0-windows10.0.17763.0\Microsoft.Windows.AI.Text.Projection.dll" 内の元のバージョン "10.0.17763.38" ではなくこのバージョンを使用します。
             AutoUnify が 'true' のため、"C:\Users\tuoza\.nuget\packages\microsoft.windowsappsdk.foundation\1.8.260803002\lib\net6.0-windows10.0.17763.0\Microsoft.Security.Authentication.OAuth.Projection.dll" 内の元のバージョン "10.0.17763.38" ではなくこのバージョンを使用します。
             AutoUnify が 'true' のため、"C:\Users\tuoza\.nuget\packages\microsoft.windowsappsdk.foundation\1.8.260803002\lib\net6.0-windows10.0.17763.0\Microsoft.Windows.AppLifecycle.Projection.dll" 内の元のバージョン "10.0.17763.38" ではなくこのバージョンを使用します。
             AutoUnify が 'true' のため、"C:\Users\tuoza\.nuget\packages\microsoft.windowsappsdk.foundation\1.8.260803002\lib\net6.0-windows10.0.17763.0\Microsoft.Windows.AppNotifications.Builder.Projection.dll" 内の元のバージョン "10.0.17763.38" ではなくこのバージョンを使用します。
             AutoUnify が 'true' のため、"C:\Users\tuoza\.nuget\packages\microsoft.windowsappsdk.foundation\1.8.260803002\lib\net6.0-windows10.0.17763.0\Microsoft.Windows.AppNotifications.Projection.dll" 内の元のバージョン "10.0.17763.38" ではなくこのバージョンを使用します。
             AutoUnify が 'true' のため、"C:\Users\tuoza\.nuget\packages\microsoft.windowsappsdk.foundation\1.8.260803002\lib\net6.0-windows10.0.17763.0\Microsoft.Windows.ApplicationModel.Background.Projection.dll" 内の元のバージョン "10.0.17763.38" ではなくこのバージョンを使用します。
             AutoUnify が 'true' のため、"C:\Users\tuoza\.nuget\packages\microsoft.windowsappsdk.foundation\1.8.260803002\lib\net6.0-windows10.0.17763.0\Microsoft.Windows.ApplicationModel.DynamicDependency.Projection.dll" 内の元のバージョン "10.0.17763.38" ではなくこのバージョンを使用します。
             AutoUnify が 'true' のため、"C:\Users\tuoza\.nuget\packages\microsoft.windowsappsdk.foundation\1.8.260803002\lib\net6.0-windows10.0.17763.0\Microsoft.Windows.ApplicationModel.Resources.Projection.dll" 内の元のバージョン "10.0.17763.38" ではなくこのバージョンを使用します。
             AutoUnify が 'true' のため、"C:\Users\tuoza\.nuget\packages\microsoft.windowsappsdk.foundation\1.8.260803002\lib\net6.0-windows10.0.17763.0\Microsoft.Windows.ApplicationModel.WindowsAppRuntime.Projection.dll" 内の元のバージョン "10.0.17763.38" ではなくこのバージョンを使用します。
             AutoUnify が 'true' のため、"C:\Users\tuoza\.nuget\packages\microsoft.windowsappsdk.foundation\1.8.260803002\lib\net6.0-windows10.0.17763.0\Microsoft.Windows.BadgeNotifications.Projection.dll" 内の元のバージョン "10.0.17763.38" ではなくこのバージョンを使用します。
             AutoUnify が 'true' のため、"C:\Users\tuoza\.nuget\packages\microsoft.windowsappsdk.foundation\1.8.260803002\lib\net6.0-windows10.0.17763.0\Microsoft.Windows.Foundation.Projection.dll" 内の元のバージョン "10.0.17763.38" ではなくこのバージョンを使用します。
             AutoUnify が 'true' のため、"C:\Users\tuoza\.nuget\packages\microsoft.windowsappsdk.foundation\1.8.260803002\lib\net6.0-windows10.0.17763.0\Microsoft.Windows.Management.Deployment.Projection.dll" 内の元のバージョン "10.0.17763.38" ではなくこのバージョンを使用します。
             AutoUnify が 'true' のため、"C:\Users\tuoza\.nuget\packages\microsoft.windowsappsdk.foundation\1.8.260803002\lib\net6.0-windows10.0.17763.0\Microsoft.Windows.Media.Capture.Projection.dll" 内の元のバージョン "10.0.17763.38" ではなくこのバージョンを使用します。
             AutoUnify が 'true' のため、"C:\Users\tuoza\.nuget\packages\microsoft.windowsappsdk.foundation\1.8.260803002\lib\net6.0-windows10.0.17763.0\Microsoft.Windows.PushNotifications.Projection.dll" 内の元のバージョン "10.0.17763.38" ではなくこのバージョンを使用します。
             AutoUnify が 'true' のため、"C:\Users\tuoza\.nuget\packages\microsoft.windowsappsdk.foundation\1.8.260803002\lib\net6.0-windows10.0.17763.0\Microsoft.Windows.Security.AccessControl.Projection.dll" 内の元のバージョン "10.0.17763.38" ではなくこのバージョンを使用します。
             AutoUnify が 'true' のため、"C:\Users\tuoza\.nuget\packages\microsoft.windowsappsdk.foundation\1.8.260803002\lib\net6.0-windows10.0.17763.0\Microsoft.Windows.Storage.Pickers.Projection.dll" 内の元のバージョン "10.0.17763.38" ではなくこのバージョンを使用します。
             AutoUnify が 'true' のため、"C:\Users\tuoza\.nuget\packages\microsoft.windowsappsdk.foundation\1.8.260803002\lib\net6.0-windows10.0.17763.0\Microsoft.Windows.Storage.Projection.dll" 内の元のバージョン "10.0.17763.38" ではなくこのバージョンを使用します。
             AutoUnify が 'true' のため、"C:\Users\tuoza\.nuget\packages\microsoft.windowsappsdk.foundation\1.8.260803002\lib\net6.0-windows10.0.17763.0\Microsoft.Windows.System.Power.Projection.dll" 内の元のバージョン "10.0.17763.38" ではなくこのバージョンを使用します。
             AutoUnify が 'true' のため、"C:\Users\tuoza\.nuget\packages\microsoft.windowsappsdk.foundation\1.8.260803002\lib\net6.0-windows10.0.17763.0\Microsoft.Windows.System.Projection.dll" 内の元のバージョン "10.0.17763.38" ではなくこのバージョンを使用します。
             AutoUnify が 'true' のため、"C:\Users\tuoza\.nuget\packages\microsoft.windowsappsdk.interactiveexperiences\1.8.260708001\lib\net6.0-windows10.0.18362.0\Microsoft.InteractiveExperiences.Projection.dll" 内の元のバージョン "10.0.18362.38" ではなくこのバージョンを使用します。
             AutoUnify が 'true' のため、"C:\Users\tuoza\.nuget\packages\microsoft.windowsappsdk.ml\1.8.2197\lib\net8.0-windows10.0.17763.0\Microsoft.Windows.AI.MachineLearning.Projection.dll" 内の元のバージョン "10.0.17763.38" ではなくこのバージョンを使用します。
             AutoUnify が 'true' のため、"C:\Users\tuoza\.nuget\packages\microsoft.windowsappsdk.widgets\1.8.251231004\lib\net6.0-windows10.0.17763.0\Microsoft.Windows.Widgets.Projection.dll" 内の元のバージョン "10.0.17763.38" ではなくこのバージョンを使用します。
             AutoUnify が 'true' のため、"C:\Users\tuoza\.nuget\packages\microsoft.windowsappsdk.winui\1.8.260803003\lib\net6.0-windows10.0.17763.0\Microsoft.WinUI.dll" 内の元のバージョン "10.0.17763.38" ではなくこのバージョンを使用します。
             解決されたファイル パスは "C:\Users\tuoza\.nuget\packages\microsoft.windows.sdk.net.ref\10.0.19041.57\lib\net8.0\Microsoft.Windows.SDK.NET.dll" です。
             検索パスの場所 "{RawFileName}" で参照が見つかりました。
             少なくとも 1 つのソース項目で "Private" が "false" に設定され、どのソース項目にも "Private" が "true" に設定されていないため、この参照は "CopyLocal" ではありません。
         統合されたプライマリ参照 "WinRT.Runtime, Version=2.2.0.0, Culture=neutral, PublicKeyToken=99ea127f02d97709" です。
             AutoUnify が 'true' のため、"C:\Users\tuoza\.nuget\packages\microsoft.web.webview2\1.0.4129.50\lib_manual\net8.0-windows10.0.17763.0\Microsoft.Web.WebView2.Core.Projection.dll" 内の元のバージョン "2.1.0.0" ではなくこのバージョンを使用します。
             AutoUnify が 'true' のため、"C:\Users\tuoza\.nuget\packages\communitytoolkit.winui\7.1.2\lib\net5.0-windows10.0.18362\CommunityToolkit.WinUI.dll" 内の元のバージョン "1.3.0.0" ではなくこのバージョンを使用します。
             AutoUnify が 'true' のため、"C:\Users\tuoza\.nuget\packages\communitytoolkit.winui.ui\7.1.2\lib\net5.0-windows10.0.18362\CommunityToolkit.WinUI.UI.dll" 内の元のバージョン "1.3.0.0" ではなくこのバージョンを使用します。
             AutoUnify が 'true' のため、"C:\Users\tuoza\.nuget\packages\communitytoolkit.winui.ui.controls.core\7.1.2\lib\net5.0-windows10.0.18362\CommunityToolkit.WinUI.UI.Controls.Core.dll" 内の元のバージョン "1.3.0.0" ではなくこのバージョンを使用します。
             AutoUnify が 'true' のため、"C:\Users\tuoza\.nuget\packages\communitytoolkit.winui.ui.controls.datagrid\7.1.2\lib\net5.0-windows10.0.18362\CommunityToolkit.WinUI.UI.Controls.DataGrid.dll" 内の元のバージョン "1.3.0.0" ではなくこのバージョンを使用します。
             AutoUnify が 'true' のため、"C:\Users\tuoza\.nuget\packages\communitytoolkit.winui.ui.controls.input\7.1.2\lib\net5.0-windows10.0.18362\CommunityToolkit.WinUI.UI.Controls.Input.dll" 内の元のバージョン "1.3.0.0" ではなくこのバージョンを使用します。
             AutoUnify が 'true' のため、"C:\Users\tuoza\.nuget\packages\communitytoolkit.winui.ui.controls.layout\7.1.2\lib\net5.0-windows10.0.18362\CommunityToolkit.WinUI.UI.Controls.Layout.dll" 内の元のバージョン "1.3.0.0" ではなくこのバージョンを使用します。
             AutoUnify が 'true' のため、"C:\Users\tuoza\.nuget\packages\communitytoolkit.winui.ui.controls.markdown\7.1.2\lib\net5.0-windows10.0.18362\CommunityToolkit.WinUI.UI.Controls.Markdown.dll" 内の元のバージョン "1.3.0.0" ではなくこのバージョンを使用します。
             AutoUnify が 'true' のため、"C:\Users\tuoza\.nuget\packages\communitytoolkit.winui.ui.controls.media\7.1.2\lib\net5.0-windows10.0.18362\CommunityToolkit.WinUI.UI.Controls.Media.dll" 内の元のバージョン "1.3.0.0" ではなくこのバージョンを使用します。
             AutoUnify が 'true' のため、"C:\Users\tuoza\.nuget\packages\communitytoolkit.winui.ui.controls.primitives\7.1.2\lib\net5.0-windows10.0.18362\CommunityToolkit.WinUI.UI.Controls.Primitives.dll" 内の元のバージョン "1.3.0.0" ではなくこのバージョンを使用します。
             AutoUnify が 'true' のため、"C:\Users\tuoza\.nuget\packages\microsoft.graphics.win2d\1.0.0.30\lib\net5.0-windows10.0.18362.0\Microsoft.Graphics.Canvas.Interop.dll" 内の元のバージョン "1.3.0.0" ではなくこのバージョンを使用します。
             AutoUnify が 'true' のため、"C:\Users\tuoza\.nuget\packages\microsoft.windowsappsdk.ai\1.8.79\lib\net6.0-windows10.0.17763.0\Microsoft.Graphics.Imaging.Projection.dll" 内の元のバージョン "2.1.0.0" ではなくこのバージョンを使用します。
             AutoUnify が 'true' のため、"C:\Users\tuoza\.nuget\packages\microsoft.windowsappsdk.ai\1.8.79\lib\net6.0-windows10.0.17763.0\Microsoft.Windows.AI.ContentSafety.Projection.dll" 内の元のバージョン "2.1.0.0" ではなくこのバージョンを使用します。
             AutoUnify が 'true' のため、"C:\Users\tuoza\.nuget\packages\microsoft.windowsappsdk.ai\1.8.79\lib\net6.0-windows10.0.17763.0\Microsoft.Windows.AI.Foundation.Projection.dll" 内の元のバージョン "2.1.0.0" ではなくこのバージョンを使用します。
             AutoUnify が 'true' のため、"C:\Users\tuoza\.nuget\packages\microsoft.windowsappsdk.ai\1.8.79\lib\net6.0-windows10.0.17763.0\Microsoft.Windows.AI.Imaging.Projection.dll" 内の元のバージョン "2.1.0.0" ではなくこのバージョンを使用します。
             AutoUnify が 'true' のため、"C:\Users\tuoza\.nuget\packages\microsoft.windowsappsdk.ai\1.8.79\lib\net6.0-windows10.0.17763.0\Microsoft.Windows.AI.Projection.dll" 内の元のバージョン "2.1.0.0" ではなくこのバージョンを使用します。
             AutoUnify が 'true' のため、"C:\Users\tuoza\.nuget\packages\microsoft.windowsappsdk.ai\1.8.79\lib\net6.0-windows10.0.17763.0\Microsoft.Windows.AI.Text.Projection.dll" 内の元のバージョン "2.1.0.0" ではなくこのバージョンを使用します。
             AutoUnify が 'true' のため、"C:\Users\tuoza\.nuget\packages\microsoft.windowsappsdk.foundation\1.8.260803002\lib\net6.0-windows10.0.17763.0\Microsoft.Security.Authentication.OAuth.Projection.dll" 内の元のバージョン "2.1.0.0" ではなくこのバージョンを使用します。
             AutoUnify が 'true' のため、"C:\Users\tuoza\.nuget\packages\microsoft.windowsappsdk.foundation\1.8.260803002\lib\net6.0-windows10.0.17763.0\Microsoft.Windows.AppLifecycle.Projection.dll" 内の元のバージョン "2.1.0.0" ではなくこのバージョンを使用します。
             AutoUnify が 'true' のため、"C:\Users\tuoza\.nuget\packages\microsoft.windowsappsdk.foundation\1.8.260803002\lib\net6.0-windows10.0.17763.0\Microsoft.Windows.AppNotifications.Builder.Projection.dll" 内の元のバージョン "2.1.0.0" ではなくこのバージョンを使用します。
             AutoUnify が 'true' のため、"C:\Users\tuoza\.nuget\packages\microsoft.windowsappsdk.foundation\1.8.260803002\lib\net6.0-windows10.0.17763.0\Microsoft.Windows.AppNotifications.Projection.dll" 内の元のバージョン "2.1.0.0" ではなくこのバージョンを使用します。
             AutoUnify が 'true' のため、"C:\Users\tuoza\.nuget\packages\microsoft.windowsappsdk.foundation\1.8.260803002\lib\net6.0-windows10.0.17763.0\Microsoft.Windows.ApplicationModel.Background.Projection.dll" 内の元のバージョン "2.1.0.0" ではなくこのバージョンを使用します。
             AutoUnify が 'true' のため、"C:\Users\tuoza\.nuget\packages\microsoft.windowsappsdk.foundation\1.8.260803002\lib\net6.0-windows10.0.17763.0\Microsoft.Windows.ApplicationModel.DynamicDependency.Projection.dll" 内の元のバージョン "2.1.0.0" ではなくこのバージョンを使用します。
             AutoUnify が 'true' のため、"C:\Users\tuoza\.nuget\packages\microsoft.windowsappsdk.foundation\1.8.260803002\lib\net6.0-windows10.0.17763.0\Microsoft.Windows.ApplicationModel.Resources.Projection.dll" 内の元のバージョン "2.1.0.0" ではなくこのバージョンを使用します。
             AutoUnify が 'true' のため、"C:\Users\tuoza\.nuget\packages\microsoft.windowsappsdk.foundation\1.8.260803002\lib\net6.0-windows10.0.17763.0\Microsoft.Windows.ApplicationModel.WindowsAppRuntime.Projection.dll" 内の元のバージョン "2.1.0.0" ではなくこのバージョンを使用します。
             AutoUnify が 'true' のため、"C:\Users\tuoza\.nuget\packages\microsoft.windowsappsdk.foundation\1.8.260803002\lib\net6.0-windows10.0.17763.0\Microsoft.Windows.BadgeNotifications.Projection.dll" 内の元のバージョン "2.1.0.0" ではなくこのバージョンを使用します。
             AutoUnify が 'true' のため、"C:\Users\tuoza\.nuget\packages\microsoft.windowsappsdk.foundation\1.8.260803002\lib\net6.0-windows10.0.17763.0\Microsoft.Windows.Foundation.Projection.dll" 内の元のバージョン "2.1.0.0" ではなくこのバージョンを使用します。
             AutoUnify が 'true' のため、"C:\Users\tuoza\.nuget\packages\microsoft.windowsappsdk.foundation\1.8.260803002\lib\net6.0-windows10.0.17763.0\Microsoft.Windows.Management.Deployment.Projection.dll" 内の元のバージョン "2.1.0.0" ではなくこのバージョンを使用します。
             AutoUnify が 'true' のため、"C:\Users\tuoza\.nuget\packages\microsoft.windowsappsdk.foundation\1.8.260803002\lib\net6.0-windows10.0.17763.0\Microsoft.Windows.Media.Capture.Projection.dll" 内の元のバージョン "2.1.0.0" ではなくこのバージョンを使用します。
             AutoUnify が 'true' のため、"C:\Users\tuoza\.nuget\packages\microsoft.windowsappsdk.foundation\1.8.260803002\lib\net6.0-windows10.0.17763.0\Microsoft.Windows.PushNotifications.Projection.dll" 内の元のバージョン "2.1.0.0" ではなくこのバージョンを使用します。
             AutoUnify が 'true' のため、"C:\Users\tuoza\.nuget\packages\microsoft.windowsappsdk.foundation\1.8.260803002\lib\net6.0-windows10.0.17763.0\Microsoft.Windows.Security.AccessControl.Projection.dll" 内の元のバージョン "2.1.0.0" ではなくこのバージョンを使用します。
             AutoUnify が 'true' のため、"C:\Users\tuoza\.nuget\packages\microsoft.windowsappsdk.foundation\1.8.260803002\lib\net6.0-windows10.0.17763.0\Microsoft.Windows.Storage.Pickers.Projection.dll" 内の元のバージョン "2.1.0.0" ではなくこのバージョンを使用します。
             AutoUnify が 'true' のため、"C:\Users\tuoza\.nuget\packages\microsoft.windowsappsdk.foundation\1.8.260803002\lib\net6.0-windows10.0.17763.0\Microsoft.Windows.Storage.Projection.dll" 内の元のバージョン "2.1.0.0" ではなくこのバージョンを使用します。
             AutoUnify が 'true' のため、"C:\Users\tuoza\.nuget\packages\microsoft.windowsappsdk.foundation\1.8.260803002\lib\net6.0-windows10.0.17763.0\Microsoft.Windows.System.Power.Projection.dll" 内の元のバージョン "2.1.0.0" ではなくこのバージョンを使用します。
             AutoUnify が 'true' のため、"C:\Users\tuoza\.nuget\packages\microsoft.windowsappsdk.foundation\1.8.260803002\lib\net6.0-windows10.0.17763.0\Microsoft.Windows.System.Projection.dll" 内の元のバージョン "2.1.0.0" ではなくこのバージョンを使用します。
             AutoUnify が 'true' のため、"C:\Users\tuoza\.nuget\packages\microsoft.windowsappsdk.interactiveexperiences\1.8.260708001\lib\net6.0-windows10.0.18362.0\Microsoft.InteractiveExperiences.Projection.dll" 内の元のバージョン "2.1.0.0" ではなくこのバージョンを使用します。
             AutoUnify が 'true' のため、"C:\Users\tuoza\.nuget\packages\microsoft.windowsappsdk.ml\1.8.2197\lib\net8.0-windows10.0.17763.0\Microsoft.Windows.AI.MachineLearning.Projection.dll" 内の元のバージョン "2.1.0.0" ではなくこのバージョンを使用します。
             AutoUnify が 'true' のため、"C:\Users\tuoza\.nuget\packages\microsoft.windowsappsdk.widgets\1.8.251231004\lib\net6.0-windows10.0.17763.0\Microsoft.Windows.Widgets.Projection.dll" 内の元のバージョン "2.1.0.0" ではなくこのバージョンを使用します。
             AutoUnify が 'true' のため、"C:\Users\tuoza\.nuget\packages\microsoft.windowsappsdk.winui\1.8.260803003\lib\net6.0-windows10.0.17763.0\Microsoft.WinUI.dll" 内の元のバージョン "2.1.0.0" ではなくこのバージョンを使用します。
             解決されたファイル パスは "C:\Users\tuoza\.nuget\packages\microsoft.windows.sdk.net.ref\10.0.19041.57\lib\net8.0\WinRT.Runtime.dll" です。
             検索パスの場所 "{RawFileName}" で参照が見つかりました。
             少なくとも 1 つのソース項目で "Private" が "false" に設定され、どのソース項目にも "Private" が "true" に設定されていないため、この参照は "CopyLocal" ではありません。
         プライマリ参照 "Accessibility, Version=4.0.0.0, Culture=neutral, PublicKeyToken=31bf3856ad364e35" です。
             解決されたファイル パスは "C:\Program Files\dotnet\packs\Microsoft.WindowsDesktop.App.Ref\10.0.9\ref\net10.0\Accessibility.dll" です。
             検索パスの場所 "{RawFileName}" で参照が見つかりました。
             少なくとも 1 つのソース項目で "Private" が "false" に設定され、どのソース項目にも "Private" が "true" に設定されていないため、この参照は "CopyLocal" ではありません。
         プライマリ参照 "Microsoft.VisualBasic.Forms, Version=10.0.0.0, Culture=neutral, PublicKeyToken=b03f5f7f11d50a3a" です。
             解決されたファイル パスは "C:\Program Files\dotnet\packs\Microsoft.WindowsDesktop.App.Ref\10.0.9\ref\net10.0\Microsoft.VisualBasic.Forms.dll" です。
             検索パスの場所 "{RawFileName}" で参照が見つかりました。
             少なくとも 1 つのソース項目で "Private" が "false" に設定され、どのソース項目にも "Private" が "true" に設定されていないため、この参照は "CopyLocal" ではありません。
         プライマリ参照 "Microsoft.VisualBasic, Version=10.1.0.0, Culture=neutral, PublicKeyToken=b03f5f7f11d50a3a" です。
             解決されたファイル パスは "C:\Program Files\dotnet\packs\Microsoft.WindowsDesktop.App.Ref\10.0.9\ref\net10.0\Microsoft.VisualBasic.dll" です。
             検索パスの場所 "{RawFileName}" で参照が見つかりました。
             少なくとも 1 つのソース項目で "Private" が "false" に設定され、どのソース項目にも "Private" が "true" に設定されていないため、この参照は "CopyLocal" ではありません。
         プライマリ参照 "Microsoft.Win32.Registry.AccessControl, Version=10.0.0.0, Culture=neutral, PublicKeyToken=b03f5f7f11d50a3a" です。
             解決されたファイル パスは "C:\Program Files\dotnet\packs\Microsoft.WindowsDesktop.App.Ref\10.0.9\ref\net10.0\Microsoft.Win32.Registry.AccessControl.dll" です。
             検索パスの場所 "{RawFileName}" で参照が見つかりました。
             少なくとも 1 つのソース項目で "Private" が "false" に設定され、どのソース項目にも "Private" が "true" に設定されていないため、この参照は "CopyLocal" ではありません。
         プライマリ参照 "Microsoft.Win32.SystemEvents, Version=10.0.0.0, Culture=neutral, PublicKeyToken=cc7b13ffcd2ddd51" です。
             解決されたファイル パスは "C:\Program Files\dotnet\packs\Microsoft.WindowsDesktop.App.Ref\10.0.9\ref\net10.0\Microsoft.Win32.SystemEvents.dll" です。
             検索パスの場所 "{RawFileName}" で参照が見つかりました。
             少なくとも 1 つのソース項目で "Private" が "false" に設定され、どのソース項目にも "Private" が "true" に設定されていないため、この参照は "CopyLocal" ではありません。
         プライマリ参照 "System.CodeDom, Version=10.0.0.0, Culture=neutral, PublicKeyToken=cc7b13ffcd2ddd51" です。
             解決されたファイル パスは "C:\Program Files\dotnet\packs\Microsoft.WindowsDesktop.App.Ref\10.0.9\ref\net10.0\System.CodeDom.dll" です。
             検索パスの場所 "{RawFileName}" で参照が見つかりました。
             少なくとも 1 つのソース項目で "Private" が "false" に設定され、どのソース項目にも "Private" が "true" に設定されていないため、この参照は "CopyLocal" ではありません。
         プライマリ参照 "System.Configuration.ConfigurationManager, Version=10.0.0.0, Culture=neutral, PublicKeyToken=cc7b13ffcd2ddd51" です。
             解決されたファイル パスは "C:\Program Files\dotnet\packs\Microsoft.WindowsDesktop.App.Ref\10.0.9\ref\net10.0\System.Configuration.ConfigurationManager.dll" です。
             検索パスの場所 "{RawFileName}" で参照が見つかりました。
             少なくとも 1 つのソース項目で "Private" が "false" に設定され、どのソース項目にも "Private" が "true" に設定されていないため、この参照は "CopyLocal" ではありません。
         プライマリ参照 "System.Design, Version=10.0.0.0, Culture=neutral, PublicKeyToken=b03f5f7f11d50a3a" です。
             解決されたファイル パスは "C:\Program Files\dotnet\packs\Microsoft.WindowsDesktop.App.Ref\10.0.9\ref\net10.0\System.Design.dll" です。
             検索パスの場所 "{RawFileName}" で参照が見つかりました。
             少なくとも 1 つのソース項目で "Private" が "false" に設定され、どのソース項目にも "Private" が "true" に設定されていないため、この参照は "CopyLocal" ではありません。
         プライマリ参照 "System.Diagnostics.EventLog, Version=10.0.0.0, Culture=neutral, PublicKeyToken=cc7b13ffcd2ddd51" です。
             解決されたファイル パスは "C:\Program Files\dotnet\packs\Microsoft.WindowsDesktop.App.Ref\10.0.9\ref\net10.0\System.Diagnostics.EventLog.dll" です。
             検索パスの場所 "{RawFileName}" で参照が見つかりました。
             少なくとも 1 つのソース項目で "Private" が "false" に設定され、どのソース項目にも "Private" が "true" に設定されていないため、この参照は "CopyLocal" ではありません。
         プライマリ参照 "System.Diagnostics.PerformanceCounter, Version=10.0.0.0, Culture=neutral, PublicKeyToken=cc7b13ffcd2ddd51" です。
             解決されたファイル パスは "C:\Program Files\dotnet\packs\Microsoft.WindowsDesktop.App.Ref\10.0.9\ref\net10.0\System.Diagnostics.PerformanceCounter.dll" です。
             検索パスの場所 "{RawFileName}" で参照が見つかりました。
             少なくとも 1 つのソース項目で "Private" が "false" に設定され、どのソース項目にも "Private" が "true" に設定されていないため、この参照は "CopyLocal" ではありません。
         プライマリ参照 "System.DirectoryServices, Version=10.0.0.0, Culture=neutral, PublicKeyToken=b03f5f7f11d50a3a" です。
             解決されたファイル パスは "C:\Program Files\dotnet\packs\Microsoft.WindowsDesktop.App.Ref\10.0.9\ref\net10.0\System.DirectoryServices.dll" です。
             検索パスの場所 "{RawFileName}" で参照が見つかりました。
             少なくとも 1 つのソース項目で "Private" が "false" に設定され、どのソース項目にも "Private" が "true" に設定されていないため、この参照は "CopyLocal" ではありません。
         統合されたプライマリ参照 "System.Drawing.Common, Version=10.0.0.0, Culture=neutral, PublicKeyToken=cc7b13ffcd2ddd51" です。
             AutoUnify が 'true' のため、"C:\Users\tuoza\.nuget\packages\microsoft-windowsapicodepack-shell\1.1.5\lib\net7.0-windows7.0\Microsoft.WindowsAPICodePack.Shell.dll" 内の元のバージョン "7.0.0.0" ではなくこのバージョンを使用します。
             解決されたファイル パスは "C:\Program Files\dotnet\packs\Microsoft.WindowsDesktop.App.Ref\10.0.9\ref\net10.0\System.Drawing.Common.dll" です。
             検索パスの場所 "{RawFileName}" で参照が見つかりました。
             少なくとも 1 つのソース項目で "Private" が "false" に設定され、どのソース項目にも "Private" が "true" に設定されていないため、この参照は "CopyLocal" ではありません。
         プライマリ参照 "System.Drawing.Design, Version=10.0.0.0, Culture=neutral, PublicKeyToken=b03f5f7f11d50a3a" です。
             解決されたファイル パスは "C:\Program Files\dotnet\packs\Microsoft.WindowsDesktop.App.Ref\10.0.9\ref\net10.0\System.Drawing.Design.dll" です。
             検索パスの場所 "{RawFileName}" で参照が見つかりました。
             少なくとも 1 つのソース項目で "Private" が "false" に設定され、どのソース項目にも "Private" が "true" に設定されていないため、この参照は "CopyLocal" ではありません。
         プライマリ参照 "System.Drawing, Version=10.0.0.0, Culture=neutral, PublicKeyToken=b03f5f7f11d50a3a" です。
             解決されたファイル パスは "C:\Program Files\dotnet\packs\Microsoft.WindowsDesktop.App.Ref\10.0.9\ref\net10.0\System.Drawing.dll" です。
             検索パスの場所 "{RawFileName}" で参照が見つかりました。
             少なくとも 1 つのソース項目で "Private" が "false" に設定され、どのソース項目にも "Private" が "true" に設定されていないため、この参照は "CopyLocal" ではありません。
         プライマリ参照 "System.Formats.Nrbf, Version=10.0.0.0, Culture=neutral, PublicKeyToken=cc7b13ffcd2ddd51" です。
             解決されたファイル パスは "C:\Program Files\dotnet\packs\Microsoft.WindowsDesktop.App.Ref\10.0.9\ref\net10.0\System.Formats.Nrbf.dll" です。
             検索パスの場所 "{RawFileName}" で参照が見つかりました。
             少なくとも 1 つのソース項目で "Private" が "false" に設定され、どのソース項目にも "Private" が "true" に設定されていないため、この参照は "CopyLocal" ではありません。
         プライマリ参照 "System.IO.Packaging, Version=10.0.0.0, Culture=neutral, PublicKeyToken=b03f5f7f11d50a3a" です。
             解決されたファイル パスは "C:\Program Files\dotnet\packs\Microsoft.WindowsDesktop.App.Ref\10.0.9\ref\net10.0\System.IO.Packaging.dll" です。
             検索パスの場所 "{RawFileName}" で参照が見つかりました。
             少なくとも 1 つのソース項目で "Private" が "false" に設定され、どのソース項目にも "Private" が "true" に設定されていないため、この参照は "CopyLocal" ではありません。
         プライマリ参照 "System.Private.Windows.Core, Version=10.0.0.0, Culture=neutral, PublicKeyToken=b77a5c561934e089" です。
             解決されたファイル パスは "C:\Program Files\dotnet\packs\Microsoft.WindowsDesktop.App.Ref\10.0.9\ref\net10.0\System.Private.Windows.Core.dll" です。
             検索パスの場所 "{RawFileName}" で参照が見つかりました。
             少なくとも 1 つのソース項目で "Private" が "false" に設定され、どのソース項目にも "Private" が "true" に設定されていないため、この参照は "CopyLocal" ではありません。
         プライマリ参照 "System.Private.Windows.GdiPlus, Version=10.0.0.0, Culture=neutral, PublicKeyToken=b77a5c561934e089" です。
             解決されたファイル パスは "C:\Program Files\dotnet\packs\Microsoft.WindowsDesktop.App.Ref\10.0.9\ref\net10.0\System.Private.Windows.GdiPlus.dll" です。
             検索パスの場所 "{RawFileName}" で参照が見つかりました。
             少なくとも 1 つのソース項目で "Private" が "false" に設定され、どのソース項目にも "Private" が "true" に設定されていないため、この参照は "CopyLocal" ではありません。
         プライマリ参照 "System.Resources.Extensions, Version=10.0.0.0, Culture=neutral, PublicKeyToken=cc7b13ffcd2ddd51" です。
             解決されたファイル パスは "C:\Program Files\dotnet\packs\Microsoft.WindowsDesktop.App.Ref\10.0.9\ref\net10.0\System.Resources.Extensions.dll" です。
             検索パスの場所 "{RawFileName}" で参照が見つかりました。
             少なくとも 1 つのソース項目で "Private" が "false" に設定され、どのソース項目にも "Private" が "true" に設定されていないため、この参照は "CopyLocal" ではありません。
         プライマリ参照 "System.Security.Cryptography.Pkcs, Version=10.0.0.0, Culture=neutral, PublicKeyToken=b03f5f7f11d50a3a" です。
             解決されたファイル パスは "C:\Program Files\dotnet\packs\Microsoft.WindowsDesktop.App.Ref\10.0.9\ref\net10.0\System.Security.Cryptography.Pkcs.dll" です。
             検索パスの場所 "{RawFileName}" で参照が見つかりました。
             少なくとも 1 つのソース項目で "Private" が "false" に設定され、どのソース項目にも "Private" が "true" に設定されていないため、この参照は "CopyLocal" ではありません。
         プライマリ参照 "System.Security.Cryptography.ProtectedData, Version=10.0.0.0, Culture=neutral, PublicKeyToken=b03f5f7f11d50a3a" です。
             解決されたファイル パスは "C:\Program Files\dotnet\packs\Microsoft.WindowsDesktop.App.Ref\10.0.9\ref\net10.0\System.Security.Cryptography.ProtectedData.dll" です。
             検索パスの場所 "{RawFileName}" で参照が見つかりました。
             少なくとも 1 つのソース項目で "Private" が "false" に設定され、どのソース項目にも "Private" が "true" に設定されていないため、この参照は "CopyLocal" ではありません。
         プライマリ参照 "System.Security.Cryptography.Xml, Version=10.0.0.0, Culture=neutral, PublicKeyToken=cc7b13ffcd2ddd51" です。
             解決されたファイル パスは "C:\Program Files\dotnet\packs\Microsoft.WindowsDesktop.App.Ref\10.0.9\ref\net10.0\System.Security.Cryptography.Xml.dll" です。
             検索パスの場所 "{RawFileName}" で参照が見つかりました。
             少なくとも 1 つのソース項目で "Private" が "false" に設定され、どのソース項目にも "Private" が "true" に設定されていないため、この参照は "CopyLocal" ではありません。
         統合されたプライマリ参照 "System.Security.Permissions, Version=10.0.0.0, Culture=neutral, PublicKeyToken=cc7b13ffcd2ddd51" です。
             AutoUnify が 'true' のため、"C:\Users\tuoza\.nuget\packages\microsoft-windowsapicodepack-core\1.1.5\lib\net7.0-windows7.0\Microsoft.WindowsAPICodePack.dll" 内の元のバージョン "7.0.0.0" ではなくこのバージョンを使用します。
             解決されたファイル パスは "C:\Program Files\dotnet\packs\Microsoft.WindowsDesktop.App.Ref\10.0.9\ref\net10.0\System.Security.Permissions.dll" です。
             検索パスの場所 "{RawFileName}" で参照が見つかりました。
             少なくとも 1 つのソース項目で "Private" が "false" に設定され、どのソース項目にも "Private" が "true" に設定されていないため、この参照は "CopyLocal" ではありません。
         プライマリ参照 "System.Windows.Extensions, Version=10.0.0.0, Culture=neutral, PublicKeyToken=cc7b13ffcd2ddd51" です。
             解決されたファイル パスは "C:\Program Files\dotnet\packs\Microsoft.WindowsDesktop.App.Ref\10.0.9\ref\net10.0\System.Windows.Extensions.dll" です。
             検索パスの場所 "{RawFileName}" で参照が見つかりました。
             少なくとも 1 つのソース項目で "Private" が "false" に設定され、どのソース項目にも "Private" が "true" に設定されていないため、この参照は "CopyLocal" ではありません。
         プライマリ参照 "System.Windows.Forms.Design.Editors, Version=10.0.0.0, Culture=neutral, PublicKeyToken=b03f5f7f11d50a3a" です。
             解決されたファイル パスは "C:\Program Files\dotnet\packs\Microsoft.WindowsDesktop.App.Ref\10.0.9\ref\net10.0\System.Windows.Forms.Design.Editors.dll" です。
             検索パスの場所 "{RawFileName}" で参照が見つかりました。
             少なくとも 1 つのソース項目で "Private" が "false" に設定され、どのソース項目にも "Private" が "true" に設定されていないため、この参照は "CopyLocal" ではありません。
         プライマリ参照 "System.Windows.Forms.Design, Version=10.0.0.0, Culture=neutral, PublicKeyToken=b77a5c561934e089" です。
             解決されたファイル パスは "C:\Program Files\dotnet\packs\Microsoft.WindowsDesktop.App.Ref\10.0.9\ref\net10.0\System.Windows.Forms.Design.dll" です。
             検索パスの場所 "{RawFileName}" で参照が見つかりました。
             少なくとも 1 つのソース項目で "Private" が "false" に設定され、どのソース項目にも "Private" が "true" に設定されていないため、この参照は "CopyLocal" ではありません。
         統合されたプライマリ参照 "System.Windows.Forms.Primitives, Version=10.0.0.0, Culture=neutral, PublicKeyToken=b77a5c561934e089" です。
             AutoUnify が 'true' のため、"C:\Users\tuoza\.nuget\packages\microsoft-windowsapicodepack-core\1.1.5\lib\net7.0-windows7.0\Microsoft.WindowsAPICodePack.dll" 内の元のバージョン "7.0.0.0" ではなくこのバージョンを使用します。
             AutoUnify が 'true' のため、"C:\Users\tuoza\.nuget\packages\microsoft-windowsapicodepack-shell\1.1.5\lib\net7.0-windows7.0\Microsoft.WindowsAPICodePack.Shell.dll" 内の元のバージョン "7.0.0.0" ではなくこのバージョンを使用します。
             解決されたファイル パスは "C:\Program Files\dotnet\packs\Microsoft.WindowsDesktop.App.Ref\10.0.9\ref\net10.0\System.Windows.Forms.Primitives.dll" です。
             検索パスの場所 "{RawFileName}" で参照が見つかりました。
             少なくとも 1 つのソース項目で "Private" が "false" に設定され、どのソース項目にも "Private" が "true" に設定されていないため、この参照は "CopyLocal" ではありません。
         統合されたプライマリ参照 "System.Windows.Forms, Version=10.0.0.0, Culture=neutral, PublicKeyToken=b77a5c561934e089" です。
             AutoUnify が 'true' のため、"C:\Users\tuoza\.nuget\packages\microsoft-windowsapicodepack-core\1.1.5\lib\net7.0-windows7.0\Microsoft.WindowsAPICodePack.dll" 内の元のバージョン "7.0.0.0" ではなくこのバージョンを使用します。
             AutoUnify が 'true' のため、"C:\Users\tuoza\.nuget\packages\microsoft-windowsapicodepack-shell\1.1.5\lib\net7.0-windows7.0\Microsoft.WindowsAPICodePack.Shell.dll" 内の元のバージョン "7.0.0.0" ではなくこのバージョンを使用します。
             解決されたファイル パスは "C:\Program Files\dotnet\packs\Microsoft.WindowsDesktop.App.Ref\10.0.9\ref\net10.0\System.Windows.Forms.dll" です。
             検索パスの場所 "{RawFileName}" で参照が見つかりました。
             少なくとも 1 つのソース項目で "Private" が "false" に設定され、どのソース項目にも "Private" が "true" に設定されていないため、この参照は "CopyLocal" ではありません。
         統合されたプライマリ参照 "PresentationCore, Version=10.0.0.0, Culture=neutral, PublicKeyToken=31bf3856ad364e35" です。
             AutoUnify が 'true' のため、"C:\Users\tuoza\.nuget\packages\microsoft-windowsapicodepack-shell\1.1.5\lib\net7.0-windows7.0\Microsoft.WindowsAPICodePack.Shell.dll" 内の元のバージョン "7.0.0.0" ではなくこのバージョンを使用します。
             解決されたファイル パスは "C:\Program Files\dotnet\packs\Microsoft.WindowsDesktop.App.Ref\10.0.9\ref\net10.0\PresentationCore.dll" です。
             検索パスの場所 "{RawFileName}" で参照が見つかりました。
             少なくとも 1 つのソース項目で "Private" が "false" に設定され、どのソース項目にも "Private" が "true" に設定されていないため、この参照は "CopyLocal" ではありません。
         プライマリ参照 "PresentationFramework.Aero, Version=10.0.0.0, Culture=neutral, PublicKeyToken=31bf3856ad364e35" です。
             解決されたファイル パスは "C:\Program Files\dotnet\packs\Microsoft.WindowsDesktop.App.Ref\10.0.9\ref\net10.0\PresentationFramework.Aero.dll" です。
             検索パスの場所 "{RawFileName}" で参照が見つかりました。
             少なくとも 1 つのソース項目で "Private" が "false" に設定され、どのソース項目にも "Private" が "true" に設定されていないため、この参照は "CopyLocal" ではありません。
         プライマリ参照 "PresentationFramework.Aero2, Version=10.0.0.0, Culture=neutral, PublicKeyToken=31bf3856ad364e35" です。
             解決されたファイル パスは "C:\Program Files\dotnet\packs\Microsoft.WindowsDesktop.App.Ref\10.0.9\ref\net10.0\PresentationFramework.Aero2.dll" です。
             検索パスの場所 "{RawFileName}" で参照が見つかりました。
             少なくとも 1 つのソース項目で "Private" が "false" に設定され、どのソース項目にも "Private" が "true" に設定されていないため、この参照は "CopyLocal" ではありません。
         プライマリ参照 "PresentationFramework.AeroLite, Version=10.0.0.0, Culture=neutral, PublicKeyToken=31bf3856ad364e35" です。
             解決されたファイル パスは "C:\Program Files\dotnet\packs\Microsoft.WindowsDesktop.App.Ref\10.0.9\ref\net10.0\PresentationFramework.AeroLite.dll" です。
             検索パスの場所 "{RawFileName}" で参照が見つかりました。
             少なくとも 1 つのソース項目で "Private" が "false" に設定され、どのソース項目にも "Private" が "true" に設定されていないため、この参照は "CopyLocal" ではありません。
         プライマリ参照 "PresentationFramework.Classic, Version=10.0.0.0, Culture=neutral, PublicKeyToken=31bf3856ad364e35" です。
             解決されたファイル パスは "C:\Program Files\dotnet\packs\Microsoft.WindowsDesktop.App.Ref\10.0.9\ref\net10.0\PresentationFramework.Classic.dll" です。
             検索パスの場所 "{RawFileName}" で参照が見つかりました。
             少なくとも 1 つのソース項目で "Private" が "false" に設定され、どのソース項目にも "Private" が "true" に設定されていないため、この参照は "CopyLocal" ではありません。
         プライマリ参照 "PresentationFramework.Luna, Version=10.0.0.0, Culture=neutral, PublicKeyToken=31bf3856ad364e35" です。
             解決されたファイル パスは "C:\Program Files\dotnet\packs\Microsoft.WindowsDesktop.App.Ref\10.0.9\ref\net10.0\PresentationFramework.Luna.dll" です。
             検索パスの場所 "{RawFileName}" で参照が見つかりました。
             少なくとも 1 つのソース項目で "Private" が "false" に設定され、どのソース項目にも "Private" が "true" に設定されていないため、この参照は "CopyLocal" ではありません。
         プライマリ参照 "PresentationFramework.Royale, Version=10.0.0.0, Culture=neutral, PublicKeyToken=31bf3856ad364e35" です。
             解決されたファイル パスは "C:\Program Files\dotnet\packs\Microsoft.WindowsDesktop.App.Ref\10.0.9\ref\net10.0\PresentationFramework.Royale.dll" です。
             検索パスの場所 "{RawFileName}" で参照が見つかりました。
             少なくとも 1 つのソース項目で "Private" が "false" に設定され、どのソース項目にも "Private" が "true" に設定されていないため、この参照は "CopyLocal" ではありません。
         統合されたプライマリ参照 "PresentationFramework, Version=10.0.0.0, Culture=neutral, PublicKeyToken=31bf3856ad364e35" です。
             AutoUnify が 'true' のため、"C:\Users\tuoza\.nuget\packages\microsoft-windowsapicodepack-shell\1.1.5\lib\net7.0-windows7.0\Microsoft.WindowsAPICodePack.Shell.dll" 内の元のバージョン "7.0.0.0" ではなくこのバージョンを使用します。
             解決されたファイル パスは "C:\Program Files\dotnet\packs\Microsoft.WindowsDesktop.App.Ref\10.0.9\ref\net10.0\PresentationFramework.dll" です。
             検索パスの場所 "{RawFileName}" で参照が見つかりました。
             少なくとも 1 つのソース項目で "Private" が "false" に設定され、どのソース項目にも "Private" が "true" に設定されていないため、この参照は "CopyLocal" ではありません。
         プライマリ参照 "PresentationUI, Version=10.0.0.0, Culture=neutral, PublicKeyToken=b77a5c561934e089" です。
             解決されたファイル パスは "C:\Program Files\dotnet\packs\Microsoft.WindowsDesktop.App.Ref\10.0.9\ref\net10.0\PresentationUI.dll" です。
             検索パスの場所 "{RawFileName}" で参照が見つかりました。
             少なくとも 1 つのソース項目で "Private" が "false" に設定され、どのソース項目にも "Private" が "true" に設定されていないため、この参照は "CopyLocal" ではありません。
         プライマリ参照 "ReachFramework, Version=10.0.0.0, Culture=neutral, PublicKeyToken=31bf3856ad364e35" です。
             解決されたファイル パスは "C:\Program Files\dotnet\packs\Microsoft.WindowsDesktop.App.Ref\10.0.9\ref\net10.0\ReachFramework.dll" です。
             検索パスの場所 "{RawFileName}" で参照が見つかりました。
             少なくとも 1 つのソース項目で "Private" が "false" に設定され、どのソース項目にも "Private" が "true" に設定されていないため、この参照は "CopyLocal" ではありません。
         プライマリ参照 "System.Printing, Version=10.0.0.0, Culture=neutral, PublicKeyToken=31bf3856ad364e35" です。
             解決されたファイル パスは "C:\Program Files\dotnet\packs\Microsoft.WindowsDesktop.App.Ref\10.0.9\ref\net10.0\System.Printing.dll" です。
             検索パスの場所 "{RawFileName}" で参照が見つかりました。
             少なくとも 1 つのソース項目で "Private" が "false" に設定され、どのソース項目にも "Private" が "true" に設定されていないため、この参照は "CopyLocal" ではありません。
         プライマリ参照 "System.Windows.Controls.Ribbon, Version=10.0.0.0, Culture=neutral, PublicKeyToken=b77a5c561934e089" です。
             解決されたファイル パスは "C:\Program Files\dotnet\packs\Microsoft.WindowsDesktop.App.Ref\10.0.9\ref\net10.0\System.Windows.Controls.Ribbon.dll" です。
             検索パスの場所 "{RawFileName}" で参照が見つかりました。
             少なくとも 1 つのソース項目で "Private" が "false" に設定され、どのソース項目にも "Private" が "true" に設定されていないため、この参照は "CopyLocal" ではありません。
         プライマリ参照 "System.Windows.Input.Manipulations, Version=10.0.0.0, Culture=neutral, PublicKeyToken=b77a5c561934e089" です。
             解決されたファイル パスは "C:\Program Files\dotnet\packs\Microsoft.WindowsDesktop.App.Ref\10.0.9\ref\net10.0\System.Windows.Input.Manipulations.dll" です。
             検索パスの場所 "{RawFileName}" で参照が見つかりました。
             少なくとも 1 つのソース項目で "Private" が "false" に設定され、どのソース項目にも "Private" が "true" に設定されていないため、この参照は "CopyLocal" ではありません。
         プライマリ参照 "System.Windows.Presentation, Version=10.0.0.0, Culture=neutral, PublicKeyToken=b77a5c561934e089" です。
             解決されたファイル パスは "C:\Program Files\dotnet\packs\Microsoft.WindowsDesktop.App.Ref\10.0.9\ref\net10.0\System.Windows.Presentation.dll" です。
             検索パスの場所 "{RawFileName}" で参照が見つかりました。
             少なくとも 1 つのソース項目で "Private" が "false" に設定され、どのソース項目にも "Private" が "true" に設定されていないため、この参照は "CopyLocal" ではありません。
         プライマリ参照 "System.Windows.Primitives, Version=10.0.0.0, Culture=neutral, PublicKeyToken=31bf3856ad364e35" です。
             解決されたファイル パスは "C:\Program Files\dotnet\packs\Microsoft.WindowsDesktop.App.Ref\10.0.9\ref\net10.0\System.Windows.Primitives.dll" です。
             検索パスの場所 "{RawFileName}" で参照が見つかりました。
             少なくとも 1 つのソース項目で "Private" が "false" に設定され、どのソース項目にも "Private" が "true" に設定されていないため、この参照は "CopyLocal" ではありません。
         統合されたプライマリ参照 "System.Xaml, Version=10.0.0.0, Culture=neutral, PublicKeyToken=b77a5c561934e089" です。
             AutoUnify が 'true' のため、"C:\Users\tuoza\.nuget\packages\microsoft-windowsapicodepack-shell\1.1.5\lib\net7.0-windows7.0\Microsoft.WindowsAPICodePack.Shell.dll" 内の元のバージョン "7.0.0.0" ではなくこのバージョンを使用します。
             解決されたファイル パスは "C:\Program Files\dotnet\packs\Microsoft.WindowsDesktop.App.Ref\10.0.9\ref\net10.0\System.Xaml.dll" です。
             検索パスの場所 "{RawFileName}" で参照が見つかりました。
             少なくとも 1 つのソース項目で "Private" が "false" に設定され、どのソース項目にも "Private" が "true" に設定されていないため、この参照は "CopyLocal" ではありません。
         プライマリ参照 "UIAutomationClient, Version=10.0.0.0, Culture=neutral, PublicKeyToken=31bf3856ad364e35" です。
             解決されたファイル パスは "C:\Program Files\dotnet\packs\Microsoft.WindowsDesktop.App.Ref\10.0.9\ref\net10.0\UIAutomationClient.dll" です。
             検索パスの場所 "{RawFileName}" で参照が見つかりました。
             少なくとも 1 つのソース項目で "Private" が "false" に設定され、どのソース項目にも "Private" が "true" に設定されていないため、この参照は "CopyLocal" ではありません。
         プライマリ参照 "UIAutomationClientSideProviders, Version=10.0.0.0, Culture=neutral, PublicKeyToken=b77a5c561934e089" です。
             解決されたファイル パスは "C:\Program Files\dotnet\packs\Microsoft.WindowsDesktop.App.Ref\10.0.9\ref\net10.0\UIAutomationClientSideProviders.dll" です。
             検索パスの場所 "{RawFileName}" で参照が見つかりました。
             少なくとも 1 つのソース項目で "Private" が "false" に設定され、どのソース項目にも "Private" が "true" に設定されていないため、この参照は "CopyLocal" ではありません。
         プライマリ参照 "UIAutomationProvider, Version=10.0.0.0, Culture=neutral, PublicKeyToken=31bf3856ad364e35" です。
             解決されたファイル パスは "C:\Program Files\dotnet\packs\Microsoft.WindowsDesktop.App.Ref\10.0.9\ref\net10.0\UIAutomationProvider.dll" です。
             検索パスの場所 "{RawFileName}" で参照が見つかりました。
             少なくとも 1 つのソース項目で "Private" が "false" に設定され、どのソース項目にも "Private" が "true" に設定されていないため、この参照は "CopyLocal" ではありません。
         プライマリ参照 "UIAutomationTypes, Version=10.0.0.0, Culture=neutral, PublicKeyToken=31bf3856ad364e35" です。
             解決されたファイル パスは "C:\Program Files\dotnet\packs\Microsoft.WindowsDesktop.App.Ref\10.0.9\ref\net10.0\UIAutomationTypes.dll" です。
             検索パスの場所 "{RawFileName}" で参照が見つかりました。
             少なくとも 1 つのソース項目で "Private" が "false" に設定され、どのソース項目にも "Private" が "true" に設定されていないため、この参照は "CopyLocal" ではありません。
         統合されたプライマリ参照 "WindowsBase, Version=10.0.0.0, Culture=neutral, PublicKeyToken=31bf3856ad364e35" です。
             AutoUnify が 'true' のため、"C:\Users\tuoza\.nuget\packages\microsoft-windowsapicodepack-shell\1.1.5\lib\net7.0-windows7.0\Microsoft.WindowsAPICodePack.Shell.dll" 内の元のバージョン "7.0.0.0" ではなくこのバージョンを使用します。
             解決されたファイル パスは "C:\Program Files\dotnet\packs\Microsoft.WindowsDesktop.App.Ref\10.0.9\ref\net10.0\WindowsBase.dll" です。
             検索パスの場所 "{RawFileName}" で参照が見つかりました。
             少なくとも 1 つのソース項目で "Private" が "false" に設定され、どのソース項目にも "Private" が "true" に設定されていないため、この参照は "CopyLocal" ではありません。
         統合されたプライマリ参照 "WindowsFormsIntegration, Version=10.0.0.0, Culture=neutral, PublicKeyToken=31bf3856ad364e35" です。
             AutoUnify が 'true' のため、"C:\Users\tuoza\.nuget\packages\microsoft-windowsapicodepack-shell\1.1.5\lib\net7.0-windows7.0\Microsoft.WindowsAPICodePack.Shell.dll" 内の元のバージョン "7.0.0.0" ではなくこのバージョンを使用します。
             解決されたファイル パスは "C:\Program Files\dotnet\packs\Microsoft.WindowsDesktop.App.Ref\10.0.9\ref\net10.0\WindowsFormsIntegration.dll" です。
             検索パスの場所 "{RawFileName}" で参照が見つかりました。
             少なくとも 1 つのソース項目で "Private" が "false" に設定され、どのソース項目にも "Private" が "true" に設定されていないため、この参照は "CopyLocal" ではありません。
         依存関係 "Microsoft.Windows.ApplicationModel.Resources.Projection, Version=1.0.0.0, Culture=neutral, PublicKeyToken=null" です。
             この参照を解決できませんでした。アセンブリ "Microsoft.Windows.ApplicationModel.Resources.Projection, Version=1.0.0.0, Culture=neutral, PublicKeyToken=null" が見つかりませんでした。アセンブリが間違いなくディスクに存在することを確認してください。 コードにこの参照が必要な場合、コンパイル エラーが発生する可能性があります。
                 SearchPath "C:\Users\tuoza\.nuget\packages\communitytoolkit.winui\7.1.2\lib\net5.0-windows10.0.18362" の場合 (アセンブリ "C:\Users\tuoza\.nuget\packages\communitytoolkit.winui\7.1.2\lib\net5.0-windows10.0.18362\CommunityToolkit.WinUI.dll" を参照して追加)。
                 "C:\Users\tuoza\.nuget\packages\communitytoolkit.winui\7.1.2\lib\net5.0-windows10.0.18362\Microsoft.Windows.ApplicationModel.Resources.Projection.winmd" を考慮しましたが、存在しませんでした。
                 "C:\Users\tuoza\.nuget\packages\communitytoolkit.winui\7.1.2\lib\net5.0-windows10.0.18362\Microsoft.Windows.ApplicationModel.Resources.Projection.dll" を考慮しましたが、存在しませんでした。
                 "C:\Users\tuoza\.nuget\packages\communitytoolkit.winui\7.1.2\lib\net5.0-windows10.0.18362\Microsoft.Windows.ApplicationModel.Resources.Projection.exe" を考慮しましたが、存在しませんでした。
                 SearchPath "C:\Users\tuoza\.nuget\packages\communitytoolkit.winui.ui\7.1.2\lib\net5.0-windows10.0.18362" の場合 (アセンブリ "C:\Users\tuoza\.nuget\packages\communitytoolkit.winui.ui\7.1.2\lib\net5.0-windows10.0.18362\CommunityToolkit.WinUI.UI.dll" を参照して追加)。
                 "C:\Users\tuoza\.nuget\packages\communitytoolkit.winui.ui\7.1.2\lib\net5.0-windows10.0.18362\Microsoft.Windows.ApplicationModel.Resources.Projection.winmd" を考慮しましたが、存在しませんでした。
                 "C:\Users\tuoza\.nuget\packages\communitytoolkit.winui.ui\7.1.2\lib\net5.0-windows10.0.18362\Microsoft.Windows.ApplicationModel.Resources.Projection.dll" を考慮しましたが、存在しませんでした。
                 "C:\Users\tuoza\.nuget\packages\communitytoolkit.winui.ui\7.1.2\lib\net5.0-windows10.0.18362\Microsoft.Windows.ApplicationModel.Resources.Projection.exe" を考慮しましたが、存在しませんでした。
             "C:\Users\tuoza\.nuget\packages\communitytoolkit.winui\7.1.2\lib\net5.0-windows10.0.18362\CommunityToolkit.WinUI.dll" によって必要とされます。
             "C:\Users\tuoza\.nuget\packages\communitytoolkit.winui.ui\7.1.2\lib\net5.0-windows10.0.18362\CommunityToolkit.WinUI.UI.dll" によって必要とされます。
             "C:\Users\tuoza\.nuget\packages\communitytoolkit.winui.ui.controls.core\7.1.2\lib\net5.0-windows10.0.18362\CommunityToolkit.WinUI.UI.Controls.Core.dll" によって必要とされます。
             "C:\Users\tuoza\.nuget\packages\communitytoolkit.winui.ui.controls.input\7.1.2\lib\net5.0-windows10.0.18362\CommunityToolkit.WinUI.UI.Controls.Input.dll" によって必要とされます。
             "C:\Users\tuoza\.nuget\packages\communitytoolkit.winui.ui.controls.layout\7.1.2\lib\net5.0-windows10.0.18362\CommunityToolkit.WinUI.UI.Controls.Layout.dll" によって必要とされます。
             "C:\Users\tuoza\.nuget\packages\communitytoolkit.winui.ui.controls.markdown\7.1.2\lib\net5.0-windows10.0.18362\CommunityToolkit.WinUI.UI.Controls.Markdown.dll" によって必要とされます。
             "C:\Users\tuoza\.nuget\packages\communitytoolkit.winui.ui.controls.media\7.1.2\lib\net5.0-windows10.0.18362\CommunityToolkit.WinUI.UI.Controls.Media.dll" によって必要とされます。
             "C:\Users\tuoza\.nuget\packages\communitytoolkit.winui.ui.controls.primitives\7.1.2\lib\net5.0-windows10.0.18362\CommunityToolkit.WinUI.UI.Controls.Primitives.dll" によって必要とされます。
         "Microsoft.Windows.ApplicationModel.Resources.Projection, Version=1.8.0.0, Culture=neutral, PublicKeyToken=61733769cca94f40" と "Microsoft.Windows.ApplicationModel.Resources.Projection, Version=1.0.0.0, Culture=neutral, PublicKeyToken=null" の間で競合が発生しました。
             プライマリであるため、"Microsoft.Windows.ApplicationModel.Resources.Projection, Version=1.8.0.0, Culture=neutral, PublicKeyToken=61733769cca94f40" が選択されました。"Microsoft.Windows.ApplicationModel.Resources.Projection, Version=1.0.0.0, Culture=neutral, PublicKeyToken=null" はプライマリではありませんでした。
             "Microsoft.Windows.ApplicationModel.Resources.Projection, Version=1.8.0.0, Culture=neutral, PublicKeyToken=61733769cca94f40" [C:\Users\tuoza\.nuget\packages\microsoft.windowsappsdk.foundation\1.8.260803002\lib\net6.0-windows10.0.17763.0\Microsoft.Windows.ApplicationModel.Resources.Projection.dll] に依存する参照です。
                 C:\Users\tuoza\.nuget\packages\microsoft.windowsappsdk.foundation\1.8.260803002\lib\net6.0-windows10.0.17763.0\Microsoft.Windows.ApplicationModel.Resources.Projection.dll
                   参照 "C:\Users\tuoza\.nuget\packages\microsoft.windowsappsdk.foundation\1.8.260803002\lib\net6.0-windows10.0.17763.0\Microsoft.Windows.ApplicationModel.Resources.Projection.dll" の原因となったプロジェクト ファイルの項目インクルード。
                     C:\Users\tuoza\.nuget\packages\microsoft.windowsappsdk.foundation\1.8.260803002\lib\net6.0-windows10.0.17763.0\Microsoft.Windows.ApplicationModel.Resources.Projection.dll
                     C:\Users\tuoza\.nuget\packages\microsoft.windowsappsdk.winui\1.8.260803003\lib\net6.0-windows10.0.17763.0\Microsoft.WinUI.dll
                     C:\Users\tuoza\.nuget\packages\colorcode.winui\2.0.13\lib\net5.0-windows10.0.18362\ColorCode.WinUI.dll
                     C:\Users\tuoza\.nuget\packages\communitytoolkit.winui\7.1.2\lib\net5.0-windows10.0.18362\CommunityToolkit.WinUI.dll
                     C:\Users\tuoza\.nuget\packages\communitytoolkit.winui.ui\7.1.2\lib\net5.0-windows10.0.18362\CommunityToolkit.WinUI.UI.dll
                     C:\Users\tuoza\.nuget\packages\communitytoolkit.winui.ui.controls.core\7.1.2\lib\net5.0-windows10.0.18362\CommunityToolkit.WinUI.UI.Controls.Core.dll
                     C:\Users\tuoza\.nuget\packages\communitytoolkit.winui.ui.controls.datagrid\7.1.2\lib\net5.0-windows10.0.18362\CommunityToolkit.WinUI.UI.Controls.DataGrid.dll
                     C:\Users\tuoza\.nuget\packages\communitytoolkit.winui.ui.controls.input\7.1.2\lib\net5.0-windows10.0.18362\CommunityToolkit.WinUI.UI.Controls.Input.dll
                     C:\Users\tuoza\.nuget\packages\communitytoolkit.winui.ui.controls.layout\7.1.2\lib\net5.0-windows10.0.18362\CommunityToolkit.WinUI.UI.Controls.Layout.dll
                     C:\Users\tuoza\.nuget\packages\communitytoolkit.winui.ui.controls.markdown\7.1.2\lib\net5.0-windows10.0.18362\CommunityToolkit.WinUI.UI.Controls.Markdown.dll
                     C:\Users\tuoza\.nuget\packages\communitytoolkit.winui.ui.controls.media\7.1.2\lib\net5.0-windows10.0.18362\CommunityToolkit.WinUI.UI.Controls.Media.dll
                     C:\Users\tuoza\.nuget\packages\communitytoolkit.winui.ui.controls.primitives\7.1.2\lib\net5.0-windows10.0.18362\CommunityToolkit.WinUI.UI.Controls.Primitives.dll
                     C:\Users\tuoza\.nuget\packages\microsoft.graphics.win2d\1.0.0.30\lib\net5.0-windows10.0.18362.0\Microsoft.Graphics.Canvas.Interop.dll
                 C:\Users\tuoza\.nuget\packages\microsoft.windowsappsdk.winui\1.8.260803003\lib\net6.0-windows10.0.17763.0\Microsoft.WinUI.dll
                   参照 "C:\Users\tuoza\.nuget\packages\microsoft.windowsappsdk.winui\1.8.260803003\lib\net6.0-windows10.0.17763.0\Microsoft.WinUI.dll" の原因となったプロジェクト ファイルの項目インクルード。
                     C:\Users\tuoza\.nuget\packages\microsoft.windowsappsdk.winui\1.8.260803003\lib\net6.0-windows10.0.17763.0\Microsoft.WinUI.dll
                     C:\Users\tuoza\.nuget\packages\colorcode.winui\2.0.13\lib\net5.0-windows10.0.18362\ColorCode.WinUI.dll
                     C:\Users\tuoza\.nuget\packages\communitytoolkit.winui\7.1.2\lib\net5.0-windows10.0.18362\CommunityToolkit.WinUI.dll
                     C:\Users\tuoza\.nuget\packages\communitytoolkit.winui.ui\7.1.2\lib\net5.0-windows10.0.18362\CommunityToolkit.WinUI.UI.dll
                     C:\Users\tuoza\.nuget\packages\communitytoolkit.winui.ui.controls.core\7.1.2\lib\net5.0-windows10.0.18362\CommunityToolkit.WinUI.UI.Controls.Core.dll
                     C:\Users\tuoza\.nuget\packages\communitytoolkit.winui.ui.controls.datagrid\7.1.2\lib\net5.0-windows10.0.18362\CommunityToolkit.WinUI.UI.Controls.DataGrid.dll
                     C:\Users\tuoza\.nuget\packages\communitytoolkit.winui.ui.controls.input\7.1.2\lib\net5.0-windows10.0.18362\CommunityToolkit.WinUI.UI.Controls.Input.dll
                     C:\Users\tuoza\.nuget\packages\communitytoolkit.winui.ui.controls.layout\7.1.2\lib\net5.0-windows10.0.18362\CommunityToolkit.WinUI.UI.Controls.Layout.dll
                     C:\Users\tuoza\.nuget\packages\communitytoolkit.winui.ui.controls.markdown\7.1.2\lib\net5.0-windows10.0.18362\CommunityToolkit.WinUI.UI.Controls.Markdown.dll
                     C:\Users\tuoza\.nuget\packages\communitytoolkit.winui.ui.controls.media\7.1.2\lib\net5.0-windows10.0.18362\CommunityToolkit.WinUI.UI.Controls.Media.dll
                     C:\Users\tuoza\.nuget\packages\communitytoolkit.winui.ui.controls.primitives\7.1.2\lib\net5.0-windows10.0.18362\CommunityToolkit.WinUI.UI.Controls.Primitives.dll
                     C:\Users\tuoza\.nuget\packages\microsoft.graphics.win2d\1.0.0.30\lib\net5.0-windows10.0.18362.0\Microsoft.Graphics.Canvas.Interop.dll
             "Microsoft.Windows.ApplicationModel.Resources.Projection, Version=1.0.0.0, Culture=neutral, PublicKeyToken=null" [] に依存しているか、統合されている参照。
                 C:\Users\tuoza\.nuget\packages\communitytoolkit.winui\7.1.2\lib\net5.0-windows10.0.18362\CommunityToolkit.WinUI.dll
                   参照 "C:\Users\tuoza\.nuget\packages\communitytoolkit.winui\7.1.2\lib\net5.0-windows10.0.18362\CommunityToolkit.WinUI.dll" の原因となったプロジェクト ファイルの項目インクルード。
                     C:\Users\tuoza\.nuget\packages\communitytoolkit.winui\7.1.2\lib\net5.0-windows10.0.18362\CommunityToolkit.WinUI.dll
                     C:\Users\tuoza\.nuget\packages\communitytoolkit.winui.ui\7.1.2\lib\net5.0-windows10.0.18362\CommunityToolkit.WinUI.UI.dll
                     C:\Users\tuoza\.nuget\packages\communitytoolkit.winui.ui.controls.core\7.1.2\lib\net5.0-windows10.0.18362\CommunityToolkit.WinUI.UI.Controls.Core.dll
                     C:\Users\tuoza\.nuget\packages\communitytoolkit.winui.ui.controls.input\7.1.2\lib\net5.0-windows10.0.18362\CommunityToolkit.WinUI.UI.Controls.Input.dll
                     C:\Users\tuoza\.nuget\packages\communitytoolkit.winui.ui.controls.layout\7.1.2\lib\net5.0-windows10.0.18362\CommunityToolkit.WinUI.UI.Controls.Layout.dll
                     C:\Users\tuoza\.nuget\packages\communitytoolkit.winui.ui.controls.markdown\7.1.2\lib\net5.0-windows10.0.18362\CommunityToolkit.WinUI.UI.Controls.Markdown.dll
                     C:\Users\tuoza\.nuget\packages\communitytoolkit.winui.ui.controls.media\7.1.2\lib\net5.0-windows10.0.18362\CommunityToolkit.WinUI.UI.Controls.Media.dll
                     C:\Users\tuoza\.nuget\packages\communitytoolkit.winui.ui.controls.primitives\7.1.2\lib\net5.0-windows10.0.18362\CommunityToolkit.WinUI.UI.Controls.Primitives.dll
                 C:\Users\tuoza\.nuget\packages\communitytoolkit.winui.ui\7.1.2\lib\net5.0-windows10.0.18362\CommunityToolkit.WinUI.UI.dll
                   参照 "C:\Users\tuoza\.nuget\packages\communitytoolkit.winui.ui\7.1.2\lib\net5.0-windows10.0.18362\CommunityToolkit.WinUI.UI.dll" の原因となったプロジェクト ファイルの項目インクルード。
                     C:\Users\tuoza\.nuget\packages\communitytoolkit.winui.ui\7.1.2\lib\net5.0-windows10.0.18362\CommunityToolkit.WinUI.UI.dll
                     C:\Users\tuoza\.nuget\packages\communitytoolkit.winui.ui.controls.core\7.1.2\lib\net5.0-windows10.0.18362\CommunityToolkit.WinUI.UI.Controls.Core.dll
                     C:\Users\tuoza\.nuget\packages\communitytoolkit.winui.ui.controls.input\7.1.2\lib\net5.0-windows10.0.18362\CommunityToolkit.WinUI.UI.Controls.Input.dll
                     C:\Users\tuoza\.nuget\packages\communitytoolkit.winui.ui.controls.layout\7.1.2\lib\net5.0-windows10.0.18362\CommunityToolkit.WinUI.UI.Controls.Layout.dll
                     C:\Users\tuoza\.nuget\packages\communitytoolkit.winui.ui.controls.markdown\7.1.2\lib\net5.0-windows10.0.18362\CommunityToolkit.WinUI.UI.Controls.Markdown.dll
                     C:\Users\tuoza\.nuget\packages\communitytoolkit.winui.ui.controls.media\7.1.2\lib\net5.0-windows10.0.18362\CommunityToolkit.WinUI.UI.Controls.Media.dll
                     C:\Users\tuoza\.nuget\packages\communitytoolkit.winui.ui.controls.primitives\7.1.2\lib\net5.0-windows10.0.18362\CommunityToolkit.WinUI.UI.Controls.Primitives.dll
       タスク "ResolveAssemblyReference" の実行が終了しました。
   1:7>プロジェクト "Archivio.csproj" 内のターゲット "ResolveAssemblyReferences" のビルドが終了しました。
   1:7>ファイル "C:\Program Files\dotnet\sdk\10.0.301\Sdks\Microsoft.NET.Sdk\targets\Microsoft.NET.Windows.targets" 内にある、プロジェクト "C:\Users\tuoza\source\repos\Archivio\Archivio\Archivio.csproj" からのターゲット "_ErrorOnUnresolvedWindowsSDKAssemblyConflict" (ターゲット "ResolveReferences" は依存):
   1:7>プロジェクト "Archivio.csproj" 内のターゲット "_ErrorOnUnresolvedWindowsSDKAssemblyConflict" のビルドが終了しました。
   1:7>ファイル "C:\Program Files\dotnet\sdk\10.0.301\Microsoft.Common.CurrentVersion.targets" 内にある、プロジェクト "C:\Users\tuoza\source\repos\Archivio\Archivio\Archivio.csproj" からのターゲット "AfterResolveReferences" (ターゲット "ResolveReferences" は依存):
   1:7>プロジェクト "Archivio.csproj" 内のターゲット "AfterResolveReferences" のビルドが終了しました。
       ターゲット "ResolveAssemblyReferences" を省略しました。以前に正しくビルドされていました。
   1:7>ファイル "C:\Users\tuoza\.nuget\packages\microsoft.windowsappsdk.base\1.8.251216001\buildTransitive\Microsoft.WindowsAppSDK.Base.targets" 内にある、プロジェクト "C:\Users\tuoza\source\repos\Archivio\Archivio\Archivio.csproj" からのターゲット "WindowsAppSDKVerifyCsWinRtVersions" (ターゲット "ResolveReferences" は依存):
   1:7>プロジェクト "Archivio.csproj" 内のターゲット "WindowsAppSDKVerifyCsWinRtVersions" のビルドが終了しました。
   1:7>ファイル "C:\Program Files\dotnet\sdk\10.0.301\Microsoft.Common.CurrentVersion.targets" 内にある、プロジェクト "C:\Users\tuoza\source\repos\Archivio\Archivio\Archivio.csproj" からのターゲット "ResolveReferences" (ターゲット "_BlockWinMDsOnUnsupportedTFMs" は依存):
   1:7>プロジェクト "Archivio.csproj" 内のターゲット "ResolveReferences" のビルドが終了しました。
   1:7>ファイル "C:\Program Files\dotnet\sdk\10.0.301\Sdks\Microsoft.NET.Sdk\targets\Microsoft.NET.Sdk.targets" 内にある、プロジェクト "C:\Users\tuoza\source\repos\Archivio\Archivio\Archivio.csproj" からのターゲット "_BlockWinMDsOnUnsupportedTFMs" (ターゲット "CoreBuild" は依存):
       "CheckForUnsupportedWinMDReferences" タスクをアセンブリ "C:\Program Files\dotnet\sdk\10.0.301\Sdks\Microsoft.NET.Sdk\targets\..\tools\net10.0\Microsoft.NET.Build.Tasks.dll" から使用しています。
       タスク "CheckForUnsupportedWinMDReferences"
       タスク "CheckForUnsupportedWinMDReferences" の実行が終了しました。
   1:7>プロジェクト "Archivio.csproj" 内のターゲット "_BlockWinMDsOnUnsupportedTFMs" のビルドが終了しました。
       ターゲット "ResolveReferences" を省略しました。以前に正しくビルドされていました。
       ターゲット "ResolvePackageDependenciesForBuild" を省略しました。以前に正しくビルドされていました。
       ターゲット "_HandlePackageFileConflicts" を省略しました。以前に正しくビルドされていました。
       ターゲット "AddImplicitDefineConstants" を省略しました。以前に正しくビルドされていました。
   1:7>ファイル "C:\Users\tuoza\.nuget\packages\microsoft.windowsappsdk.winui\1.8.260803003\buildTransitive\Microsoft.UI.Xaml.Markup.Compiler.interop.targets" 内にある、プロジェクト "C:\Users\tuoza\source\repos\Archivio\Archivio\Archivio.csproj" からのターゲット "GetVCInstallPath" (ターゲット "MarkupCompilePass1" は依存):
   1:7>プロジェクト "Archivio.csproj" 内のターゲット "GetVCInstallPath" のビルドが終了しました。
   1:7>ファイル "C:\Users\tuoza\.nuget\packages\microsoft.windows.sdk.buildtools.msix\1.7.20250829.1\build\Microsoft.Windows.SDK.BuildTools.MSIX.Pri.targets" 内にある、プロジェクト "C:\Users\tuoza\source\repos\Archivio\Archivio\Archivio.csproj" からのターゲット "CalculateAppxGenerateProjectPriEnabled" (ターゲット "GetPriIndexName" は依存):
   1:7>プロジェクト "Archivio.csproj" 内のターゲット "CalculateAppxGenerateProjectPriEnabled" のビルドが終了しました。
   1:7>ファイル "C:\Users\tuoza\.nuget\packages\microsoft.windowsappsdk.winui\1.8.260803003\buildTransitive\Microsoft.UI.Xaml.Markup.Compiler.interop.targets" 内にある、プロジェクト "C:\Users\tuoza\source\repos\Archivio\Archivio\Archivio.csproj" からのターゲット "GetPriIndexName" (ターゲット "MarkupCompilePass1" は依存):
   1:7>プロジェクト "Archivio.csproj" 内のターゲット "GetPriIndexName" のビルドが終了しました。
   1:7>ファイル "C:\Users\tuoza\.nuget\packages\microsoft.windows.sdk.buildtools.msix\1.7.20250829.1\build\Microsoft.Windows.SDK.BuildTools.MSIX.Common.props" 内にある、プロジェクト "C:\Users\tuoza\source\repos\Archivio\Archivio\Archivio.csproj" からのターゲット "_UpdatePriIndex" (ターゲット "MarkupCompilePass1" は依存):
       C:\Users\tuoza\.nuget\packages\microsoft.windows.sdk.buildtools.msix\1.7.20250829.1\build\Microsoft.Windows.SDK.BuildTools.MSIX.Common.props(41,7): message : プロパティの再代入: $(PriIndexName)="" (以前の値: "Archivio") C:\Users\tuoza\.nuget\packages\microsoft.windows.sdk.buildtools.msix\1.7.20250829.1\build\Microsoft.Windows.SDK.BuildTools.MSIX.Common.props (41,7) [C:\Users\tuoza\source\repos\Archivio\Archivio\Archivio.csproj]
   1:7>プロジェクト "Archivio.csproj" 内のターゲット "_UpdatePriIndex" のビルドが終了しました。
   1:7>ファイル "C:\Users\tuoza\.nuget\packages\microsoft.windowsappsdk.winui\1.8.260803003\buildTransitive\Microsoft.UI.Xaml.Markup.Compiler.interop.targets" 内にある、プロジェクト "C:\Users\tuoza\source\repos\Archivio\Archivio\Archivio.csproj" からのターゲット "GetPrecompiledHeaderFile" (ターゲット "MarkupCompilePass1" は依存):
   1:7>プロジェクト "Archivio.csproj" 内のターゲット "GetPrecompiledHeaderFile" のビルドが終了しました。
   1:7>ファイル "C:\Users\tuoza\.nuget\packages\microsoft.windowsappsdk.winui\1.8.260803003\buildTransitive\Microsoft.UI.Xaml.Markup.Compiler.interop.targets" 内にある、プロジェクト "C:\Users\tuoza\source\repos\Archivio\Archivio\Archivio.csproj" からのターゲット "MarkupCompilePass1" (ターゲット "PrepareResources" は依存):
       タスク "MakeDir"
       タスク "MakeDir" の実行が終了しました。
       TaskRun 中にアセンブリが読み込まれました: Microsoft.UI.Xaml.Markup.Compiler.IO, Version=3.0.0.2608, Culture=neutral, PublicKeyToken=de31ebe4ad15742b (場所: C:\Users\tuoza\.nuget\packages\microsoft.windowsappsdk.winui\1.8.260803003\tools\net6.0\Microsoft.UI.Xaml.Markup.Compiler.IO.dll、MVID: 773a71d9-39d6-4157-b5ba-341e15295ec1、AssemblyLoadContext: MSBuild plugin C:\Users\tuoza\.nuget\packages\microsoft.windowsappsdk.winui\1.8.260803003\tools\net6.0\Microsoft.UI.Xaml.Markup.Compiler.IO.dll)
       TaskRun 中にアセンブリが読み込まれました: Microsoft.UI.Xaml.Markup.Compiler.MSBuildInterop, Version=3.0.0.2608, Culture=neutral, PublicKeyToken=de31ebe4ad15742b (場所: C:\Users\tuoza\.nuget\packages\microsoft.windowsappsdk.winui\1.8.260803003\tools\net6.0\Microsoft.UI.Xaml.Markup.Compiler.MSBuildInterop.dll、MVID: ae879cbf-16de-49e2-8082-d8627572a0a0、AssemblyLoadContext: MSBuild plugin C:\Users\tuoza\.nuget\packages\microsoft.windowsappsdk.winui\1.8.260803003\tools\net6.0\Microsoft.UI.Xaml.Markup.Compiler.IO.dll)
       "InputSerializer" タスクをアセンブリ "C:\Users\tuoza\.nuget\packages\microsoft.windowsappsdk.winui\1.8.260803003\buildTransitive\..\tools\net6.0\Microsoft.UI.Xaml.Markup.Compiler.IO.dll" から使用しています。
       タスク "InputSerializer"
         TaskRun (Microsoft.UI.Xaml.Markup.Compiler.IO.InputSerializer) 中にアセンブリが読み込まれました: System.Text.Json, Version=6.0.0.0, Culture=neutral, PublicKeyToken=cc7b13ffcd2ddd51 (場所: C:\Users\tuoza\.nuget\packages\microsoft.windowsappsdk.winui\1.8.260803003\tools\net6.0\System.Text.Json.dll、MVID: 18286260-1922-4a47-ab1c-75627396fd30、AssemblyLoadContext: MSBuild plugin C:\Users\tuoza\.nuget\packages\microsoft.windowsappsdk.winui\1.8.260803003\tools\net6.0\Microsoft.UI.Xaml.Markup.Compiler.IO.dll)
         TaskRun (Microsoft.UI.Xaml.Markup.Compiler.IO.InputSerializer) 中にアセンブリが読み込まれました: Microsoft.Bcl.AsyncInterfaces, Version=6.0.0.0, Culture=neutral, PublicKeyToken=cc7b13ffcd2ddd51 (場所: C:\Users\tuoza\.nuget\packages\microsoft.windowsappsdk.winui\1.8.260803003\tools\net6.0\Microsoft.Bcl.AsyncInterfaces.dll、MVID: b2422c07-7a9d-4584-af3f-f1d7011f6a5a、AssemblyLoadContext: MSBuild plugin C:\Users\tuoza\.nuget\packages\microsoft.windowsappsdk.winui\1.8.260803003\tools\net6.0\Microsoft.UI.Xaml.Markup.Compiler.IO.dll)
         TaskRun (Microsoft.UI.Xaml.Markup.Compiler.IO.InputSerializer) 中にアセンブリが読み込まれました: System.Text.Encodings.Web, Version=6.0.0.0, Culture=neutral, PublicKeyToken=cc7b13ffcd2ddd51 (場所: C:\Users\tuoza\.nuget\packages\microsoft.windowsappsdk.winui\1.8.260803003\tools\net6.0\System.Text.Encodings.Web.dll、MVID: c7521d8a-f0e7-4fc7-b157-923bd9b7a91e、AssemblyLoadContext: MSBuild plugin C:\Users\tuoza\.nuget\packages\microsoft.windowsappsdk.winui\1.8.260803003\tools\net6.0\Microsoft.UI.Xaml.Markup.Compiler.IO.dll)
         TaskRun (Microsoft.UI.Xaml.Markup.Compiler.IO.InputSerializer) 中にアセンブリが読み込まれました: mscorlib, Version=4.0.0.0, Culture=neutral, PublicKeyToken=b77a5c561934e089 (場所: C:\Program Files\dotnet\shared\Microsoft.NETCore.App\10.0.11\mscorlib.dll、MVID: f0cde400-3f3c-45cc-bd9f-b126c7096646、AssemblyLoadContext: Default)
         TaskRun (Microsoft.UI.Xaml.Markup.Compiler.IO.InputSerializer) 中にアセンブリが読み込まれました: System.Core, Version=4.0.0.0, Culture=neutral, PublicKeyToken=b77a5c561934e089 (場所: C:\Program Files\dotnet\shared\Microsoft.NETCore.App\10.0.11\System.Core.dll、MVID: 77fe8ae9-dc51-457c-b630-8dd512696c63、AssemblyLoadContext: Default)
         TaskRun (Microsoft.UI.Xaml.Markup.Compiler.IO.InputSerializer) 中にアセンブリが読み込まれました: System.Threading.Tasks.Extensions, Version=10.0.0.0, Culture=neutral, PublicKeyToken=cc7b13ffcd2ddd51 (場所: C:\Program Files\dotnet\shared\Microsoft.NETCore.App\10.0.11\System.Threading.Tasks.Extensions.dll、MVID: dc570003-f4ba-46c6-a444-b478260d784d、AssemblyLoadContext: Default)
         TaskRun (Microsoft.UI.Xaml.Markup.Compiler.IO.InputSerializer) 中にアセンブリが読み込まれました: System.Buffers, Version=10.0.0.0, Culture=neutral, PublicKeyToken=cc7b13ffcd2ddd51 (場所: C:\Program Files\dotnet\shared\Microsoft.NETCore.App\10.0.11\System.Buffers.dll、MVID: 2a8c66d0-d885-4a65-b66b-720090626a46、AssemblyLoadContext: Default)
       タスク "InputSerializer" の実行が終了しました。
       "Exec" タスクをアセンブリ "Microsoft.Build.Tasks.Core, Version=15.1.0.0, Culture=neutral, PublicKeyToken=b03f5f7f11d50a3a" から使用しています。
       タスク "Exec"
         "C:\Users\tuoza\.nuget\packages\microsoft.windowsappsdk.winui\1.8.260803003\buildTransitive\..\tools\net6.0\..\net472\XamlCompiler.exe" "obj\x64\Debug\net10.0-windows10.0.19041.0\win-x64\\input.json" "obj\x64\Debug\net10.0-windows10.0.19041.0\win-x64\\output.json"
       タスク "Exec" の実行が終了しました。
       "OutputDeserializer" タスクをアセンブリ "C:\Users\tuoza\.nuget\packages\microsoft.windowsappsdk.winui\1.8.260803003\buildTransitive\..\tools\net6.0\Microsoft.UI.Xaml.Markup.Compiler.IO.dll" から使用しています。
       タスク "OutputDeserializer"
         TaskRun (Microsoft.UI.Xaml.Markup.Compiler.IO.OutputDeserializer) 中にアセンブリが読み込まれました: System.Runtime.CompilerServices.Unsafe, Version=6.0.0.0, Culture=neutral, PublicKeyToken=b03f5f7f11d50a3a (場所: C:\Users\tuoza\.nuget\packages\microsoft.windowsappsdk.winui\1.8.260803003\tools\net6.0\System.Runtime.CompilerServices.Unsafe.dll、MVID: bc84029b-1123-4266-bc37-9616e5f03999、AssemblyLoadContext: MSBuild plugin C:\Users\tuoza\.nuget\packages\microsoft.windowsappsdk.winui\1.8.260803003\tools\net6.0\Microsoft.UI.Xaml.Markup.Compiler.IO.dll)
         Xaml Compiler Marker: 18:15:24: 153 perfXC_StartPass1, Archivio
         Xaml Compiler Marker: 18:15:24: 165 perfXC_FingerprintCheck, Using managed HashForWinMD
       タスク "OutputDeserializer" の実行が終了しました。
       タスク "Message"
         (Out) GeneratedCodeFiles: 'C:\Users\tuoza\source\repos\Archivio\Archivio\obj\x64\Debug\net10.0-windows10.0.19041.0\win-x64\App.g.i.cs;C:\Users\tuoza\source\repos\Archivio\Archivio\obj\x64\Debug\net10.0-windows10.0.19041.0\win-x64\App.g.cs;C:\Users\tuoza\source\repos\Archivio\Archivio\obj\x64\Debug\net10.0-windows10.0.19041.0\win-x64\Views\MainPage.g.i.cs;C:\Users\tuoza\source\repos\Archivio\Archivio\obj\x64\Debug\net10.0-windows10.0.19041.0\win-x64\Views\MainPage.g.cs;C:\Users\tuoza\source\repos\Archivio\Archivio\obj\x64\Debug\net10.0-windows10.0.19041.0\win-x64\XamlTypeInfo.g.cs'
       タスク "Message" の実行が終了しました。
       タスク "Message"
         (Out) GeneratedXamlFiles: 'C:\Users\tuoza\source\repos\Archivio\Archivio\obj\x64\Debug\net10.0-windows10.0.19041.0\win-x64\App.xaml;C:\Users\tuoza\source\repos\Archivio\Archivio\obj\x64\Debug\net10.0-windows10.0.19041.0\win-x64\Views\MainPage.xaml'
       タスク "Message" の実行が終了しました。
       タスク "Message"
         (Out) GeneratedXbfFiles: 'C:\Users\tuoza\source\repos\Archivio\Archivio\obj\x64\Debug\net10.0-windows10.0.19041.0\win-x64\App.xbf;C:\Users\tuoza\source\repos\Archivio\Archivio\obj\x64\Debug\net10.0-windows10.0.19041.0\win-x64\Views\MainPage.xbf'
       タスク "Message" の実行が終了しました。
       タスク "Message"
         (Out) Compile: 'App.xaml.cs;Helpers\DispatcherHelper.cs;Helpers\DisplayFormatHelper.cs;Imports.cs;Models\FilterValueItem.cs;Models\VideoFileItem.cs;ViewModels\AppLogger.cs;ViewModels\CoverArtImageData.cs;ViewModels\LanguageManager.cs;ViewModels\MainPageViewModel.cs;ViewModels\MediaProbeService.cs;ViewModels\MetadataCacheManager.cs;ViewModels\SettingsManager.cs;ViewModels\VideoDetailsViewModel.cs;ViewModels\VideoFileService.cs;ViewModels\VideoListFilterManager.cs;ViewModels\VideoMetadataService.cs;ViewModels\ViewModelBase.cs;Views\MainPage.xaml.cs;C:\Users\tuoza\.nuget\packages\microsoft.windowsappsdk.foundation\1.8.260803002\buildTransitive\..\include\MddBootstrapAutoInitializer.cs;C:\Users\tuoza\.nuget\packages\microsoft.windowsappsdk.runtime\1.8.260804001\buildTransitive\..\include\WindowsAppSDK-VersionInfo.cs;obj\x64\Debug\net10.0-windows10.0.19041.0\win-x64\Archivio.GlobalUsings.g.cs;C:\Users\tuoza\source\repos\Archivio\Archivio\obj\x64\Debug\net10.0-windows10.0.19041.0\win-x64\App.g.i.cs;C:\Users\tuoza\source\repos\Archivio\Archivio\obj\x64\Debug\net10.0-windows10.0.19041.0\win-x64\App.g.cs;C:\Users\tuoza\source\repos\Archivio\Archivio\obj\x64\Debug\net10.0-windows10.0.19041.0\win-x64\Views\MainPage.g.i.cs;C:\Users\tuoza\source\repos\Archivio\Archivio\obj\x64\Debug\net10.0-windows10.0.19041.0\win-x64\Views\MainPage.g.cs;C:\Users\tuoza\source\repos\Archivio\Archivio\obj\x64\Debug\net10.0-windows10.0.19041.0\win-x64\XamlTypeInfo.g.cs'
       タスク "Message" の実行が終了しました。
   1:7>プロジェクト "Archivio.csproj" 内のターゲット "MarkupCompilePass1" のビルドが終了しました。
       ターゲット "PrepareForBuild" を省略しました。以前に正しくビルドされていました。
   1:7>ファイル "C:\Program Files\dotnet\sdk\10.0.301\Roslyn\Microsoft.Managed.Core.targets" 内にある、プロジェクト "C:\Users\tuoza\source\repos\Archivio\Archivio\Archivio.csproj" からのターゲット "GenerateMSBuildEditorConfigFileShouldRun" (ターゲット "GenerateMSBuildEditorConfigFile" は依存):
   1:7>プロジェクト "Archivio.csproj" 内のターゲット "GenerateMSBuildEditorConfigFileShouldRun" のビルドが終了しました。
   1:7>ファイル "C:\Program Files\dotnet\sdk\10.0.301\Sdks\Microsoft.NET.Sdk\codestyle\cs\build\Microsoft.CodeAnalysis.CSharp.CodeStyle.targets" 内にある、プロジェクト "C:\Users\tuoza\source\repos\Archivio\Archivio\Archivio.csproj" からのターゲット "AddGlobalAnalyzerConfigForPackage_MicrosoftCodeAnalysisCSharpCodeStyle" (ターゲット "GenerateMSBuildEditorConfigFileCore" は依存):
   1:7>プロジェクト "Archivio.csproj" 内のターゲット "AddGlobalAnalyzerConfigForPackage_MicrosoftCodeAnalysisCSharpCodeStyle" のビルドが終了しました。
   1:7>ファイル "C:\Program Files\dotnet\sdk\10.0.301\Roslyn\Microsoft.Managed.Core.targets" 内にある、プロジェクト "C:\Users\tuoza\source\repos\Archivio\Archivio\Archivio.csproj" からのターゲット "GenerateMSBuildEditorConfigFileCore" (ターゲット "GenerateMSBuildEditorConfigFile" は依存):
       ターゲット "GenerateMSBuildEditorConfigFileCore" を完全にビルドしています。
       入力ファイルが指定されていません。
       "GenerateMSBuildEditorConfig" タスクをアセンブリ "C:\Program Files\dotnet\sdk\10.0.301\Sdks\Microsoft.NET.Sdk\targets\..\..\..\Roslyn\Microsoft.Build.Tasks.CodeAnalysis.dll" から使用しています。
       タスク "GenerateMSBuildEditorConfig"
       タスク "GenerateMSBuildEditorConfig" の実行が終了しました。
   1:7>プロジェクト "Archivio.csproj" 内のターゲット "GenerateMSBuildEditorConfigFileCore" のビルドが終了しました。
   1:7>ファイル "C:\Program Files\dotnet\sdk\10.0.301\Roslyn\Microsoft.Managed.Core.targets" 内にある、プロジェクト "C:\Users\tuoza\source\repos\Archivio\Archivio\Archivio.csproj" からのターゲット "GenerateMSBuildEditorConfigFile" (ターゲット "XamlPreCompile" は依存):
   1:7>プロジェクト "Archivio.csproj" 内のターゲット "GenerateMSBuildEditorConfigFile" のビルドが終了しました。
   1:7>ファイル "C:\Program Files\dotnet\sdk\10.0.301\Microsoft.CSharp.CurrentVersion.targets" 内にある、プロジェクト "C:\Users\tuoza\source\repos\Archivio\Archivio\Archivio.csproj" からのターゲット "XamlPreCompile" (ターゲット "PrepareResources" は依存):
       すべての出力ファイルが入力ファイルに対して最新なので、ターゲット "XamlPreCompile" を省略します。
       入力ファイル: 
           App.xaml.cs
           Helpers\DispatcherHelper.cs
           Helpers\DisplayFormatHelper.cs
           Imports.cs
           Models\FilterValueItem.cs
           Models\VideoFileItem.cs
           ViewModels\AppLogger.cs
           ViewModels\CoverArtImageData.cs
           ViewModels\LanguageManager.cs
           ViewModels\MainPageViewModel.cs
           ViewModels\MediaProbeService.cs
           ViewModels\MetadataCacheManager.cs
           ViewModels\SettingsManager.cs
           ViewModels\VideoDetailsViewModel.cs
           ViewModels\VideoFileService.cs
           ViewModels\VideoListFilterManager.cs
           ViewModels\VideoMetadataService.cs
           ViewModels\ViewModelBase.cs
           Views\MainPage.xaml.cs
           C:\Users\tuoza\.nuget\packages\microsoft.windowsappsdk.foundation\1.8.260803002\buildTransitive\..\include\MddBootstrapAutoInitializer.cs
           C:\Users\tuoza\.nuget\packages\microsoft.windowsappsdk.runtime\1.8.260804001\buildTransitive\..\include\WindowsAppSDK-VersionInfo.cs
           obj\x64\Debug\net10.0-windows10.0.19041.0\win-x64\Archivio.GlobalUsings.g.cs
           C:\Users\tuoza\source\repos\Archivio\Archivio\obj\x64\Debug\net10.0-windows10.0.19041.0\win-x64\App.g.i.cs
           C:\Users\tuoza\source\repos\Archivio\Archivio\obj\x64\Debug\net10.0-windows10.0.19041.0\win-x64\App.g.cs
           C:\Users\tuoza\source\repos\Archivio\Archivio\obj\x64\Debug\net10.0-windows10.0.19041.0\win-x64\Views\MainPage.g.i.cs
           C:\Users\tuoza\source\repos\Archivio\Archivio\obj\x64\Debug\net10.0-windows10.0.19041.0\win-x64\Views\MainPage.g.cs
           C:\Users\tuoza\source\repos\Archivio\Archivio\obj\x64\Debug\net10.0-windows10.0.19041.0\win-x64\XamlTypeInfo.g.cs
           C:\Program Files\dotnet\packs\Microsoft.WindowsDesktop.App.Ref\10.0.9\ref\net10.0\Accessibility.dll
           C:\Users\tuoza\.nuget\packages\colorcode.core\2.0.13\lib\netstandard1.4\ColorCode.Core.dll
           C:\Users\tuoza\.nuget\packages\colorcode.winui\2.0.13\lib\net5.0-windows10.0.18362\ColorCode.WinUI.dll
           C:\Users\tuoza\.nuget\packages\communitytoolkit.common\7.1.2\lib\net5.0\CommunityToolkit.Common.dll
           C:\Users\tuoza\.nuget\packages\communitytoolkit.winui\7.1.2\lib\net5.0-windows10.0.18362\CommunityToolkit.WinUI.dll
           C:\Users\tuoza\.nuget\packages\communitytoolkit.winui.ui.controls.core\7.1.2\lib\net5.0-windows10.0.18362\CommunityToolkit.WinUI.UI.Controls.Core.dll
           C:\Users\tuoza\.nuget\packages\communitytoolkit.winui.ui.controls.datagrid\7.1.2\lib\net5.0-windows10.0.18362\CommunityToolkit.WinUI.UI.Controls.DataGrid.dll
           C:\Users\tuoza\.nuget\packages\communitytoolkit.winui.ui.controls.input\7.1.2\lib\net5.0-windows10.0.18362\CommunityToolkit.WinUI.UI.Controls.Input.dll
           C:\Users\tuoza\.nuget\packages\communitytoolkit.winui.ui.controls.layout\7.1.2\lib\net5.0-windows10.0.18362\CommunityToolkit.WinUI.UI.Controls.Layout.dll
           C:\Users\tuoza\.nuget\packages\communitytoolkit.winui.ui.controls.markdown\7.1.2\lib\net5.0-windows10.0.18362\CommunityToolkit.WinUI.UI.Controls.Markdown.dll
           C:\Users\tuoza\.nuget\packages\communitytoolkit.winui.ui.controls.media\7.1.2\lib\net5.0-windows10.0.18362\CommunityToolkit.WinUI.UI.Controls.Media.dll
           C:\Users\tuoza\.nuget\packages\communitytoolkit.winui.ui.controls.primitives\7.1.2\lib\net5.0-windows10.0.18362\CommunityToolkit.WinUI.UI.Controls.Primitives.dll
           C:\Users\tuoza\.nuget\packages\communitytoolkit.winui.ui\7.1.2\lib\net5.0-windows10.0.18362\CommunityToolkit.WinUI.UI.dll
           C:\Program Files\dotnet\packs\Microsoft.NETCore.App.Ref\10.0.9\ref\net10.0\Microsoft.CSharp.dll
           C:\Users\tuoza\.nuget\packages\microsoft.graphics.win2d\1.0.0.30\lib\net5.0-windows10.0.18362.0\Microsoft.Graphics.Canvas.Interop.dll
           C:\Users\tuoza\.nuget\packages\microsoft.windowsappsdk.ai\1.8.79\lib\net6.0-windows10.0.17763.0\Microsoft.Graphics.Imaging.Projection.dll
           C:\Users\tuoza\.nuget\packages\microsoft.windowsappsdk.interactiveexperiences\1.8.260708001\lib\net6.0-windows10.0.18362.0\Microsoft.InteractiveExperiences.Projection.dll
           C:\Users\tuoza\.nuget\packages\microsoft.windowsappsdk.ml\1.8.2197\lib\net8.0-windows10.0.17763.0\Microsoft.ML.OnnxRuntime.dll
           C:\Users\tuoza\.nuget\packages\microsoft.windowsappsdk.foundation\1.8.260803002\lib\net6.0-windows10.0.17763.0\Microsoft.Security.Authentication.OAuth.Projection.dll
           C:\Program Files\dotnet\packs\Microsoft.NETCore.App.Ref\10.0.9\ref\net10.0\Microsoft.VisualBasic.Core.dll
           C:\Program Files\dotnet\packs\Microsoft.WindowsDesktop.App.Ref\10.0.9\ref\net10.0\Microsoft.VisualBasic.dll
           C:\Program Files\dotnet\packs\Microsoft.WindowsDesktop.App.Ref\10.0.9\ref\net10.0\Microsoft.VisualBasic.Forms.dll
           C:\Users\tuoza\.nuget\packages\microsoft.web.webview2\1.0.4129.50\lib_manual\net8.0-windows10.0.17763.0\Microsoft.Web.WebView2.Core.Projection.dll
           C:\Program Files\dotnet\packs\Microsoft.NETCore.App.Ref\10.0.9\ref\net10.0\Microsoft.Win32.Primitives.dll
           C:\Program Files\dotnet\packs\Microsoft.WindowsDesktop.App.Ref\10.0.9\ref\net10.0\Microsoft.Win32.Registry.AccessControl.dll
           C:\Program Files\dotnet\packs\Microsoft.NETCore.App.Ref\10.0.9\ref\net10.0\Microsoft.Win32.Registry.dll
           C:\Program Files\dotnet\packs\Microsoft.WindowsDesktop.App.Ref\10.0.9\ref\net10.0\Microsoft.Win32.SystemEvents.dll
           C:\Users\tuoza\.nuget\packages\microsoft.windowsappsdk.ai\1.8.79\lib\net6.0-windows10.0.17763.0\Microsoft.Windows.AI.ContentSafety.Projection.dll
           C:\Users\tuoza\.nuget\packages\microsoft.windowsappsdk.ai\1.8.79\lib\net6.0-windows10.0.17763.0\Microsoft.Windows.AI.Foundation.Projection.dll
           C:\Users\tuoza\.nuget\packages\microsoft.windowsappsdk.ai\1.8.79\lib\net6.0-windows10.0.17763.0\Microsoft.Windows.AI.Imaging.Projection.dll
           C:\Users\tuoza\.nuget\packages\microsoft.windowsappsdk.ml\1.8.2197\lib\net8.0-windows10.0.17763.0\Microsoft.Windows.AI.MachineLearning.Projection.dll
           C:\Users\tuoza\.nuget\packages\microsoft.windowsappsdk.ai\1.8.79\lib\net6.0-windows10.0.17763.0\Microsoft.Windows.AI.Projection.dll
           C:\Users\tuoza\.nuget\packages\microsoft.windowsappsdk.ai\1.8.79\lib\net6.0-windows10.0.17763.0\Microsoft.Windows.AI.Text.Projection.dll
           C:\Users\tuoza\.nuget\packages\microsoft.windowsappsdk.foundation\1.8.260803002\lib\net6.0-windows10.0.17763.0\Microsoft.Windows.ApplicationModel.Background.Projection.dll
           C:\Users\tuoza\.nuget\packages\microsoft.windowsappsdk.foundation\1.8.260803002\lib\net6.0-windows10.0.17763.0\Microsoft.Windows.ApplicationModel.DynamicDependency.Projection.dll
           C:\Users\tuoza\.nuget\packages\microsoft.windowsappsdk.foundation\1.8.260803002\lib\net6.0-windows10.0.17763.0\Microsoft.Windows.ApplicationModel.Resources.Projection.dll
           C:\Users\tuoza\.nuget\packages\microsoft.windowsappsdk.foundation\1.8.260803002\lib\net6.0-windows10.0.17763.0\Microsoft.Windows.ApplicationModel.WindowsAppRuntime.Projection.dll
           C:\Users\tuoza\.nuget\packages\microsoft.windowsappsdk.foundation\1.8.260803002\lib\net6.0-windows10.0.17763.0\Microsoft.Windows.AppLifecycle.Projection.dll
           C:\Users\tuoza\.nuget\packages\microsoft.windowsappsdk.foundation\1.8.260803002\lib\net6.0-windows10.0.17763.0\Microsoft.Windows.AppNotifications.Builder.Projection.dll
           C:\Users\tuoza\.nuget\packages\microsoft.windowsappsdk.foundation\1.8.260803002\lib\net6.0-windows10.0.17763.0\Microsoft.Windows.AppNotifications.Projection.dll
           C:\Users\tuoza\.nuget\packages\microsoft.windowsappsdk.foundation\1.8.260803002\lib\net6.0-windows10.0.17763.0\Microsoft.Windows.BadgeNotifications.Projection.dll
           C:\Users\tuoza\.nuget\packages\microsoft.windowsappsdk.foundation\1.8.260803002\lib\net6.0-windows10.0.17763.0\Microsoft.Windows.Foundation.Projection.dll
           C:\Users\tuoza\.nuget\packages\microsoft.windowsappsdk.foundation\1.8.260803002\lib\net6.0-windows10.0.17763.0\Microsoft.Windows.Management.Deployment.Projection.dll
           C:\Users\tuoza\.nuget\packages\microsoft.windowsappsdk.foundation\1.8.260803002\lib\net6.0-windows10.0.17763.0\Microsoft.Windows.Media.Capture.Projection.dll
           C:\Users\tuoza\.nuget\packages\microsoft.windowsappsdk.foundation\1.8.260803002\lib\net6.0-windows10.0.17763.0\Microsoft.Windows.PushNotifications.Projection.dll
           C:\Users\tuoza\.nuget\packages\microsoft.windows.sdk.net.ref\10.0.19041.57\lib\net8.0\Microsoft.Windows.SDK.NET.dll
           C:\Users\tuoza\.nuget\packages\microsoft.windowsappsdk.foundation\1.8.260803002\lib\net6.0-windows10.0.17763.0\Microsoft.Windows.Security.AccessControl.Projection.dll
           C:\Users\tuoza\.nuget\packages\microsoft.windowsappsdk.foundation\1.8.260803002\lib\net6.0-windows10.0.17763.0\Microsoft.Windows.Storage.Pickers.Projection.dll
           C:\Users\tuoza\.nuget\packages\microsoft.windowsappsdk.foundation\1.8.260803002\lib\net6.0-windows10.0.17763.0\Microsoft.Windows.Storage.Projection.dll
           C:\Users\tuoza\.nuget\packages\microsoft.windowsappsdk.foundation\1.8.260803002\lib\net6.0-windows10.0.17763.0\Microsoft.Windows.System.Power.Projection.dll
           C:\Users\tuoza\.nuget\packages\microsoft.windowsappsdk.foundation\1.8.260803002\lib\net6.0-windows10.0.17763.0\Microsoft.Windows.System.Projection.dll
           C:\Users\tuoza\.nuget\packages\microsoft.windowsappsdk.widgets\1.8.251231004\lib\net6.0-windows10.0.17763.0\Microsoft.Windows.Widgets.Projection.dll
           C:\Users\tuoza\.nuget\packages\microsoft-windowsapicodepack-core\1.1.5\lib\net7.0-windows7.0\Microsoft.WindowsAPICodePack.dll
           C:\Users\tuoza\.nuget\packages\microsoft-windowsapicodepack-shell\1.1.5\lib\net7.0-windows7.0\Microsoft.WindowsAPICodePack.Shell.dll
           C:\Users\tuoza\.nuget\packages\microsoft.windowsappsdk.foundation\1.8.260803002\lib\net6.0-windows10.0.17763.0\Microsoft.WindowsAppRuntime.Bootstrap.Net.dll
           C:\Users\tuoza\.nuget\packages\microsoft.windowsappsdk.winui\1.8.260803003\lib\net6.0-windows10.0.17763.0\Microsoft.WinUI.dll
           C:\Program Files\dotnet\packs\Microsoft.NETCore.App.Ref\10.0.9\ref\net10.0\mscorlib.dll
           C:\Program Files\dotnet\packs\Microsoft.NETCore.App.Ref\10.0.9\ref\net10.0\netstandard.dll
           C:\Program Files\dotnet\packs\Microsoft.WindowsDesktop.App.Ref\10.0.9\ref\net10.0\PresentationCore.dll
           C:\Program Files\dotnet\packs\Microsoft.WindowsDesktop.App.Ref\10.0.9\ref\net10.0\PresentationFramework.Aero.dll
           C:\Program Files\dotnet\packs\Microsoft.WindowsDesktop.App.Ref\10.0.9\ref\net10.0\PresentationFramework.Aero2.dll
           C:\Program Files\dotnet\packs\Microsoft.WindowsDesktop.App.Ref\10.0.9\ref\net10.0\PresentationFramework.AeroLite.dll
           C:\Program Files\dotnet\packs\Microsoft.WindowsDesktop.App.Ref\10.0.9\ref\net10.0\PresentationFramework.Classic.dll
           C:\Program Files\dotnet\packs\Microsoft.WindowsDesktop.App.Ref\10.0.9\ref\net10.0\PresentationFramework.dll
           C:\Program Files\dotnet\packs\Microsoft.WindowsDesktop.App.Ref\10.0.9\ref\net10.0\PresentationFramework.Luna.dll
           C:\Program Files\dotnet\packs\Microsoft.WindowsDesktop.App.Ref\10.0.9\ref\net10.0\PresentationFramework.Royale.dll
           C:\Program Files\dotnet\packs\Microsoft.WindowsDesktop.App.Ref\10.0.9\ref\net10.0\PresentationUI.dll
           C:\Program Files\dotnet\packs\Microsoft.WindowsDesktop.App.Ref\10.0.9\ref\net10.0\ReachFramework.dll
           C:\Program Files\dotnet\packs\Microsoft.NETCore.App.Ref\10.0.9\ref\net10.0\System.AppContext.dll
           C:\Program Files\dotnet\packs\Microsoft.NETCore.App.Ref\10.0.9\ref\net10.0\System.Buffers.dll
           C:\Program Files\dotnet\packs\Microsoft.WindowsDesktop.App.Ref\10.0.9\ref\net10.0\System.CodeDom.dll
           C:\Program Files\dotnet\packs\Microsoft.NETCore.App.Ref\10.0.9\ref\net10.0\System.Collections.Concurrent.dll
           C:\Program Files\dotnet\packs\Microsoft.NETCore.App.Ref\10.0.9\ref\net10.0\System.Collections.dll
           C:\Program Files\dotnet\packs\Microsoft.NETCore.App.Ref\10.0.9\ref\net10.0\System.Collections.Immutable.dll
           C:\Program Files\dotnet\packs\Microsoft.NETCore.App.Ref\10.0.9\ref\net10.0\System.Collections.NonGeneric.dll
           C:\Program Files\dotnet\packs\Microsoft.NETCore.App.Ref\10.0.9\ref\net10.0\System.Collections.Specialized.dll
           C:\Program Files\dotnet\packs\Microsoft.NETCore.App.Ref\10.0.9\ref\net10.0\System.ComponentModel.Annotations.dll
           C:\Program Files\dotnet\packs\Microsoft.NETCore.App.Ref\10.0.9\ref\net10.0\System.ComponentModel.DataAnnotations.dll
           C:\Program Files\dotnet\packs\Microsoft.NETCore.App.Ref\10.0.9\ref\net10.0\System.ComponentModel.dll
           C:\Program Files\dotnet\packs\Microsoft.NETCore.App.Ref\10.0.9\ref\net10.0\System.ComponentModel.EventBasedAsync.dll
           C:\Program Files\dotnet\packs\Microsoft.NETCore.App.Ref\10.0.9\ref\net10.0\System.ComponentModel.Primitives.dll
           C:\Program Files\dotnet\packs\Microsoft.NETCore.App.Ref\10.0.9\ref\net10.0\System.ComponentModel.TypeConverter.dll
           C:\Program Files\dotnet\packs\Microsoft.WindowsDesktop.App.Ref\10.0.9\ref\net10.0\System.Configuration.ConfigurationManager.dll
           C:\Program Files\dotnet\packs\Microsoft.NETCore.App.Ref\10.0.9\ref\net10.0\System.Configuration.dll
           C:\Program Files\dotnet\packs\Microsoft.NETCore.App.Ref\10.0.9\ref\net10.0\System.Console.dll
           C:\Program Files\dotnet\packs\Microsoft.NETCore.App.Ref\10.0.9\ref\net10.0\System.Core.dll
           C:\Program Files\dotnet\packs\Microsoft.NETCore.App.Ref\10.0.9\ref\net10.0\System.Data.Common.dll
           C:\Program Files\dotnet\packs\Microsoft.NETCore.App.Ref\10.0.9\ref\net10.0\System.Data.DataSetExtensions.dll
           C:\Program Files\dotnet\packs\Microsoft.NETCore.App.Ref\10.0.9\ref\net10.0\System.Data.dll
           C:\Program Files\dotnet\packs\Microsoft.WindowsDesktop.App.Ref\10.0.9\ref\net10.0\System.Design.dll
           C:\Program Files\dotnet\packs\Microsoft.NETCore.App.Ref\10.0.9\ref\net10.0\System.Diagnostics.Contracts.dll
           C:\Program Files\dotnet\packs\Microsoft.NETCore.App.Ref\10.0.9\ref\net10.0\System.Diagnostics.Debug.dll
           C:\Program Files\dotnet\packs\Microsoft.NETCore.App.Ref\10.0.9\ref\net10.0\System.Diagnostics.DiagnosticSource.dll
           C:\Program Files\dotnet\packs\Microsoft.WindowsDesktop.App.Ref\10.0.9\ref\net10.0\System.Diagnostics.EventLog.dll
           C:\Program Files\dotnet\packs\Microsoft.NETCore.App.Ref\10.0.9\ref\net10.0\System.Diagnostics.FileVersionInfo.dll
           C:\Program Files\dotnet\packs\Microsoft.WindowsDesktop.App.Ref\10.0.9\ref\net10.0\System.Diagnostics.PerformanceCounter.dll
           C:\Program Files\dotnet\packs\Microsoft.NETCore.App.Ref\10.0.9\ref\net10.0\System.Diagnostics.Process.dll
           C:\Program Files\dotnet\packs\Microsoft.NETCore.App.Ref\10.0.9\ref\net10.0\System.Diagnostics.StackTrace.dll
           C:\Program Files\dotnet\packs\Microsoft.NETCore.App.Ref\10.0.9\ref\net10.0\System.Diagnostics.TextWriterTraceListener.dll
           C:\Program Files\dotnet\packs\Microsoft.NETCore.App.Ref\10.0.9\ref\net10.0\System.Diagnostics.Tools.dll
           C:\Program Files\dotnet\packs\Microsoft.NETCore.App.Ref\10.0.9\ref\net10.0\System.Diagnostics.TraceSource.dll
           C:\Program Files\dotnet\packs\Microsoft.NETCore.App.Ref\10.0.9\ref\net10.0\System.Diagnostics.Tracing.dll
           C:\Program Files\dotnet\packs\Microsoft.WindowsDesktop.App.Ref\10.0.9\ref\net10.0\System.DirectoryServices.dll
           C:\Program Files\dotnet\packs\Microsoft.NETCore.App.Ref\10.0.9\ref\net10.0\System.dll
           C:\Program Files\dotnet\packs\Microsoft.WindowsDesktop.App.Ref\10.0.9\ref\net10.0\System.Drawing.Common.dll
           C:\Program Files\dotnet\packs\Microsoft.WindowsDesktop.App.Ref\10.0.9\ref\net10.0\System.Drawing.Design.dll
           C:\Program Files\dotnet\packs\Microsoft.WindowsDesktop.App.Ref\10.0.9\ref\net10.0\System.Drawing.dll
           C:\Program Files\dotnet\packs\Microsoft.NETCore.App.Ref\10.0.9\ref\net10.0\System.Drawing.Primitives.dll
           C:\Program Files\dotnet\packs\Microsoft.NETCore.App.Ref\10.0.9\ref\net10.0\System.Dynamic.Runtime.dll
           C:\Program Files\dotnet\packs\Microsoft.NETCore.App.Ref\10.0.9\ref\net10.0\System.Formats.Asn1.dll
           C:\Program Files\dotnet\packs\Microsoft.WindowsDesktop.App.Ref\10.0.9\ref\net10.0\System.Formats.Nrbf.dll
           C:\Program Files\dotnet\packs\Microsoft.NETCore.App.Ref\10.0.9\ref\net10.0\System.Formats.Tar.dll
           C:\Program Files\dotnet\packs\Microsoft.NETCore.App.Ref\10.0.9\ref\net10.0\System.Globalization.Calendars.dll
           C:\Program Files\dotnet\packs\Microsoft.NETCore.App.Ref\10.0.9\ref\net10.0\System.Globalization.dll
           C:\Program Files\dotnet\packs\Microsoft.NETCore.App.Ref\10.0.9\ref\net10.0\System.Globalization.Extensions.dll
           C:\Program Files\dotnet\packs\Microsoft.NETCore.App.Ref\10.0.9\ref\net10.0\System.IO.Compression.Brotli.dll
           C:\Program Files\dotnet\packs\Microsoft.NETCore.App.Ref\10.0.9\ref\net10.0\System.IO.Compression.dll
           C:\Program Files\dotnet\packs\Microsoft.NETCore.App.Ref\10.0.9\ref\net10.0\System.IO.Compression.FileSystem.dll
           C:\Program Files\dotnet\packs\Microsoft.NETCore.App.Ref\10.0.9\ref\net10.0\System.IO.Compression.ZipFile.dll
           C:\Program Files\dotnet\packs\Microsoft.NETCore.App.Ref\10.0.9\ref\net10.0\System.IO.dll
           C:\Program Files\dotnet\packs\Microsoft.NETCore.App.Ref\10.0.9\ref\net10.0\System.IO.FileSystem.AccessControl.dll
           C:\Program Files\dotnet\packs\Microsoft.NETCore.App.Ref\10.0.9\ref\net10.0\System.IO.FileSystem.dll
           C:\Program Files\dotnet\packs\Microsoft.NETCore.App.Ref\10.0.9\ref\net10.0\System.IO.FileSystem.DriveInfo.dll
           C:\Program Files\dotnet\packs\Microsoft.NETCore.App.Ref\10.0.9\ref\net10.0\System.IO.FileSystem.Primitives.dll
           C:\Program Files\dotnet\packs\Microsoft.NETCore.App.Ref\10.0.9\ref\net10.0\System.IO.FileSystem.Watcher.dll
           C:\Program Files\dotnet\packs\Microsoft.NETCore.App.Ref\10.0.9\ref\net10.0\System.IO.IsolatedStorage.dll
           C:\Program Files\dotnet\packs\Microsoft.NETCore.App.Ref\10.0.9\ref\net10.0\System.IO.MemoryMappedFiles.dll
           C:\Program Files\dotnet\packs\Microsoft.WindowsDesktop.App.Ref\10.0.9\ref\net10.0\System.IO.Packaging.dll
           C:\Program Files\dotnet\packs\Microsoft.NETCore.App.Ref\10.0.9\ref\net10.0\System.IO.Pipelines.dll
           C:\Program Files\dotnet\packs\Microsoft.NETCore.App.Ref\10.0.9\ref\net10.0\System.IO.Pipes.AccessControl.dll
           C:\Program Files\dotnet\packs\Microsoft.NETCore.App.Ref\10.0.9\ref\net10.0\System.IO.Pipes.dll
           C:\Program Files\dotnet\packs\Microsoft.NETCore.App.Ref\10.0.9\ref\net10.0\System.IO.UnmanagedMemoryStream.dll
           C:\Program Files\dotnet\packs\Microsoft.NETCore.App.Ref\10.0.9\ref\net10.0\System.Linq.AsyncEnumerable.dll
           C:\Program Files\dotnet\packs\Microsoft.NETCore.App.Ref\10.0.9\ref\net10.0\System.Linq.dll
           C:\Program Files\dotnet\packs\Microsoft.NETCore.App.Ref\10.0.9\ref\net10.0\System.Linq.Expressions.dll
           C:\Program Files\dotnet\packs\Microsoft.NETCore.App.Ref\10.0.9\ref\net10.0\System.Linq.Parallel.dll
           C:\Program Files\dotnet\packs\Microsoft.NETCore.App.Ref\10.0.9\ref\net10.0\System.Linq.Queryable.dll
           C:\Program Files\dotnet\packs\Microsoft.NETCore.App.Ref\10.0.9\ref\net10.0\System.Memory.dll
           C:\Program Files\dotnet\packs\Microsoft.NETCore.App.Ref\10.0.9\ref\net10.0\System.Net.dll
           C:\Program Files\dotnet\packs\Microsoft.NETCore.App.Ref\10.0.9\ref\net10.0\System.Net.Http.dll
           C:\Program Files\dotnet\packs\Microsoft.NETCore.App.Ref\10.0.9\ref\net10.0\System.Net.Http.Json.dll
           C:\Program Files\dotnet\packs\Microsoft.NETCore.App.Ref\10.0.9\ref\net10.0\System.Net.HttpListener.dll
           C:\Program Files\dotnet\packs\Microsoft.NETCore.App.Ref\10.0.9\ref\net10.0\System.Net.Mail.dll
           C:\Program Files\dotnet\packs\Microsoft.NETCore.App.Ref\10.0.9\ref\net10.0\System.Net.NameResolution.dll
           C:\Program Files\dotnet\packs\Microsoft.NETCore.App.Ref\10.0.9\ref\net10.0\System.Net.NetworkInformation.dll
           C:\Program Files\dotnet\packs\Microsoft.NETCore.App.Ref\10.0.9\ref\net10.0\System.Net.Ping.dll
           C:\Program Files\dotnet\packs\Microsoft.NETCore.App.Ref\10.0.9\ref\net10.0\System.Net.Primitives.dll
           C:\Program Files\dotnet\packs\Microsoft.NETCore.App.Ref\10.0.9\ref\net10.0\System.Net.Quic.dll
           C:\Program Files\dotnet\packs\Microsoft.NETCore.App.Ref\10.0.9\ref\net10.0\System.Net.Requests.dll
           C:\Program Files\dotnet\packs\Microsoft.NETCore.App.Ref\10.0.9\ref\net10.0\System.Net.Security.dll
           C:\Program Files\dotnet\packs\Microsoft.NETCore.App.Ref\10.0.9\ref\net10.0\System.Net.ServerSentEvents.dll
           C:\Program Files\dotnet\packs\Microsoft.NETCore.App.Ref\10.0.9\ref\net10.0\System.Net.ServicePoint.dll
           C:\Program Files\dotnet\packs\Microsoft.NETCore.App.Ref\10.0.9\ref\net10.0\System.Net.Sockets.dll
           C:\Program Files\dotnet\packs\Microsoft.NETCore.App.Ref\10.0.9\ref\net10.0\System.Net.WebClient.dll
           C:\Program Files\dotnet\packs\Microsoft.NETCore.App.Ref\10.0.9\ref\net10.0\System.Net.WebHeaderCollection.dll
           C:\Program Files\dotnet\packs\Microsoft.NETCore.App.Ref\10.0.9\ref\net10.0\System.Net.WebProxy.dll
           C:\Program Files\dotnet\packs\Microsoft.NETCore.App.Ref\10.0.9\ref\net10.0\System.Net.WebSockets.Client.dll
           C:\Program Files\dotnet\packs\Microsoft.NETCore.App.Ref\10.0.9\ref\net10.0\System.Net.WebSockets.dll
           C:\Program Files\dotnet\packs\Microsoft.NETCore.App.Ref\10.0.9\ref\net10.0\System.Numerics.dll
           C:\Users\tuoza\.nuget\packages\system.numerics.tensors\9.0.0\lib\net9.0\System.Numerics.Tensors.dll
           C:\Program Files\dotnet\packs\Microsoft.NETCore.App.Ref\10.0.9\ref\net10.0\System.Numerics.Vectors.dll
           C:\Program Files\dotnet\packs\Microsoft.NETCore.App.Ref\10.0.9\ref\net10.0\System.ObjectModel.dll
           C:\Program Files\dotnet\packs\Microsoft.WindowsDesktop.App.Ref\10.0.9\ref\net10.0\System.Printing.dll
           C:\Program Files\dotnet\packs\Microsoft.WindowsDesktop.App.Ref\10.0.9\ref\net10.0\System.Private.Windows.Core.dll
           C:\Program Files\dotnet\packs\Microsoft.WindowsDesktop.App.Ref\10.0.9\ref\net10.0\System.Private.Windows.GdiPlus.dll
           C:\Program Files\dotnet\packs\Microsoft.NETCore.App.Ref\10.0.9\ref\net10.0\System.Reflection.DispatchProxy.dll
           C:\Program Files\dotnet\packs\Microsoft.NETCore.App.Ref\10.0.9\ref\net10.0\System.Reflection.dll
           C:\Program Files\dotnet\packs\Microsoft.NETCore.App.Ref\10.0.9\ref\net10.0\System.Reflection.Emit.dll
           C:\Program Files\dotnet\packs\Microsoft.NETCore.App.Ref\10.0.9\ref\net10.0\System.Reflection.Emit.ILGeneration.dll
           C:\Program Files\dotnet\packs\Microsoft.NETCore.App.Ref\10.0.9\ref\net10.0\System.Reflection.Emit.Lightweight.dll
           C:\Program Files\dotnet\packs\Microsoft.NETCore.App.Ref\10.0.9\ref\net10.0\System.Reflection.Extensions.dll
           C:\Program Files\dotnet\packs\Microsoft.NETCore.App.Ref\10.0.9\ref\net10.0\System.Reflection.Metadata.dll
           C:\Program Files\dotnet\packs\Microsoft.NETCore.App.Ref\10.0.9\ref\net10.0\System.Reflection.Primitives.dll
           C:\Program Files\dotnet\packs\Microsoft.NETCore.App.Ref\10.0.9\ref\net10.0\System.Reflection.TypeExtensions.dll
           C:\Program Files\dotnet\packs\Microsoft.WindowsDesktop.App.Ref\10.0.9\ref\net10.0\System.Resources.Extensions.dll
           C:\Program Files\dotnet\packs\Microsoft.NETCore.App.Ref\10.0.9\ref\net10.0\System.Resources.Reader.dll
           C:\Program Files\dotnet\packs\Microsoft.NETCore.App.Ref\10.0.9\ref\net10.0\System.Resources.ResourceManager.dll
           C:\Program Files\dotnet\packs\Microsoft.NETCore.App.Ref\10.0.9\ref\net10.0\System.Resources.Writer.dll
           C:\Program Files\dotnet\packs\Microsoft.NETCore.App.Ref\10.0.9\ref\net10.0\System.Runtime.CompilerServices.Unsafe.dll
           C:\Program Files\dotnet\packs\Microsoft.NETCore.App.Ref\10.0.9\ref\net10.0\System.Runtime.CompilerServices.VisualC.dll
           C:\Program Files\dotnet\packs\Microsoft.NETCore.App.Ref\10.0.9\ref\net10.0\System.Runtime.dll
           C:\Program Files\dotnet\packs\Microsoft.NETCore.App.Ref\10.0.9\ref\net10.0\System.Runtime.Extensions.dll
           C:\Program Files\dotnet\packs\Microsoft.NETCore.App.Ref\10.0.9\ref\net10.0\System.Runtime.Handles.dll
           C:\Program Files\dotnet\packs\Microsoft.NETCore.App.Ref\10.0.9\ref\net10.0\System.Runtime.InteropServices.dll
           C:\Program Files\dotnet\packs\Microsoft.NETCore.App.Ref\10.0.9\ref\net10.0\System.Runtime.InteropServices.JavaScript.dll
           C:\Program Files\dotnet\packs\Microsoft.NETCore.App.Ref\10.0.9\ref\net10.0\System.Runtime.InteropServices.RuntimeInformation.dll
           C:\Program Files\dotnet\packs\Microsoft.NETCore.App.Ref\10.0.9\ref\net10.0\System.Runtime.Intrinsics.dll
           C:\Program Files\dotnet\packs\Microsoft.NETCore.App.Ref\10.0.9\ref\net10.0\System.Runtime.Loader.dll
           C:\Program Files\dotnet\packs\Microsoft.NETCore.App.Ref\10.0.9\ref\net10.0\System.Runtime.Numerics.dll
           C:\Program Files\dotnet\packs\Microsoft.NETCore.App.Ref\10.0.9\ref\net10.0\System.Runtime.Serialization.dll
           C:\Program Files\dotnet\packs\Microsoft.NETCore.App.Ref\10.0.9\ref\net10.0\System.Runtime.Serialization.Formatters.dll
           C:\Program Files\dotnet\packs\Microsoft.NETCore.App.Ref\10.0.9\ref\net10.0\System.Runtime.Serialization.Json.dll
           C:\Program Files\dotnet\packs\Microsoft.NETCore.App.Ref\10.0.9\ref\net10.0\System.Runtime.Serialization.Primitives.dll
           C:\Program Files\dotnet\packs\Microsoft.NETCore.App.Ref\10.0.9\ref\net10.0\System.Runtime.Serialization.Xml.dll
           C:\Program Files\dotnet\packs\Microsoft.NETCore.App.Ref\10.0.9\ref\net10.0\System.Security.AccessControl.dll
           C:\Program Files\dotnet\packs\Microsoft.NETCore.App.Ref\10.0.9\ref\net10.0\System.Security.Claims.dll
           C:\Program Files\dotnet\packs\Microsoft.NETCore.App.Ref\10.0.9\ref\net10.0\System.Security.Cryptography.Algorithms.dll
           C:\Program Files\dotnet\packs\Microsoft.NETCore.App.Ref\10.0.9\ref\net10.0\System.Security.Cryptography.Cng.dll
           C:\Program Files\dotnet\packs\Microsoft.NETCore.App.Ref\10.0.9\ref\net10.0\System.Security.Cryptography.Csp.dll
           C:\Program Files\dotnet\packs\Microsoft.NETCore.App.Ref\10.0.9\ref\net10.0\System.Security.Cryptography.dll
           C:\Program Files\dotnet\packs\Microsoft.NETCore.App.Ref\10.0.9\ref\net10.0\System.Security.Cryptography.Encoding.dll
           C:\Program Files\dotnet\packs\Microsoft.NETCore.App.Ref\10.0.9\ref\net10.0\System.Security.Cryptography.OpenSsl.dll
           C:\Program Files\dotnet\packs\Microsoft.WindowsDesktop.App.Ref\10.0.9\ref\net10.0\System.Security.Cryptography.Pkcs.dll
           C:\Program Files\dotnet\packs\Microsoft.NETCore.App.Ref\10.0.9\ref\net10.0\System.Security.Cryptography.Primitives.dll
           C:\Program Files\dotnet\packs\Microsoft.WindowsDesktop.App.Ref\10.0.9\ref\net10.0\System.Security.Cryptography.ProtectedData.dll
           C:\Program Files\dotnet\packs\Microsoft.NETCore.App.Ref\10.0.9\ref\net10.0\System.Security.Cryptography.X509Certificates.dll
           C:\Program Files\dotnet\packs\Microsoft.WindowsDesktop.App.Ref\10.0.9\ref\net10.0\System.Security.Cryptography.Xml.dll
           C:\Program Files\dotnet\packs\Microsoft.NETCore.App.Ref\10.0.9\ref\net10.0\System.Security.dll
           C:\Program Files\dotnet\packs\Microsoft.WindowsDesktop.App.Ref\10.0.9\ref\net10.0\System.Security.Permissions.dll
           C:\Program Files\dotnet\packs\Microsoft.NETCore.App.Ref\10.0.9\ref\net10.0\System.Security.Principal.dll
           C:\Program Files\dotnet\packs\Microsoft.NETCore.App.Ref\10.0.9\ref\net10.0\System.Security.Principal.Windows.dll
           C:\Program Files\dotnet\packs\Microsoft.NETCore.App.Ref\10.0.9\ref\net10.0\System.Security.SecureString.dll
           C:\Program Files\dotnet\packs\Microsoft.NETCore.App.Ref\10.0.9\ref\net10.0\System.ServiceModel.Web.dll
           C:\Program Files\dotnet\packs\Microsoft.NETCore.App.Ref\10.0.9\ref\net10.0\System.ServiceProcess.dll
           C:\Program Files\dotnet\packs\Microsoft.NETCore.App.Ref\10.0.9\ref\net10.0\System.Text.Encoding.CodePages.dll
           C:\Program Files\dotnet\packs\Microsoft.NETCore.App.Ref\10.0.9\ref\net10.0\System.Text.Encoding.dll
           C:\Program Files\dotnet\packs\Microsoft.NETCore.App.Ref\10.0.9\ref\net10.0\System.Text.Encoding.Extensions.dll
           C:\Program Files\dotnet\packs\Microsoft.NETCore.App.Ref\10.0.9\ref\net10.0\System.Text.Encodings.Web.dll
           C:\Program Files\dotnet\packs\Microsoft.NETCore.App.Ref\10.0.9\ref\net10.0\System.Text.Json.dll
           C:\Program Files\dotnet\packs\Microsoft.NETCore.App.Ref\10.0.9\ref\net10.0\System.Text.RegularExpressions.dll
           C:\Program Files\dotnet\packs\Microsoft.NETCore.App.Ref\10.0.9\ref\net10.0\System.Threading.AccessControl.dll
           C:\Program Files\dotnet\packs\Microsoft.NETCore.App.Ref\10.0.9\ref\net10.0\System.Threading.Channels.dll
           C:\Program Files\dotnet\packs\Microsoft.NETCore.App.Ref\10.0.9\ref\net10.0\System.Threading.dll
           C:\Program Files\dotnet\packs\Microsoft.NETCore.App.Ref\10.0.9\ref\net10.0\System.Threading.Overlapped.dll
           C:\Program Files\dotnet\packs\Microsoft.NETCore.App.Ref\10.0.9\ref\net10.0\System.Threading.Tasks.Dataflow.dll
           C:\Program Files\dotnet\packs\Microsoft.NETCore.App.Ref\10.0.9\ref\net10.0\System.Threading.Tasks.dll
           C:\Program Files\dotnet\packs\Microsoft.NETCore.App.Ref\10.0.9\ref\net10.0\System.Threading.Tasks.Extensions.dll
           C:\Program Files\dotnet\packs\Microsoft.NETCore.App.Ref\10.0.9\ref\net10.0\System.Threading.Tasks.Parallel.dll
           C:\Program Files\dotnet\packs\Microsoft.NETCore.App.Ref\10.0.9\ref\net10.0\System.Threading.Thread.dll
           C:\Program Files\dotnet\packs\Microsoft.NETCore.App.Ref\10.0.9\ref\net10.0\System.Threading.ThreadPool.dll
           C:\Program Files\dotnet\packs\Microsoft.NETCore.App.Ref\10.0.9\ref\net10.0\System.Threading.Timer.dll
           C:\Program Files\dotnet\packs\Microsoft.NETCore.App.Ref\10.0.9\ref\net10.0\System.Transactions.dll
           C:\Program Files\dotnet\packs\Microsoft.NETCore.App.Ref\10.0.9\ref\net10.0\System.Transactions.Local.dll
           C:\Program Files\dotnet\packs\Microsoft.NETCore.App.Ref\10.0.9\ref\net10.0\System.ValueTuple.dll
           C:\Program Files\dotnet\packs\Microsoft.NETCore.App.Ref\10.0.9\ref\net10.0\System.Web.dll
           C:\Program Files\dotnet\packs\Microsoft.NETCore.App.Ref\10.0.9\ref\net10.0\System.Web.HttpUtility.dll
           C:\Program Files\dotnet\packs\Microsoft.WindowsDesktop.App.Ref\10.0.9\ref\net10.0\System.Windows.Controls.Ribbon.dll
           C:\Program Files\dotnet\packs\Microsoft.NETCore.App.Ref\10.0.9\ref\net10.0\System.Windows.dll
           C:\Program Files\dotnet\packs\Microsoft.WindowsDesktop.App.Ref\10.0.9\ref\net10.0\System.Windows.Extensions.dll
           C:\Program Files\dotnet\packs\Microsoft.WindowsDesktop.App.Ref\10.0.9\ref\net10.0\System.Windows.Forms.Design.dll
           C:\Program Files\dotnet\packs\Microsoft.WindowsDesktop.App.Ref\10.0.9\ref\net10.0\System.Windows.Forms.Design.Editors.dll
           C:\Program Files\dotnet\packs\Microsoft.WindowsDesktop.App.Ref\10.0.9\ref\net10.0\System.Windows.Forms.dll
           C:\Program Files\dotnet\packs\Microsoft.WindowsDesktop.App.Ref\10.0.9\ref\net10.0\System.Windows.Forms.Primitives.dll
           C:\Program Files\dotnet\packs\Microsoft.WindowsDesktop.App.Ref\10.0.9\ref\net10.0\System.Windows.Input.Manipulations.dll
           C:\Program Files\dotnet\packs\Microsoft.WindowsDesktop.App.Ref\10.0.9\ref\net10.0\System.Windows.Presentation.dll
           C:\Program Files\dotnet\packs\Microsoft.WindowsDesktop.App.Ref\10.0.9\ref\net10.0\System.Windows.Primitives.dll
           C:\Program Files\dotnet\packs\Microsoft.WindowsDesktop.App.Ref\10.0.9\ref\net10.0\System.Xaml.dll
           C:\Program Files\dotnet\packs\Microsoft.NETCore.App.Ref\10.0.9\ref\net10.0\System.Xml.dll
           C:\Program Files\dotnet\packs\Microsoft.NETCore.App.Ref\10.0.9\ref\net10.0\System.Xml.Linq.dll
           C:\Program Files\dotnet\packs\Microsoft.NETCore.App.Ref\10.0.9\ref\net10.0\System.Xml.ReaderWriter.dll
           C:\Program Files\dotnet\packs\Microsoft.NETCore.App.Ref\10.0.9\ref\net10.0\System.Xml.Serialization.dll
           C:\Program Files\dotnet\packs\Microsoft.NETCore.App.Ref\10.0.9\ref\net10.0\System.Xml.XDocument.dll
           C:\Program Files\dotnet\packs\Microsoft.NETCore.App.Ref\10.0.9\ref\net10.0\System.Xml.XmlDocument.dll
           C:\Program Files\dotnet\packs\Microsoft.NETCore.App.Ref\10.0.9\ref\net10.0\System.Xml.XmlSerializer.dll
           C:\Program Files\dotnet\packs\Microsoft.NETCore.App.Ref\10.0.9\ref\net10.0\System.Xml.XPath.dll
           C:\Program Files\dotnet\packs\Microsoft.NETCore.App.Ref\10.0.9\ref\net10.0\System.Xml.XPath.XDocument.dll
           C:\Users\tuoza\.nuget\packages\taglibsharp\2.3.0\lib\netstandard2.0\TagLibSharp.dll
           C:\Program Files\dotnet\packs\Microsoft.WindowsDesktop.App.Ref\10.0.9\ref\net10.0\UIAutomationClient.dll
           C:\Program Files\dotnet\packs\Microsoft.WindowsDesktop.App.Ref\10.0.9\ref\net10.0\UIAutomationClientSideProviders.dll
           C:\Program Files\dotnet\packs\Microsoft.WindowsDesktop.App.Ref\10.0.9\ref\net10.0\UIAutomationProvider.dll
           C:\Program Files\dotnet\packs\Microsoft.WindowsDesktop.App.Ref\10.0.9\ref\net10.0\UIAutomationTypes.dll
           C:\Program Files\dotnet\packs\Microsoft.WindowsDesktop.App.Ref\10.0.9\ref\net10.0\WindowsBase.dll
           C:\Program Files\dotnet\packs\Microsoft.WindowsDesktop.App.Ref\10.0.9\ref\net10.0\WindowsFormsIntegration.dll
           C:\Users\tuoza\.nuget\packages\microsoft.windows.sdk.net.ref\10.0.19041.57\lib\net8.0\WinRT.Runtime.dll
           Views\MainPage.xaml
           App.xaml
           C:\Users\tuoza\source\repos\Archivio\Archivio\Archivio.csproj
           C:\Program Files\dotnet\sdk\10.0.301\Current\Microsoft.Common.targets\ImportAfter\Microsoft.TestPlatform.ImportAfter.targets
           C:\Users\tuoza\.nuget\packages\microsoft.windows.sdk.buildtools.msix\1.7.20250829.1\build\Microsoft.Windows.SDK.BuildTools.MSIX.Packaging.targets
           Assets\Archivio.ico
       出力ファイル: 
           obj\x64\Debug\net10.0-windows10.0.19041.0\win-x64\intermediatexaml\Archivio.dll
           obj\x64\Debug\net10.0-windows10.0.19041.0\win-x64\Archivio.pdb
       C:\Program Files\dotnet\sdk\10.0.301\Microsoft.CSharp.CurrentVersion.targets(200,13): message : プロパティの再代入: $(NoWarn)="1701;1702;NU1701;1701;1702" (以前の値: "1701;1702;NU1701") C:\Program Files\dotnet\sdk\10.0.301\Microsoft.CSharp.CurrentVersion.targets (200,13) [C:\Users\tuoza\source\repos\Archivio\Archivio\Archivio.csproj]
   1:7>プロジェクト "Archivio.csproj" 内のターゲット "XamlPreCompile" のビルドが終了しました。
       ターゲット "GetVCInstallPath" を省略しました。以前に正しくビルドされていました。
       ターゲット "GetPriIndexName" を省略しました。以前に正しくビルドされていました。
       ターゲット "GetPrecompiledHeaderFile" を省略しました。以前に正しくビルドされていました。
   1:7>ファイル "C:\Users\tuoza\.nuget\packages\microsoft.windowsappsdk.winui\1.8.260803003\buildTransitive\Microsoft.UI.Xaml.Markup.Compiler.interop.targets" 内にある、プロジェクト "C:\Users\tuoza\source\repos\Archivio\Archivio\Archivio.csproj" からのターゲット "MarkupCompilePass2" (ターゲット "PrepareResources" は依存):
       タスク "InputSerializer"
       タスク "InputSerializer" の実行が終了しました。
       タスク "Exec"
         "C:\Users\tuoza\.nuget\packages\microsoft.windowsappsdk.winui\1.8.260803003\buildTransitive\..\tools\net6.0\..\net472\XamlCompiler.exe" "obj\x64\Debug\net10.0-windows10.0.19041.0\win-x64\\input.json" "obj\x64\Debug\net10.0-windows10.0.19041.0\win-x64\\output.json"
       タスク "Exec" の実行が終了しました。
       タスク "OutputDeserializer"
         Xaml Compiler Marker: 18:15:24: 501 perfXC_StartPass2, Archivio
         Xaml Compiler Marker: 18:15:24: 519 perfXC_FingerprintCheck, Using managed HashForWinMD
         Xaml Compiler Marker: 18:15:24: 558 perfXC_FingerprintCheck, Using managed HashForWinMD
         Xaml Compiler Marker: 18:15:24: 569 perfXC_RestoredGeneratedPass2CodeFileBackup
         Xaml Compiler Marker: 18:15:24: 569 perfXC_RestoredTypeInfoBackup
       タスク "OutputDeserializer" の実行が終了しました。
       タスク "Message"
         (Out) GeneratedCodeFiles: 'C:\Users\tuoza\source\repos\Archivio\Archivio\obj\x64\Debug\net10.0-windows10.0.19041.0\win-x64\App.g.i.cs;C:\Users\tuoza\source\repos\Archivio\Archivio\obj\x64\Debug\net10.0-windows10.0.19041.0\win-x64\App.g.cs;C:\Users\tuoza\source\repos\Archivio\Archivio\obj\x64\Debug\net10.0-windows10.0.19041.0\win-x64\Views\MainPage.g.i.cs;C:\Users\tuoza\source\repos\Archivio\Archivio\obj\x64\Debug\net10.0-windows10.0.19041.0\win-x64\Views\MainPage.g.cs;C:\Users\tuoza\source\repos\Archivio\Archivio\obj\x64\Debug\net10.0-windows10.0.19041.0\win-x64\XamlTypeInfo.g.cs'
       タスク "Message" の実行が終了しました。
       タスク "Message"
         (Out) GeneratedXamlFiles: 'C:\Users\tuoza\source\repos\Archivio\Archivio\obj\x64\Debug\net10.0-windows10.0.19041.0\win-x64\App.xaml;C:\Users\tuoza\source\repos\Archivio\Archivio\obj\x64\Debug\net10.0-windows10.0.19041.0\win-x64\Views\MainPage.xaml;C:\Users\tuoza\source\repos\Archivio\Archivio\obj\x64\Debug\net10.0-windows10.0.19041.0\win-x64\App.xaml;C:\Users\tuoza\source\repos\Archivio\Archivio\obj\x64\Debug\net10.0-windows10.0.19041.0\win-x64\Views\MainPage.xaml'
       タスク "Message" の実行が終了しました。
       タスク "Message"
         (Out) GeneratedXbfFiles: 'C:\Users\tuoza\source\repos\Archivio\Archivio\obj\x64\Debug\net10.0-windows10.0.19041.0\win-x64\App.xbf;C:\Users\tuoza\source\repos\Archivio\Archivio\obj\x64\Debug\net10.0-windows10.0.19041.0\win-x64\Views\MainPage.xbf;C:\Users\tuoza\source\repos\Archivio\Archivio\obj\x64\Debug\net10.0-windows10.0.19041.0\win-x64\App.xbf;C:\Users\tuoza\source\repos\Archivio\Archivio\obj\x64\Debug\net10.0-windows10.0.19041.0\win-x64\Views\MainPage.xbf'
       タスク "Message" の実行が終了しました。
       タスク "Message"
         (Out) GeneratedXamlPagesFiles: ''
       タスク "Message" の実行が終了しました。
       タスク "Message"
         (Out) Compile: 'App.xaml.cs;Helpers\DispatcherHelper.cs;Helpers\DisplayFormatHelper.cs;Imports.cs;Models\FilterValueItem.cs;Models\VideoFileItem.cs;ViewModels\AppLogger.cs;ViewModels\CoverArtImageData.cs;ViewModels\LanguageManager.cs;ViewModels\MainPageViewModel.cs;ViewModels\MediaProbeService.cs;ViewModels\MetadataCacheManager.cs;ViewModels\SettingsManager.cs;ViewModels\VideoDetailsViewModel.cs;ViewModels\VideoFileService.cs;ViewModels\VideoListFilterManager.cs;ViewModels\VideoMetadataService.cs;ViewModels\ViewModelBase.cs;Views\MainPage.xaml.cs;C:\Users\tuoza\.nuget\packages\microsoft.windowsappsdk.foundation\1.8.260803002\buildTransitive\..\include\MddBootstrapAutoInitializer.cs;C:\Users\tuoza\.nuget\packages\microsoft.windowsappsdk.runtime\1.8.260804001\buildTransitive\..\include\WindowsAppSDK-VersionInfo.cs;obj\x64\Debug\net10.0-windows10.0.19041.0\win-x64\Archivio.GlobalUsings.g.cs;C:\Users\tuoza\source\repos\Archivio\Archivio\obj\x64\Debug\net10.0-windows10.0.19041.0\win-x64\App.g.i.cs;C:\Users\tuoza\source\repos\Archivio\Archivio\obj\x64\Debug\net10.0-windows10.0.19041.0\win-x64\App.g.cs;C:\Users\tuoza\source\repos\Archivio\Archivio\obj\x64\Debug\net10.0-windows10.0.19041.0\win-x64\Views\MainPage.g.i.cs;C:\Users\tuoza\source\repos\Archivio\Archivio\obj\x64\Debug\net10.0-windows10.0.19041.0\win-x64\Views\MainPage.g.cs;C:\Users\tuoza\source\repos\Archivio\Archivio\obj\x64\Debug\net10.0-windows10.0.19041.0\win-x64\XamlTypeInfo.g.cs'
       タスク "Message" の実行が終了しました。
   1:7>プロジェクト "Archivio.csproj" 内のターゲット "MarkupCompilePass2" のビルドが終了しました。
   1:7>ファイル "C:\Program Files\dotnet\sdk\10.0.301\Roslyn\Microsoft.Managed.Core.targets" 内にある、プロジェクト "C:\Users\tuoza\source\repos\Archivio\Archivio\Archivio.csproj" からのターゲット "CopyAdditionalFiles" (ターゲット "AssignTargetPaths" は依存):
   1:7>プロジェクト "Archivio.csproj" 内のターゲット "CopyAdditionalFiles" のビルドが終了しました。
       ターゲット "ResolvePackageAssets" を省略しました。以前に正しくビルドされていました。
       ターゲット "ResolveFrameworkReferences" を省略しました。以前に正しくビルドされていました。
   1:7>ファイル "C:\Program Files\dotnet\sdk\10.0.301\Sdks\Microsoft.NET.Sdk\targets\Microsoft.NET.Sdk.targets" 内にある、プロジェクト "C:\Users\tuoza\source\repos\Archivio\Archivio\Archivio.csproj" からのターゲット "_GetAppHostPaths" (ターゲット "_ComputeNETCoreBuildOutputFiles" は依存):
   1:7>プロジェクト "Archivio.csproj" 内のターゲット "_GetAppHostPaths" のビルドが終了しました。
   1:7>ファイル "C:\Program Files\dotnet\sdk\10.0.301\Sdks\Microsoft.NET.Sdk\targets\Microsoft.NET.Sdk.targets" 内にある、プロジェクト "C:\Users\tuoza\source\repos\Archivio\Archivio\Archivio.csproj" からのターゲット "_GetAppHostCreationConfiguration" (ターゲット "_ComputeNETCoreBuildOutputFiles" は依存):
   1:7>プロジェクト "Archivio.csproj" 内のターゲット "_GetAppHostCreationConfiguration" のビルドが終了しました。
   1:7>ファイル "C:\Program Files\dotnet\sdk\10.0.301\Sdks\Microsoft.NET.Sdk\targets\Microsoft.NET.Sdk.targets" 内にある、プロジェクト "C:\Users\tuoza\source\repos\Archivio\Archivio\Archivio.csproj" からのターゲット "_ComputeNETCoreBuildOutputFiles" (ターゲット "AssignTargetPaths" は依存):
   1:7>プロジェクト "Archivio.csproj" 内のターゲット "_ComputeNETCoreBuildOutputFiles" のビルドが終了しました。
   1:7>ファイル "C:\Program Files\dotnet\sdk\10.0.301\Microsoft.Common.CurrentVersion.targets" 内にある、プロジェクト "C:\Users\tuoza\source\repos\Archivio\Archivio\Archivio.csproj" からのターゲット "AssignTargetPaths" (ターゲット "PrepareResourceNames" は依存):
       "AssignTargetPath" タスクをアセンブリ "Microsoft.Build.Tasks.Core, Version=15.1.0.0, Culture=neutral, PublicKeyToken=b03f5f7f11d50a3a" から使用しています。
       タスク "AssignTargetPath"
       タスク "AssignTargetPath" の実行が終了しました。
       タスク "AssignTargetPath"
       タスク "AssignTargetPath" の実行が終了しました。
       タスク "AssignTargetPath"
       タスク "AssignTargetPath" の実行が終了しました。
       タスク "AssignTargetPath"
       タスク "AssignTargetPath" の実行が終了しました。
       タスク "AssignTargetPath"
       タスク "AssignTargetPath" の実行が終了しました。
   1:7>プロジェクト "Archivio.csproj" 内のターゲット "AssignTargetPaths" のビルドが終了しました。
   1:7>ファイル "C:\Program Files\dotnet\sdk\10.0.301\Sdks\Microsoft.NET.Sdk\targets\Microsoft.NET.Publish.targets" 内にある、プロジェクト "C:\Users\tuoza\source\repos\Archivio\Archivio\Archivio.csproj" からのターゲット "_IncludeContentItemsWithOnlyPublishMetadata" (ターゲット "PrepareResourceNames" は依存):
   1:7>プロジェクト "Archivio.csproj" 内のターゲット "_IncludeContentItemsWithOnlyPublishMetadata" のビルドが終了しました。
       ターゲット "AssignTargetPaths" を省略しました。以前に正しくビルドされていました。
   1:7>ファイル "C:\Program Files\dotnet\sdk\10.0.301\Microsoft.Common.CurrentVersion.targets" 内にある、プロジェクト "C:\Users\tuoza\source\repos\Archivio\Archivio\Archivio.csproj" からのターゲット "SplitResourcesByCulture" (ターゲット "PrepareResourceNames" は依存):
       "AssignCulture" タスクをアセンブリ "Microsoft.Build.Tasks.Core, Version=15.1.0.0, Culture=neutral, PublicKeyToken=b03f5f7f11d50a3a" から使用しています。
       タスク "AssignCulture"
       タスク "AssignCulture" の実行が終了しました。
   1:7>プロジェクト "Archivio.csproj" 内のターゲット "SplitResourcesByCulture" のビルドが終了しました。
   1:7>ファイル "C:\Program Files\dotnet\sdk\10.0.301\Microsoft.Common.CurrentVersion.targets" 内にある、プロジェクト "C:\Users\tuoza\source\repos\Archivio\Archivio\Archivio.csproj" からのターゲット "CreateCustomManifestResourceNames" (ターゲット "PrepareResourceNames" は依存):
   1:7>プロジェクト "Archivio.csproj" 内のターゲット "CreateCustomManifestResourceNames" のビルドが終了しました。
   1:7>ファイル "C:\Program Files\dotnet\sdk\10.0.301\Microsoft.Common.CurrentVersion.targets" 内にある、プロジェクト "C:\Users\tuoza\source\repos\Archivio\Archivio\Archivio.csproj" からのターゲット "PrepareResourceNames" (ターゲット "PrepareResources" は依存):
   1:7>プロジェクト "Archivio.csproj" 内のターゲット "PrepareResourceNames" のビルドが終了しました。
       ターゲット "ResolveAssemblyReferences" を省略しました。以前に正しくビルドされていました。
       ターゲット "SplitResourcesByCulture" を省略しました。以前に正しくビルドされていました。
   1:7>ファイル "C:\Program Files\dotnet\sdk\10.0.301\Microsoft.Common.CurrentVersion.targets" 内にある、プロジェクト "C:\Users\tuoza\source\repos\Archivio\Archivio\Archivio.csproj" からのターゲット "BeforeResGen" (ターゲット "ResGen" は依存):
   1:7>プロジェクト "Archivio.csproj" 内のターゲット "BeforeResGen" のビルドが終了しました。
       ターゲット "ResolveReferences" を省略しました。以前に正しくビルドされていました。
   1:7>ファイル "C:\Program Files\dotnet\sdk\10.0.301\Microsoft.Common.CurrentVersion.targets" 内にある、プロジェクト "C:\Users\tuoza\source\repos\Archivio\Archivio\Archivio.csproj" からのターゲット "FindReferenceAssembliesForReferences" (ターゲット "CoreResGen" は依存):
   1:7>プロジェクト "Archivio.csproj" 内のターゲット "FindReferenceAssembliesForReferences" のビルドが終了しました。
   1:7>ファイル "C:\Program Files\dotnet\sdk\10.0.301\Microsoft.Common.CurrentVersion.targets" 内にある、プロジェクト "C:\Users\tuoza\source\repos\Archivio\Archivio\Archivio.csproj" からのターゲット "CoreResGen" (ターゲット "ResGen" は依存):
   1:7>プロジェクト "Archivio.csproj" 内のターゲット "CoreResGen" のビルドが終了しました。
   1:7>ファイル "C:\Program Files\dotnet\sdk\10.0.301\Microsoft.Common.CurrentVersion.targets" 内にある、プロジェクト "C:\Users\tuoza\source\repos\Archivio\Archivio\Archivio.csproj" からのターゲット "AfterResGen" (ターゲット "ResGen" は依存):
   1:7>プロジェクト "Archivio.csproj" 内のターゲット "AfterResGen" のビルドが終了しました。
   1:7>ファイル "C:\Program Files\dotnet\sdk\10.0.301\Microsoft.Common.CurrentVersion.targets" 内にある、プロジェクト "C:\Users\tuoza\source\repos\Archivio\Archivio\Archivio.csproj" からのターゲット "ResGen" (ターゲット "PrepareResources" は依存):
   1:7>プロジェクト "Archivio.csproj" 内のターゲット "ResGen" のビルドが終了しました。
   1:7>ファイル "C:\Program Files\dotnet\sdk\10.0.301\Microsoft.Common.CurrentVersion.targets" 内にある、プロジェクト "C:\Users\tuoza\source\repos\Archivio\Archivio\Archivio.csproj" からのターゲット "PrepareResources" (ターゲット "CoreBuild" は依存):
   1:7>プロジェクト "Archivio.csproj" 内のターゲット "PrepareResources" のビルドが終了しました。
       ターゲット "ResolveReferences" を省略しました。以前に正しくビルドされていました。
   1:7>ファイル "C:\Program Files\dotnet\sdk\10.0.301\Microsoft.Common.CurrentVersion.targets" 内にある、プロジェクト "C:\Users\tuoza\source\repos\Archivio\Archivio\Archivio.csproj" からのターゲット "_SetEmbeddedWin32ManifestProperties" (ターゲット "SetWin32ManifestProperties" は依存):
       C:\Program Files\dotnet\sdk\10.0.301\Microsoft.Common.CurrentVersion.targets(4212,7): message : プロパティの再代入: $(EmbeddedWin32Manifest)="app.manifest" (以前の値: "") C:\Program Files\dotnet\sdk\10.0.301\Microsoft.Common.CurrentVersion.targets (4212,7) [C:\Users\tuoza\source\repos\Archivio\Archivio\Archivio.csproj]
   1:7>プロジェクト "Archivio.csproj" 内のターゲット "_SetEmbeddedWin32ManifestProperties" のビルドが終了しました。
   1:7>ファイル "C:\Program Files\dotnet\sdk\10.0.301\Microsoft.Common.CurrentVersion.targets" 内にある、プロジェクト "C:\Users\tuoza\source\repos\Archivio\Archivio\Archivio.csproj" からのターゲット "SetWin32ManifestProperties" (ターゲット "Compile" は依存):
   1:7>プロジェクト "Archivio.csproj" 内のターゲット "SetWin32ManifestProperties" のビルドが終了しました。
       ターゲット "FindReferenceAssembliesForReferences" を省略しました。以前に正しくビルドされていました。
   1:7>ファイル "C:\Program Files\dotnet\sdk\10.0.301\Microsoft.Common.CurrentVersion.targets" 内にある、プロジェクト "C:\Users\tuoza\source\repos\Archivio\Archivio\Archivio.csproj" からのターゲット "_GenerateCompileInputs" (ターゲット "Compile" は依存):
   1:7>プロジェクト "Archivio.csproj" 内のターゲット "_GenerateCompileInputs" のビルドが終了しました。
       ターゲット "PrepareForBuild" を省略しました。以前に正しくビルドされていました。
       ターゲット "GetReferenceAssemblyPaths" を省略しました。以前に正しくビルドされていました。
   1:7>ファイル "C:\Program Files\dotnet\sdk\10.0.301\Microsoft.CSharp.CurrentVersion.targets" 内にある、プロジェクト "C:\Users\tuoza\source\repos\Archivio\Archivio\Archivio.csproj" からのターゲット "_SetTargetFrameworkMonikerAttribute" (ターゲット "GenerateTargetFrameworkMonikerAttribute" は依存):
   1:7>プロジェクト "Archivio.csproj" 内のターゲット "_SetTargetFrameworkMonikerAttribute" のビルドが終了しました。
   1:7>ファイル "C:\Program Files\dotnet\sdk\10.0.301\Microsoft.Common.CurrentVersion.targets" 内にある、プロジェクト "C:\Users\tuoza\source\repos\Archivio\Archivio\Archivio.csproj" からのターゲット "GenerateTargetFrameworkMonikerAttribute" (ターゲット "BeforeCompile" は依存):
       すべての出力ファイルが入力ファイルに対して最新なので、ターゲット "GenerateTargetFrameworkMonikerAttribute" を省略します。
       入力ファイル: C:\Program Files\dotnet\sdk\10.0.301\Microsoft.Common.targets
       出力ファイル: obj\x64\Debug\net10.0-windows10.0.19041.0\win-x64\.NETCoreApp,Version=v10.0.AssemblyAttributes.cs
   1:7>プロジェクト "Archivio.csproj" 内のターゲット "GenerateTargetFrameworkMonikerAttribute" のビルドが終了しました。
   1:7>ファイル "C:\Users\tuoza\.nuget\packages\microsoft.windowsappsdk.foundation\1.8.260803002\buildTransitive\Microsoft.WindowsAppSDK.Bootstrap.CS.targets" 内にある、プロジェクト "C:\Users\tuoza\source\repos\Archivio\Archivio\Archivio.csproj" からのターゲット "GenerateBootstrapCS" (ターゲット "BeforeCompile" は依存):
   1:7>プロジェクト "Archivio.csproj" 内のターゲット "GenerateBootstrapCS" のビルドが終了しました。
   1:7>ファイル "C:\Users\tuoza\.nuget\packages\microsoft.windowsappsdk.foundation\1.8.260803002\buildTransitive\Microsoft.WindowsAppSDK.AutoInitializer.CS.targets" 内にある、プロジェクト "C:\Users\tuoza\source\repos\Archivio\Archivio\Archivio.csproj" からのターゲット "WindowsAppRuntimeAutoInitializer" (ターゲット "BeforeCompile" は依存):
   1:7>プロジェクト "Archivio.csproj" 内のターゲット "WindowsAppRuntimeAutoInitializer" のビルドが終了しました。
       ターゲット "PrepareForBuild" を省略しました。以前に正しくビルドされていました。
   1:7>ファイル "C:\Program Files\dotnet\sdk\10.0.301\Sdks\Microsoft.NET.Sdk\targets\Microsoft.NET.GenerateAssemblyInfo.targets" 内にある、プロジェクト "C:\Users\tuoza\source\repos\Archivio\Archivio\Archivio.csproj" からのターゲット "GetAssemblyVersion" (ターゲット "GetAssemblyAttributes" は依存):
       "GetAssemblyVersion" タスクをアセンブリ "C:\Program Files\dotnet\sdk\10.0.301\Sdks\Microsoft.NET.Sdk\targets\..\tools\net10.0\Microsoft.NET.Build.Tasks.dll" から使用しています。
       タスク "GetAssemblyVersion"
       タスク "GetAssemblyVersion" の実行が終了しました。
   1:7>プロジェクト "Archivio.csproj" 内のターゲット "GetAssemblyVersion" のビルドが終了しました。
   1:7>ファイル "C:\Program Files\dotnet\sdk\10.0.301\Sdks\Microsoft.Build.Tasks.Git\build\Microsoft.Build.Tasks.Git.targets" 内にある、プロジェクト "C:\Users\tuoza\source\repos\Archivio\Archivio\Archivio.csproj" からのターゲット "InitializeSourceControlInformationFromSourceControlManager" (ターゲット "_InitializeSourceControlInformationFromSourceControlManager" は依存):
       "Microsoft.Build.Tasks.Git.LocateRepository" タスクをアセンブリ "C:\Program Files\dotnet\sdk\10.0.301\Sdks\Microsoft.Build.Tasks.Git\build\..\tools\net\Microsoft.Build.Tasks.Git.dll" から使用しています。
       タスク "Microsoft.Build.Tasks.Git.LocateRepository"
         SourceLink: Repository instance not found in cache: '*:C:\Users\tuoza\source\repos\Archivio\.git'
       タスク "Microsoft.Build.Tasks.Git.LocateRepository" の実行が終了しました。
   1:7>プロジェクト "Archivio.csproj" 内のターゲット "InitializeSourceControlInformationFromSourceControlManager" のビルドが終了しました。
   1:7>ファイル "C:\Program Files\dotnet\sdk\10.0.301\Sdks\Microsoft.SourceLink.Common\build\InitializeSourceControlInformation.targets" 内にある、プロジェクト "C:\Users\tuoza\source\repos\Archivio\Archivio\Archivio.csproj" からのターゲット "_SourceLinkHasSingleProvider" (ターゲット "_InitializeSourceControlInformationFromSourceControlManager" は依存):
       TaskRun 中にアセンブリが読み込まれました: Microsoft.SourceLink.Common, Version=10.0.14.27133, Culture=neutral, PublicKeyToken=31bf3856ad364e35 (場所: C:\Program Files\dotnet\sdk\10.0.301\Sdks\Microsoft.SourceLink.Common\tools\net\Microsoft.SourceLink.Common.dll、MVID: 1527b376-6f4f-4dfe-993c-c133d378ccc3、AssemblyLoadContext: MSBuild plugin C:\Program Files\dotnet\sdk\10.0.301\Sdks\Microsoft.SourceLink.Common\tools\net\Microsoft.SourceLink.Common.dll)
       "Microsoft.SourceLink.Common.SourceLinkHasSingleProvider" タスクをアセンブリ "C:\Program Files\dotnet\sdk\10.0.301\Sdks\Microsoft.SourceLink.Common\build\..\tools\net\Microsoft.SourceLink.Common.dll" から使用しています。
       タスク "Microsoft.SourceLink.Common.SourceLinkHasSingleProvider"
       タスク "Microsoft.SourceLink.Common.SourceLinkHasSingleProvider" の実行が終了しました。
   1:7>プロジェクト "Archivio.csproj" 内のターゲット "_SourceLinkHasSingleProvider" のビルドが終了しました。
   1:7>ファイル "C:\Program Files\dotnet\sdk\10.0.301\Sdks\Microsoft.SourceLink.GitHub\build\Microsoft.SourceLink.GitHub.targets" 内にある、プロジェクト "C:\Users\tuoza\source\repos\Archivio\Archivio\Archivio.csproj" からのターゲット "TranslateGitHubUrlsInSourceControlInformation" (ターゲット "_InitializeSourceControlInformationFromSourceControlManager" は依存):
       TaskRun 中にアセンブリが読み込まれました: Microsoft.SourceLink.GitHub, Version=10.0.14.27133, Culture=neutral, PublicKeyToken=31bf3856ad364e35 (場所: C:\Program Files\dotnet\sdk\10.0.301\Sdks\Microsoft.SourceLink.GitHub\tools\net\Microsoft.SourceLink.GitHub.dll、MVID: 7f97413b-90fa-4154-b9e5-4643ba70fbeb、AssemblyLoadContext: MSBuild plugin C:\Program Files\dotnet\sdk\10.0.301\Sdks\Microsoft.SourceLink.GitHub\tools\net\Microsoft.SourceLink.GitHub.dll)
       "Microsoft.SourceLink.GitHub.TranslateRepositoryUrls" タスクをアセンブリ "C:\Program Files\dotnet\sdk\10.0.301\Sdks\Microsoft.SourceLink.GitHub\build\..\tools\net\Microsoft.SourceLink.GitHub.dll" から使用しています。
       タスク "Microsoft.SourceLink.GitHub.TranslateRepositoryUrls"
       タスク "Microsoft.SourceLink.GitHub.TranslateRepositoryUrls" の実行が終了しました。
   1:7>プロジェクト "Archivio.csproj" 内のターゲット "TranslateGitHubUrlsInSourceControlInformation" のビルドが終了しました。
   1:7>ファイル "C:\Program Files\dotnet\sdk\10.0.301\Sdks\Microsoft.SourceLink.GitLab\build\Microsoft.SourceLink.GitLab.targets" 内にある、プロジェクト "C:\Users\tuoza\source\repos\Archivio\Archivio\Archivio.csproj" からのターゲット "TranslateGitLabUrlsInSourceControlInformation" (ターゲット "_InitializeSourceControlInformationFromSourceControlManager" は依存):
       TaskRun 中にアセンブリが読み込まれました: Microsoft.SourceLink.GitLab, Version=10.0.14.27133, Culture=neutral, PublicKeyToken=31bf3856ad364e35 (場所: C:\Program Files\dotnet\sdk\10.0.301\Sdks\Microsoft.SourceLink.GitLab\tools\net\Microsoft.SourceLink.GitLab.dll、MVID: 1607b798-7ec6-4e4c-9ba6-fde8af96617d、AssemblyLoadContext: MSBuild plugin C:\Program Files\dotnet\sdk\10.0.301\Sdks\Microsoft.SourceLink.GitLab\tools\net\Microsoft.SourceLink.GitLab.dll)
       "Microsoft.SourceLink.GitLab.TranslateRepositoryUrls" タスクをアセンブリ "C:\Program Files\dotnet\sdk\10.0.301\Sdks\Microsoft.SourceLink.GitLab\build\..\tools\net\Microsoft.SourceLink.GitLab.dll" から使用しています。
       タスク "Microsoft.SourceLink.GitLab.TranslateRepositoryUrls"
       タスク "Microsoft.SourceLink.GitLab.TranslateRepositoryUrls" の実行が終了しました。
   1:7>プロジェクト "Archivio.csproj" 内のターゲット "TranslateGitLabUrlsInSourceControlInformation" のビルドが終了しました。
   1:7>ファイル "C:\Program Files\dotnet\sdk\10.0.301\Sdks\Microsoft.SourceLink.AzureRepos.Git\build\Microsoft.SourceLink.AzureRepos.Git.targets" 内にある、プロジェクト "C:\Users\tuoza\source\repos\Archivio\Archivio\Archivio.csproj" からのターゲット "TranslateAzureReposGitUrlsInSourceControlInformation" (ターゲット "_InitializeSourceControlInformationFromSourceControlManager" は依存):
       TaskRun 中にアセンブリが読み込まれました: Microsoft.SourceLink.AzureRepos.Git, Version=10.0.14.27133, Culture=neutral, PublicKeyToken=31bf3856ad364e35 (場所: C:\Program Files\dotnet\sdk\10.0.301\Sdks\Microsoft.SourceLink.AzureRepos.Git\tools\net\Microsoft.SourceLink.AzureRepos.Git.dll、MVID: 4f7a1372-68c5-4cc3-8c1c-82f714f14c69、AssemblyLoadContext: MSBuild plugin C:\Program Files\dotnet\sdk\10.0.301\Sdks\Microsoft.SourceLink.AzureRepos.Git\tools\net\Microsoft.SourceLink.AzureRepos.Git.dll)
       "Microsoft.SourceLink.AzureRepos.Git.TranslateRepositoryUrls" タスクをアセンブリ "C:\Program Files\dotnet\sdk\10.0.301\Sdks\Microsoft.SourceLink.AzureRepos.Git\build\..\tools\net\Microsoft.SourceLink.AzureRepos.Git.dll" から使用しています。
       タスク "Microsoft.SourceLink.AzureRepos.Git.TranslateRepositoryUrls"
       タスク "Microsoft.SourceLink.AzureRepos.Git.TranslateRepositoryUrls" の実行が終了しました。
   1:7>プロジェクト "Archivio.csproj" 内のターゲット "TranslateAzureReposGitUrlsInSourceControlInformation" のビルドが終了しました。
   1:7>ファイル "C:\Program Files\dotnet\sdk\10.0.301\Sdks\Microsoft.SourceLink.Bitbucket.Git\build\Microsoft.SourceLink.Bitbucket.Git.targets" 内にある、プロジェクト "C:\Users\tuoza\source\repos\Archivio\Archivio\Archivio.csproj" からのターゲット "TranslateBitbucketGitUrlsInSourceControlInformation" (ターゲット "_InitializeSourceControlInformationFromSourceControlManager" は依存):
       TaskRun 中にアセンブリが読み込まれました: Microsoft.SourceLink.Bitbucket.Git, Version=10.0.14.27133, Culture=neutral, PublicKeyToken=31bf3856ad364e35 (場所: C:\Program Files\dotnet\sdk\10.0.301\Sdks\Microsoft.SourceLink.Bitbucket.Git\tools\net\Microsoft.SourceLink.Bitbucket.Git.dll、MVID: 1656224d-accb-474f-a41f-9ddb79d7a3c1、AssemblyLoadContext: MSBuild plugin C:\Program Files\dotnet\sdk\10.0.301\Sdks\Microsoft.SourceLink.Bitbucket.Git\tools\net\Microsoft.SourceLink.Bitbucket.Git.dll)
       "Microsoft.SourceLink.Bitbucket.Git.TranslateRepositoryUrls" タスクをアセンブリ "C:\Program Files\dotnet\sdk\10.0.301\Sdks\Microsoft.SourceLink.Bitbucket.Git\build\..\tools\net\Microsoft.SourceLink.Bitbucket.Git.dll" から使用しています。
       タスク "Microsoft.SourceLink.Bitbucket.Git.TranslateRepositoryUrls"
       タスク "Microsoft.SourceLink.Bitbucket.Git.TranslateRepositoryUrls" の実行が終了しました。
   1:7>プロジェクト "Archivio.csproj" 内のターゲット "TranslateBitbucketGitUrlsInSourceControlInformation" のビルドが終了しました。
   1:7>ファイル "C:\Program Files\dotnet\sdk\10.0.301\Sdks\Microsoft.SourceLink.Common\build\InitializeSourceControlInformation.targets" 内にある、プロジェクト "C:\Users\tuoza\source\repos\Archivio\Archivio\Archivio.csproj" からのターゲット "SourceControlManagerPublishTranslatedUrls" (ターゲット "_InitializeSourceControlInformationFromSourceControlManager" は依存):
   1:7>プロジェクト "Archivio.csproj" 内のターゲット "SourceControlManagerPublishTranslatedUrls" のビルドが終了しました。
   1:7>ファイル "C:\Program Files\dotnet\sdk\10.0.301\Sdks\Microsoft.SourceLink.Common\build\InitializeSourceControlInformation.targets" 内にある、プロジェクト "C:\Users\tuoza\source\repos\Archivio\Archivio\Archivio.csproj" からのターゲット "_InitializeSourceControlInformationFromSourceControlManager" (ターゲット "InitializeSourceControlInformation" は依存):
   1:7>プロジェクト "Archivio.csproj" 内のターゲット "_InitializeSourceControlInformationFromSourceControlManager" のビルドが終了しました。
   1:7>ファイル "C:\Program Files\dotnet\sdk\10.0.301\Microsoft.Common.CurrentVersion.targets" 内にある、プロジェクト "C:\Users\tuoza\source\repos\Archivio\Archivio\Archivio.csproj" からのターゲット "InitializeSourceControlInformation" (ターゲット "GetAssemblyAttributes" は依存):
   1:7>プロジェクト "Archivio.csproj" 内のターゲット "InitializeSourceControlInformation" のビルドが終了しました。
       ターゲット "GetAssemblyVersion" を省略しました。以前に正しくビルドされていました。
       ターゲット "InitializeSourceControlInformation" を省略しました。以前に正しくビルドされていました。
   1:7>ファイル "C:\Program Files\dotnet\sdk\10.0.301\Sdks\Microsoft.NET.Sdk\targets\Microsoft.NET.GenerateAssemblyInfo.targets" 内にある、プロジェクト "C:\Users\tuoza\source\repos\Archivio\Archivio\Archivio.csproj" からのターゲット "AddSourceRevisionToInformationalVersion" (ターゲット "GetAssemblyAttributes" は依存):
       C:\Program Files\dotnet\sdk\10.0.301\Sdks\Microsoft.NET.Sdk\targets\Microsoft.NET.GenerateAssemblyInfo.targets(70,7): message : プロパティの再代入: $(InformationalVersion)="1.1.1+86093f39a2c2178bd45bfed9ebf1dc236243ae5a" (以前の値: "1.1.1") C:\Program Files\dotnet\sdk\10.0.301\Sdks\Microsoft.NET.Sdk\targets\Microsoft.NET.GenerateAssemblyInfo.targets (70,7) [C:\Users\tuoza\source\repos\Archivio\Archivio\Archivio.csproj]
   1:7>プロジェクト "Archivio.csproj" 内のターゲット "AddSourceRevisionToInformationalVersion" のビルドが終了しました。
   1:7>ファイル "C:\Program Files\dotnet\sdk\10.0.301\Sdks\Microsoft.NET.Sdk\targets\Microsoft.NET.GenerateAssemblyInfo.targets" 内にある、プロジェクト "C:\Users\tuoza\source\repos\Archivio\Archivio\Archivio.csproj" からのターゲット "GetAssemblyAttributes" (ターゲット "CreateGeneratedAssemblyInfoInputsCacheFile" は依存):
   1:7>プロジェクト "Archivio.csproj" 内のターゲット "GetAssemblyAttributes" のビルドが終了しました。
   1:7>ファイル "C:\Program Files\dotnet\sdk\10.0.301\Sdks\Microsoft.NET.Sdk\targets\Microsoft.NET.GenerateAssemblyInfo.targets" 内にある、プロジェクト "C:\Users\tuoza\source\repos\Archivio\Archivio\Archivio.csproj" からのターゲット "CreateGeneratedAssemblyInfoInputsCacheFile" (ターゲット "CoreGenerateAssemblyInfo" は依存):
       "Hash" タスクをアセンブリ "Microsoft.Build.Tasks.Core, Version=15.1.0.0, Culture=neutral, PublicKeyToken=b03f5f7f11d50a3a" から使用しています。
       タスク "Hash"
       タスク "Hash" の実行が終了しました。
       タスク "WriteLinesToFile"
         コンテンツが変更されていないため、ファイル "obj\x64\Debug\net10.0-windows10.0.19041.0\win-x64\Archivio.AssemblyInfoInputs.cache" への書き込みをスキップします。
       タスク "WriteLinesToFile" の実行が終了しました。
   1:7>プロジェクト "Archivio.csproj" 内のターゲット "CreateGeneratedAssemblyInfoInputsCacheFile" のビルドが終了しました。
   1:7>ファイル "C:\Program Files\dotnet\sdk\10.0.301\Sdks\Microsoft.NET.Sdk\targets\Microsoft.NET.GenerateAssemblyInfo.targets" 内にある、プロジェクト "C:\Users\tuoza\source\repos\Archivio\Archivio\Archivio.csproj" からのターゲット "CoreGenerateAssemblyInfo" (ターゲット "GenerateAssemblyInfo" は依存):
       すべての出力ファイルが入力ファイルに対して最新なので、ターゲット "CoreGenerateAssemblyInfo" を省略します。
       入力ファイル: obj\x64\Debug\net10.0-windows10.0.19041.0\win-x64\Archivio.AssemblyInfoInputs.cache
       出力ファイル: obj\x64\Debug\net10.0-windows10.0.19041.0\win-x64\Archivio.AssemblyInfo.cs
   1:7>プロジェクト "Archivio.csproj" 内のターゲット "CoreGenerateAssemblyInfo" のビルドが終了しました。
   1:7>ファイル "C:\Program Files\dotnet\sdk\10.0.301\Sdks\Microsoft.NET.Sdk\targets\Microsoft.NET.GenerateAssemblyInfo.targets" 内にある、プロジェクト "C:\Users\tuoza\source\repos\Archivio\Archivio\Archivio.csproj" からのターゲット "GenerateAssemblyInfo" (ターゲット "BeforeCompile" は依存):
   1:7>プロジェクト "Archivio.csproj" 内のターゲット "GenerateAssemblyInfo" のビルドが終了しました。
   1:7>ファイル "C:\Program Files\dotnet\sdk\10.0.301\Microsoft.Common.CurrentVersion.targets" 内にある、プロジェクト "C:\Users\tuoza\source\repos\Archivio\Archivio\Archivio.csproj" からのターゲット "BeforeCompile" (ターゲット "Compile" は依存):
   1:7>プロジェクト "Archivio.csproj" 内のターゲット "BeforeCompile" のビルドが終了しました。
       ターゲット "ResolveAssemblyReferences" を省略しました。以前に正しくビルドされていました。
       ターゲット "_GenerateCompileInputs" を省略しました。以前に正しくビルドされていました。
   1:7>ファイル "C:\Program Files\dotnet\sdk\10.0.301\Microsoft.Common.CurrentVersion.targets" 内にある、プロジェクト "C:\Users\tuoza\source\repos\Archivio\Archivio\Archivio.csproj" からのターゲット "_GenerateCompileDependencyCache" (ターゲット "Compile" は依存):
       タスク "Hash"
       タスク "Hash" の実行が終了しました。
       タスク "WriteLinesToFile"
         コンテンツが変更されていないため、ファイル "obj\x64\Debug\net10.0-windows10.0.19041.0\win-x64\Archivio.csproj.CoreCompileInputs.cache" への書き込みをスキップします。
       タスク "WriteLinesToFile" の実行が終了しました。
   1:7>プロジェクト "Archivio.csproj" 内のターゲット "_GenerateCompileDependencyCache" のビルドが終了しました。
   1:7>ファイル "C:\Program Files\dotnet\sdk\10.0.301\Roslyn\Microsoft.Managed.Core.targets" 内にある、プロジェクト "C:\Users\tuoza\source\repos\Archivio\Archivio\Archivio.csproj" からのターゲット "_BeforeVBCSCoreCompile" (ターゲット "CoreCompile" は依存):
   1:7>プロジェクト "Archivio.csproj" 内のターゲット "_BeforeVBCSCoreCompile" のビルドが終了しました。
   1:7>ファイル "C:\Program Files\dotnet\sdk\10.0.301\Roslyn\Microsoft.Managed.Core.targets" 内にある、プロジェクト "C:\Users\tuoza\source\repos\Archivio\Archivio\Archivio.csproj" からのターゲット "_ComputeSkipAnalyzers" (ターゲット "CoreCompile" は依存):
   1:7>プロジェクト "Archivio.csproj" 内のターゲット "_ComputeSkipAnalyzers" のビルドが終了しました。
       ターゲット "ResolveAssemblyReferences" を省略しました。以前に正しくビルドされていました。
   1:7>ファイル "C:\Users\tuoza\.nuget\packages\microsoft.windowsappsdk.winui\1.8.260803003\buildTransitive\Microsoft.WinUI.targets" 内にある、プロジェクト "C:\Users\tuoza\source\repos\Archivio\Archivio\Archivio.csproj" からのターゲット "CheckForInvalidWinUIReferenceInMixedScenarios" (ターゲット "CoreCompile" は依存):
   1:7>プロジェクト "Archivio.csproj" 内のターゲット "CheckForInvalidWinUIReferenceInMixedScenarios" のビルドが終了しました。
       ターゲット "BeforeCompile" を省略しました。以前に正しくビルドされていました。
       ターゲット "InitializeSourceControlInformationFromSourceControlManager" を省略しました。以前に正しくビルドされていました。
   1:7>ファイル "C:\Program Files\dotnet\sdk\10.0.301\Sdks\Microsoft.Build.Tasks.Git\build\Microsoft.Build.Tasks.Git.targets" 内にある、プロジェクト "C:\Users\tuoza\source\repos\Archivio\Archivio\Archivio.csproj" からのターゲット "SetEmbeddedFilesFromSourceControlManagerUntrackedFiles" (ターゲット "_SetEmbeddedFilesFromSourceControlManagerUntrackedFiles" は依存):
       "Microsoft.Build.Tasks.Git.GetUntrackedFiles" タスクをアセンブリ "C:\Program Files\dotnet\sdk\10.0.301\Sdks\Microsoft.Build.Tasks.Git\build\..\tools\net\Microsoft.Build.Tasks.Git.dll" から使用しています。
       タスク "Microsoft.Build.Tasks.Git.GetUntrackedFiles"
         SourceLink: Reusing cached git repository information.
       タスク "Microsoft.Build.Tasks.Git.GetUntrackedFiles" の実行が終了しました。
   1:7>プロジェクト "Archivio.csproj" 内のターゲット "SetEmbeddedFilesFromSourceControlManagerUntrackedFiles" のビルドが終了しました。
   1:7>ファイル "C:\Program Files\dotnet\sdk\10.0.301\Sdks\Microsoft.SourceLink.Common\build\Microsoft.SourceLink.Common.targets" 内にある、プロジェクト "C:\Users\tuoza\source\repos\Archivio\Archivio\Archivio.csproj" からのターゲット "_SetEmbeddedFilesFromSourceControlManagerUntrackedFiles" (ターゲット "CoreCompile" は依存):
   1:7>プロジェクト "Archivio.csproj" 内のターゲット "_SetEmbeddedFilesFromSourceControlManagerUntrackedFiles" のビルドが終了しました。
       ターゲット "InitializeSourceControlInformation" を省略しました。以前に正しくビルドされていました。
   1:7>ファイル "C:\Program Files\dotnet\sdk\10.0.301\Sdks\Microsoft.SourceLink.Common\build\Microsoft.SourceLink.Common.targets" 内にある、プロジェクト "C:\Users\tuoza\source\repos\Archivio\Archivio\Archivio.csproj" からのターゲット "_SetSourceLinkFilePath" (ターゲット "_GenerateSourceLinkFile" は依存):
   1:7>プロジェクト "Archivio.csproj" 内のターゲット "_SetSourceLinkFilePath" のビルドが終了しました。
       ターゲット "InitializeSourceControlInformation" を省略しました。以前に正しくビルドされていました。
   1:7>ファイル "C:\Program Files\dotnet\sdk\10.0.301\Roslyn\Microsoft.Managed.Core.targets" 内にある、プロジェクト "C:\Users\tuoza\source\repos\Archivio\Archivio\Archivio.csproj" からのターゲット "_InitializeSourceRootMappedPathsFromSourceControl" (ターゲット "InitializeSourceRootMappedPaths" は依存):
   1:7>プロジェクト "Archivio.csproj" 内のターゲット "_InitializeSourceRootMappedPathsFromSourceControl" のビルドが終了しました。
   1:7>ファイル "C:\Program Files\dotnet\sdk\10.0.301\Roslyn\Microsoft.Managed.Core.targets" 内にある、プロジェクト "C:\Users\tuoza\source\repos\Archivio\Archivio\Archivio.csproj" からのターゲット "InitializeSourceRootMappedPaths" (ターゲット "_InitializeSourceRootMappedPathsOpt" は依存):
       "Microsoft.CodeAnalysis.BuildTasks.MapSourceRoots" タスクをアセンブリ "C:\Program Files\dotnet\sdk\10.0.301\Sdks\Microsoft.NET.Sdk\targets\..\..\..\Roslyn\Microsoft.Build.Tasks.CodeAnalysis.dll" から使用しています。
       タスク "Microsoft.CodeAnalysis.BuildTasks.MapSourceRoots"
       タスク "Microsoft.CodeAnalysis.BuildTasks.MapSourceRoots" の実行が終了しました。
   1:7>プロジェクト "Archivio.csproj" 内のターゲット "InitializeSourceRootMappedPaths" のビルドが終了しました。
   1:7>ファイル "C:\Program Files\dotnet\sdk\10.0.301\Sdks\Microsoft.SourceLink.Common\build\Microsoft.SourceLink.Common.targets" 内にある、プロジェクト "C:\Users\tuoza\source\repos\Archivio\Archivio\Archivio.csproj" からのターゲット "_InitializeSourceRootMappedPathsOpt" (ターゲット "_GenerateSourceLinkFile" は依存):
   1:7>プロジェクト "Archivio.csproj" 内のターゲット "_InitializeSourceRootMappedPathsOpt" のビルドが終了しました。
   1:7>ファイル "C:\Program Files\dotnet\sdk\10.0.301\Sdks\Microsoft.SourceLink.GitHub\build\Microsoft.SourceLink.GitHub.targets" 内にある、プロジェクト "C:\Users\tuoza\source\repos\Archivio\Archivio\Archivio.csproj" からのターゲット "_InitializeGitHubSourceLinkUrl" (ターゲット "_GenerateSourceLinkFile" は依存):
       ターゲット "_InitializeGitHubSourceLinkUrl" を完全にビルドしています。
       入力ファイルが指定されていません。
       "Microsoft.SourceLink.GitHub.GetSourceLinkUrl" タスクをアセンブリ "C:\Program Files\dotnet\sdk\10.0.301\Sdks\Microsoft.SourceLink.GitHub\build\..\tools\net\Microsoft.SourceLink.GitHub.dll" から使用しています。
       タスク "Microsoft.SourceLink.GitHub.GetSourceLinkUrl"
       タスク "Microsoft.SourceLink.GitHub.GetSourceLinkUrl" の実行が終了しました。
   1:7>プロジェクト "Archivio.csproj" 内のターゲット "_InitializeGitHubSourceLinkUrl" のビルドが終了しました。
   1:7>ファイル "C:\Program Files\dotnet\sdk\10.0.301\Sdks\Microsoft.SourceLink.GitHub\build\Microsoft.SourceLink.GitHub.targets" 内にある、プロジェクト "C:\Users\tuoza\source\repos\Archivio\Archivio\Archivio.csproj" からのターゲット "_InitializeGitHubSourceLinkUrl" (ターゲット "_GenerateSourceLinkFile" は依存):
       ターゲット "_InitializeGitHubSourceLinkUrl" を完全にビルドしています。
       入力ファイルが指定されていません。
       タスク "Microsoft.SourceLink.GitHub.GetSourceLinkUrl"
       タスク "Microsoft.SourceLink.GitHub.GetSourceLinkUrl" の実行が終了しました。
   1:7>プロジェクト "Archivio.csproj" 内のターゲット "_InitializeGitHubSourceLinkUrl" のビルドが終了しました。
   1:7>ファイル "C:\Program Files\dotnet\sdk\10.0.301\Sdks\Microsoft.SourceLink.GitHub\build\Microsoft.SourceLink.GitHub.targets" 内にある、プロジェクト "C:\Users\tuoza\source\repos\Archivio\Archivio\Archivio.csproj" からのターゲット "_InitializeGitHubSourceLinkUrl" (ターゲット "_GenerateSourceLinkFile" は依存):
       ターゲット "_InitializeGitHubSourceLinkUrl" を完全にビルドしています。
       入力ファイルが指定されていません。
       タスク "Microsoft.SourceLink.GitHub.GetSourceLinkUrl"
       タスク "Microsoft.SourceLink.GitHub.GetSourceLinkUrl" の実行が終了しました。
   1:7>プロジェクト "Archivio.csproj" 内のターゲット "_InitializeGitHubSourceLinkUrl" のビルドが終了しました。
   1:7>ファイル "C:\Program Files\dotnet\sdk\10.0.301\Sdks\Microsoft.SourceLink.GitLab\build\Microsoft.SourceLink.GitLab.targets" 内にある、プロジェクト "C:\Users\tuoza\source\repos\Archivio\Archivio\Archivio.csproj" からのターゲット "_InitializeGitLabSourceLinkUrl" (ターゲット "_GenerateSourceLinkFile" は依存):
       ターゲット "_InitializeGitLabSourceLinkUrl" を完全にビルドしています。
       入力ファイルが指定されていません。
       "Microsoft.SourceLink.GitLab.GetSourceLinkUrl" タスクをアセンブリ "C:\Program Files\dotnet\sdk\10.0.301\Sdks\Microsoft.SourceLink.GitLab\build\..\tools\net\Microsoft.SourceLink.GitLab.dll" から使用しています。
       タスク "Microsoft.SourceLink.GitLab.GetSourceLinkUrl"
       C:\Program Files\dotnet\sdk\10.0.301\Sdks\Microsoft.SourceLink.GitLab\build\Microsoft.SourceLink.GitLab.targets(37,7): message : プロパティの再代入: $(_SourceLinkUrlToUpdate)="N/A" (以前の値: "https://raw.githubusercontent.com/tuozaijp-cpu/Archivio/86093f39a2c2178bd45bfed9ebf1dc236243ae5a/*") C:\Program Files\dotnet\sdk\10.0.301\Sdks\Microsoft.SourceLink.GitLab\build\Microsoft.SourceLink.GitLab.targets (37,7) [C:\Users\tuoza\source\repos\Archivio\Archivio\Archivio.csproj]
       タスク "Microsoft.SourceLink.GitLab.GetSourceLinkUrl" の実行が終了しました。
   1:7>プロジェクト "Archivio.csproj" 内のターゲット "_InitializeGitLabSourceLinkUrl" のビルドが終了しました。
   1:7>ファイル "C:\Program Files\dotnet\sdk\10.0.301\Sdks\Microsoft.SourceLink.GitLab\build\Microsoft.SourceLink.GitLab.targets" 内にある、プロジェクト "C:\Users\tuoza\source\repos\Archivio\Archivio\Archivio.csproj" からのターゲット "_InitializeGitLabSourceLinkUrl" (ターゲット "_GenerateSourceLinkFile" は依存):
       ターゲット "_InitializeGitLabSourceLinkUrl" を完全にビルドしています。
       入力ファイルが指定されていません。
       タスク "Microsoft.SourceLink.GitLab.GetSourceLinkUrl"
       C:\Program Files\dotnet\sdk\10.0.301\Sdks\Microsoft.SourceLink.GitLab\build\Microsoft.SourceLink.GitLab.targets(37,7): message : プロパティの再代入: $(_SourceLinkUrlToUpdate)="N/A" (以前の値: "https://raw.githubusercontent.com/tuozaijp-cpu/Archivio/86093f39a2c2178bd45bfed9ebf1dc236243ae5a/*") C:\Program Files\dotnet\sdk\10.0.301\Sdks\Microsoft.SourceLink.GitLab\build\Microsoft.SourceLink.GitLab.targets (37,7) [C:\Users\tuoza\source\repos\Archivio\Archivio\Archivio.csproj]
       タスク "Microsoft.SourceLink.GitLab.GetSourceLinkUrl" の実行が終了しました。
   1:7>プロジェクト "Archivio.csproj" 内のターゲット "_InitializeGitLabSourceLinkUrl" のビルドが終了しました。
   1:7>ファイル "C:\Program Files\dotnet\sdk\10.0.301\Sdks\Microsoft.SourceLink.GitLab\build\Microsoft.SourceLink.GitLab.targets" 内にある、プロジェクト "C:\Users\tuoza\source\repos\Archivio\Archivio\Archivio.csproj" からのターゲット "_InitializeGitLabSourceLinkUrl" (ターゲット "_GenerateSourceLinkFile" は依存):
       ターゲット "_InitializeGitLabSourceLinkUrl" を完全にビルドしています。
       入力ファイルが指定されていません。
       タスク "Microsoft.SourceLink.GitLab.GetSourceLinkUrl"
       C:\Program Files\dotnet\sdk\10.0.301\Sdks\Microsoft.SourceLink.GitLab\build\Microsoft.SourceLink.GitLab.targets(37,7): message : プロパティの再代入: $(_SourceLinkUrlToUpdate)="N/A" (以前の値: "https://raw.githubusercontent.com/tuozaijp-cpu/Archivio/86093f39a2c2178bd45bfed9ebf1dc236243ae5a/*") C:\Program Files\dotnet\sdk\10.0.301\Sdks\Microsoft.SourceLink.GitLab\build\Microsoft.SourceLink.GitLab.targets (37,7) [C:\Users\tuoza\source\repos\Archivio\Archivio\Archivio.csproj]
       タスク "Microsoft.SourceLink.GitLab.GetSourceLinkUrl" の実行が終了しました。
   1:7>プロジェクト "Archivio.csproj" 内のターゲット "_InitializeGitLabSourceLinkUrl" のビルドが終了しました。
   1:7>ファイル "C:\Program Files\dotnet\sdk\10.0.301\Sdks\Microsoft.SourceLink.AzureRepos.Git\build\Microsoft.SourceLink.AzureRepos.Git.targets" 内にある、プロジェクト "C:\Users\tuoza\source\repos\Archivio\Archivio\Archivio.csproj" からのターゲット "_InitializeAzureReposGitSourceLinkUrl" (ターゲット "_GenerateSourceLinkFile" は依存):
       ターゲット "_InitializeAzureReposGitSourceLinkUrl" を完全にビルドしています。
       入力ファイルが指定されていません。
       "Microsoft.SourceLink.AzureRepos.Git.GetSourceLinkUrl" タスクをアセンブリ "C:\Program Files\dotnet\sdk\10.0.301\Sdks\Microsoft.SourceLink.AzureRepos.Git\build\..\tools\net\Microsoft.SourceLink.AzureRepos.Git.dll" から使用しています。
       タスク "Microsoft.SourceLink.AzureRepos.Git.GetSourceLinkUrl"
       タスク "Microsoft.SourceLink.AzureRepos.Git.GetSourceLinkUrl" の実行が終了しました。
   1:7>プロジェクト "Archivio.csproj" 内のターゲット "_InitializeAzureReposGitSourceLinkUrl" のビルドが終了しました。
   1:7>ファイル "C:\Program Files\dotnet\sdk\10.0.301\Sdks\Microsoft.SourceLink.AzureRepos.Git\build\Microsoft.SourceLink.AzureRepos.Git.targets" 内にある、プロジェクト "C:\Users\tuoza\source\repos\Archivio\Archivio\Archivio.csproj" からのターゲット "_InitializeAzureReposGitSourceLinkUrl" (ターゲット "_GenerateSourceLinkFile" は依存):
       ターゲット "_InitializeAzureReposGitSourceLinkUrl" を完全にビルドしています。
       入力ファイルが指定されていません。
       タスク "Microsoft.SourceLink.AzureRepos.Git.GetSourceLinkUrl"
       タスク "Microsoft.SourceLink.AzureRepos.Git.GetSourceLinkUrl" の実行が終了しました。
   1:7>プロジェクト "Archivio.csproj" 内のターゲット "_InitializeAzureReposGitSourceLinkUrl" のビルドが終了しました。
   1:7>ファイル "C:\Program Files\dotnet\sdk\10.0.301\Sdks\Microsoft.SourceLink.AzureRepos.Git\build\Microsoft.SourceLink.AzureRepos.Git.targets" 内にある、プロジェクト "C:\Users\tuoza\source\repos\Archivio\Archivio\Archivio.csproj" からのターゲット "_InitializeAzureReposGitSourceLinkUrl" (ターゲット "_GenerateSourceLinkFile" は依存):
       ターゲット "_InitializeAzureReposGitSourceLinkUrl" を完全にビルドしています。
       入力ファイルが指定されていません。
       タスク "Microsoft.SourceLink.AzureRepos.Git.GetSourceLinkUrl"
       タスク "Microsoft.SourceLink.AzureRepos.Git.GetSourceLinkUrl" の実行が終了しました。
   1:7>プロジェクト "Archivio.csproj" 内のターゲット "_InitializeAzureReposGitSourceLinkUrl" のビルドが終了しました。
   1:7>ファイル "C:\Program Files\dotnet\sdk\10.0.301\Sdks\Microsoft.SourceLink.Bitbucket.Git\build\Microsoft.SourceLink.Bitbucket.Git.targets" 内にある、プロジェクト "C:\Users\tuoza\source\repos\Archivio\Archivio\Archivio.csproj" からのターゲット "_InitializeBitbucketGitSourceLinkUrl" (ターゲット "_GenerateSourceLinkFile" は依存):
       ターゲット "_InitializeBitbucketGitSourceLinkUrl" を完全にビルドしています。
       入力ファイルが指定されていません。
       "Microsoft.SourceLink.Bitbucket.Git.GetSourceLinkUrl" タスクをアセンブリ "C:\Program Files\dotnet\sdk\10.0.301\Sdks\Microsoft.SourceLink.Bitbucket.Git\build\..\tools\net\Microsoft.SourceLink.Bitbucket.Git.dll" から使用しています。
       タスク "Microsoft.SourceLink.Bitbucket.Git.GetSourceLinkUrl"
       タスク "Microsoft.SourceLink.Bitbucket.Git.GetSourceLinkUrl" の実行が終了しました。
   1:7>プロジェクト "Archivio.csproj" 内のターゲット "_InitializeBitbucketGitSourceLinkUrl" のビルドが終了しました。
   1:7>ファイル "C:\Program Files\dotnet\sdk\10.0.301\Sdks\Microsoft.SourceLink.Bitbucket.Git\build\Microsoft.SourceLink.Bitbucket.Git.targets" 内にある、プロジェクト "C:\Users\tuoza\source\repos\Archivio\Archivio\Archivio.csproj" からのターゲット "_InitializeBitbucketGitSourceLinkUrl" (ターゲット "_GenerateSourceLinkFile" は依存):
       ターゲット "_InitializeBitbucketGitSourceLinkUrl" を完全にビルドしています。
       入力ファイルが指定されていません。
       タスク "Microsoft.SourceLink.Bitbucket.Git.GetSourceLinkUrl"
       タスク "Microsoft.SourceLink.Bitbucket.Git.GetSourceLinkUrl" の実行が終了しました。
   1:7>プロジェクト "Archivio.csproj" 内のターゲット "_InitializeBitbucketGitSourceLinkUrl" のビルドが終了しました。
   1:7>ファイル "C:\Program Files\dotnet\sdk\10.0.301\Sdks\Microsoft.SourceLink.Bitbucket.Git\build\Microsoft.SourceLink.Bitbucket.Git.targets" 内にある、プロジェクト "C:\Users\tuoza\source\repos\Archivio\Archivio\Archivio.csproj" からのターゲット "_InitializeBitbucketGitSourceLinkUrl" (ターゲット "_GenerateSourceLinkFile" は依存):
       ターゲット "_InitializeBitbucketGitSourceLinkUrl" を完全にビルドしています。
       入力ファイルが指定されていません。
       タスク "Microsoft.SourceLink.Bitbucket.Git.GetSourceLinkUrl"
       タスク "Microsoft.SourceLink.Bitbucket.Git.GetSourceLinkUrl" の実行が終了しました。
   1:7>プロジェクト "Archivio.csproj" 内のターゲット "_InitializeBitbucketGitSourceLinkUrl" のビルドが終了しました。
   1:7>ファイル "C:\Program Files\dotnet\sdk\10.0.301\Sdks\Microsoft.SourceLink.Common\build\Microsoft.SourceLink.Common.targets" 内にある、プロジェクト "C:\Users\tuoza\source\repos\Archivio\Archivio\Archivio.csproj" からのターゲット "_GenerateSourceLinkFile" (ターゲット "GenerateSourceLinkFile" は依存):
       ターゲット "_GenerateSourceLinkFile" を完全にビルドしています。
       入力ファイルが指定されていません。
       "Microsoft.SourceLink.Common.GenerateSourceLinkFile" タスクをアセンブリ "C:\Program Files\dotnet\sdk\10.0.301\Sdks\Microsoft.SourceLink.Common\build\..\tools\net\Microsoft.SourceLink.Common.dll" から使用しています。
       タスク "Microsoft.SourceLink.Common.GenerateSourceLinkFile"
         TaskRun (Microsoft.SourceLink.Common.GenerateSourceLinkFile) 中にアセンブリが読み込まれました: Microsoft.SourceLink.Common.resources, Version=10.0.14.27133, Culture=ja, PublicKeyToken=31bf3856ad364e35 (場所: C:\Program Files\dotnet\sdk\10.0.301\Sdks\Microsoft.SourceLink.Common\tools\net\ja\Microsoft.SourceLink.Common.resources.dll、MVID: 9d3dce39-9cb0-41df-a060-303472714bab、AssemblyLoadContext: MSBuild plugin C:\Program Files\dotnet\sdk\10.0.301\Sdks\Microsoft.SourceLink.Common\tools\net\Microsoft.SourceLink.Common.dll)
         Source Link ファイル 'obj\x64\Debug\net10.0-windows10.0.19041.0\win-x64\Archivio.sourcelink.json' は最新です。
       タスク "Microsoft.SourceLink.Common.GenerateSourceLinkFile" の実行が終了しました。
   1:7>プロジェクト "Archivio.csproj" 内のターゲット "_GenerateSourceLinkFile" のビルドが終了しました。
   1:7>ファイル "C:\Program Files\dotnet\sdk\10.0.301\Sdks\Microsoft.SourceLink.Common\build\Microsoft.SourceLink.Common.targets" 内にある、プロジェクト "C:\Users\tuoza\source\repos\Archivio\Archivio\Archivio.csproj" からのターゲット "GenerateSourceLinkFile" (ターゲット "CoreCompile" は依存):
   1:7>プロジェクト "Archivio.csproj" 内のターゲット "GenerateSourceLinkFile" のビルドが終了しました。
   1:7>ファイル "C:\Program Files\dotnet\sdk\10.0.301\Sdks\Microsoft.NET.Sdk\analyzers\build\Microsoft.CodeAnalysis.NetAnalyzers.targets" 内にある、プロジェクト "C:\Users\tuoza\source\repos\Archivio\Archivio\Archivio.csproj" からのターゲット "AddGlobalAnalyzerConfigForPackage_MicrosoftCodeAnalysisNetAnalyzers" (ターゲット "CoreCompile" は依存):
   1:7>プロジェクト "Archivio.csproj" 内のターゲット "AddGlobalAnalyzerConfigForPackage_MicrosoftCodeAnalysisNetAnalyzers" のビルドが終了しました。
   1:7>ファイル "C:\Program Files\dotnet\sdk\10.0.301\Roslyn\Microsoft.CSharp.Core.targets" 内にある、プロジェクト "C:\Users\tuoza\source\repos\Archivio\Archivio\Archivio.csproj" からのターゲット "CoreCompile" (ターゲット "Compile" は依存):
       すべての出力ファイルが入力ファイルに対して最新なので、ターゲット "CoreCompile" を省略します。
       入力ファイル: 
           App.xaml.cs
           Helpers\DispatcherHelper.cs
           Helpers\DisplayFormatHelper.cs
           Imports.cs
           Models\FilterValueItem.cs
           Models\VideoFileItem.cs
           ViewModels\AppLogger.cs
           ViewModels\CoverArtImageData.cs
           ViewModels\LanguageManager.cs
           ViewModels\MainPageViewModel.cs
           ViewModels\MediaProbeService.cs
           ViewModels\MetadataCacheManager.cs
           ViewModels\SettingsManager.cs
           ViewModels\VideoDetailsViewModel.cs
           ViewModels\VideoFileService.cs
           ViewModels\VideoListFilterManager.cs
           ViewModels\VideoMetadataService.cs
           ViewModels\ViewModelBase.cs
           Views\MainPage.xaml.cs
           C:\Users\tuoza\.nuget\packages\microsoft.windowsappsdk.foundation\1.8.260803002\buildTransitive\..\include\MddBootstrapAutoInitializer.cs
           C:\Users\tuoza\.nuget\packages\microsoft.windowsappsdk.runtime\1.8.260804001\buildTransitive\..\include\WindowsAppSDK-VersionInfo.cs
           obj\x64\Debug\net10.0-windows10.0.19041.0\win-x64\Archivio.GlobalUsings.g.cs
           C:\Users\tuoza\source\repos\Archivio\Archivio\obj\x64\Debug\net10.0-windows10.0.19041.0\win-x64\App.g.i.cs
           C:\Users\tuoza\source\repos\Archivio\Archivio\obj\x64\Debug\net10.0-windows10.0.19041.0\win-x64\App.g.cs
           C:\Users\tuoza\source\repos\Archivio\Archivio\obj\x64\Debug\net10.0-windows10.0.19041.0\win-x64\Views\MainPage.g.i.cs
           C:\Users\tuoza\source\repos\Archivio\Archivio\obj\x64\Debug\net10.0-windows10.0.19041.0\win-x64\Views\MainPage.g.cs
           C:\Users\tuoza\source\repos\Archivio\Archivio\obj\x64\Debug\net10.0-windows10.0.19041.0\win-x64\XamlTypeInfo.g.cs
           obj\x64\Debug\net10.0-windows10.0.19041.0\win-x64\.NETCoreApp,Version=v10.0.AssemblyAttributes.cs
           C:\Users\tuoza\.nuget\packages\microsoft.windowsappsdk.foundation\1.8.260803002\buildTransitive\..\include\WindowsAppRuntimeAutoInitializer.cs
           obj\x64\Debug\net10.0-windows10.0.19041.0\win-x64\Archivio.AssemblyInfo.cs
           C:\Program Files\dotnet\packs\Microsoft.WindowsDesktop.App.Ref\10.0.9\ref\net10.0\Accessibility.dll
           C:\Users\tuoza\.nuget\packages\colorcode.core\2.0.13\lib\netstandard1.4\ColorCode.Core.dll
           C:\Users\tuoza\.nuget\packages\colorcode.winui\2.0.13\lib\net5.0-windows10.0.18362\ColorCode.WinUI.dll
           C:\Users\tuoza\.nuget\packages\communitytoolkit.common\7.1.2\lib\net5.0\CommunityToolkit.Common.dll
           C:\Users\tuoza\.nuget\packages\communitytoolkit.winui\7.1.2\lib\net5.0-windows10.0.18362\CommunityToolkit.WinUI.dll
           C:\Users\tuoza\.nuget\packages\communitytoolkit.winui.ui.controls.core\7.1.2\lib\net5.0-windows10.0.18362\CommunityToolkit.WinUI.UI.Controls.Core.dll
           C:\Users\tuoza\.nuget\packages\communitytoolkit.winui.ui.controls.datagrid\7.1.2\lib\net5.0-windows10.0.18362\CommunityToolkit.WinUI.UI.Controls.DataGrid.dll
           C:\Users\tuoza\.nuget\packages\communitytoolkit.winui.ui.controls.input\7.1.2\lib\net5.0-windows10.0.18362\CommunityToolkit.WinUI.UI.Controls.Input.dll
           C:\Users\tuoza\.nuget\packages\communitytoolkit.winui.ui.controls.layout\7.1.2\lib\net5.0-windows10.0.18362\CommunityToolkit.WinUI.UI.Controls.Layout.dll
           C:\Users\tuoza\.nuget\packages\communitytoolkit.winui.ui.controls.markdown\7.1.2\lib\net5.0-windows10.0.18362\CommunityToolkit.WinUI.UI.Controls.Markdown.dll
           C:\Users\tuoza\.nuget\packages\communitytoolkit.winui.ui.controls.media\7.1.2\lib\net5.0-windows10.0.18362\CommunityToolkit.WinUI.UI.Controls.Media.dll
           C:\Users\tuoza\.nuget\packages\communitytoolkit.winui.ui.controls.primitives\7.1.2\lib\net5.0-windows10.0.18362\CommunityToolkit.WinUI.UI.Controls.Primitives.dll
           C:\Users\tuoza\.nuget\packages\communitytoolkit.winui.ui\7.1.2\lib\net5.0-windows10.0.18362\CommunityToolkit.WinUI.UI.dll
           C:\Program Files\dotnet\packs\Microsoft.NETCore.App.Ref\10.0.9\ref\net10.0\Microsoft.CSharp.dll
           C:\Users\tuoza\.nuget\packages\microsoft.graphics.win2d\1.0.0.30\lib\net5.0-windows10.0.18362.0\Microsoft.Graphics.Canvas.Interop.dll
           C:\Users\tuoza\.nuget\packages\microsoft.windowsappsdk.ai\1.8.79\lib\net6.0-windows10.0.17763.0\Microsoft.Graphics.Imaging.Projection.dll
           C:\Users\tuoza\.nuget\packages\microsoft.windowsappsdk.interactiveexperiences\1.8.260708001\lib\net6.0-windows10.0.18362.0\Microsoft.InteractiveExperiences.Projection.dll
           C:\Users\tuoza\.nuget\packages\microsoft.windowsappsdk.ml\1.8.2197\lib\net8.0-windows10.0.17763.0\Microsoft.ML.OnnxRuntime.dll
           C:\Users\tuoza\.nuget\packages\microsoft.windowsappsdk.foundation\1.8.260803002\lib\net6.0-windows10.0.17763.0\Microsoft.Security.Authentication.OAuth.Projection.dll
           C:\Program Files\dotnet\packs\Microsoft.NETCore.App.Ref\10.0.9\ref\net10.0\Microsoft.VisualBasic.Core.dll
           C:\Program Files\dotnet\packs\Microsoft.WindowsDesktop.App.Ref\10.0.9\ref\net10.0\Microsoft.VisualBasic.dll
           C:\Program Files\dotnet\packs\Microsoft.WindowsDesktop.App.Ref\10.0.9\ref\net10.0\Microsoft.VisualBasic.Forms.dll
           C:\Users\tuoza\.nuget\packages\microsoft.web.webview2\1.0.4129.50\lib_manual\net8.0-windows10.0.17763.0\Microsoft.Web.WebView2.Core.Projection.dll
           C:\Program Files\dotnet\packs\Microsoft.NETCore.App.Ref\10.0.9\ref\net10.0\Microsoft.Win32.Primitives.dll
           C:\Program Files\dotnet\packs\Microsoft.WindowsDesktop.App.Ref\10.0.9\ref\net10.0\Microsoft.Win32.Registry.AccessControl.dll
           C:\Program Files\dotnet\packs\Microsoft.NETCore.App.Ref\10.0.9\ref\net10.0\Microsoft.Win32.Registry.dll
           C:\Program Files\dotnet\packs\Microsoft.WindowsDesktop.App.Ref\10.0.9\ref\net10.0\Microsoft.Win32.SystemEvents.dll
           C:\Users\tuoza\.nuget\packages\microsoft.windowsappsdk.ai\1.8.79\lib\net6.0-windows10.0.17763.0\Microsoft.Windows.AI.ContentSafety.Projection.dll
           C:\Users\tuoza\.nuget\packages\microsoft.windowsappsdk.ai\1.8.79\lib\net6.0-windows10.0.17763.0\Microsoft.Windows.AI.Foundation.Projection.dll
           C:\Users\tuoza\.nuget\packages\microsoft.windowsappsdk.ai\1.8.79\lib\net6.0-windows10.0.17763.0\Microsoft.Windows.AI.Imaging.Projection.dll
           C:\Users\tuoza\.nuget\packages\microsoft.windowsappsdk.ml\1.8.2197\lib\net8.0-windows10.0.17763.0\Microsoft.Windows.AI.MachineLearning.Projection.dll
           C:\Users\tuoza\.nuget\packages\microsoft.windowsappsdk.ai\1.8.79\lib\net6.0-windows10.0.17763.0\Microsoft.Windows.AI.Projection.dll
           C:\Users\tuoza\.nuget\packages\microsoft.windowsappsdk.ai\1.8.79\lib\net6.0-windows10.0.17763.0\Microsoft.Windows.AI.Text.Projection.dll
           C:\Users\tuoza\.nuget\packages\microsoft.windowsappsdk.foundation\1.8.260803002\lib\net6.0-windows10.0.17763.0\Microsoft.Windows.ApplicationModel.Background.Projection.dll
           C:\Users\tuoza\.nuget\packages\microsoft.windowsappsdk.foundation\1.8.260803002\lib\net6.0-windows10.0.17763.0\Microsoft.Windows.ApplicationModel.DynamicDependency.Projection.dll
           C:\Users\tuoza\.nuget\packages\microsoft.windowsappsdk.foundation\1.8.260803002\lib\net6.0-windows10.0.17763.0\Microsoft.Windows.ApplicationModel.Resources.Projection.dll
           C:\Users\tuoza\.nuget\packages\microsoft.windowsappsdk.foundation\1.8.260803002\lib\net6.0-windows10.0.17763.0\Microsoft.Windows.ApplicationModel.WindowsAppRuntime.Projection.dll
           C:\Users\tuoza\.nuget\packages\microsoft.windowsappsdk.foundation\1.8.260803002\lib\net6.0-windows10.0.17763.0\Microsoft.Windows.AppLifecycle.Projection.dll
           C:\Users\tuoza\.nuget\packages\microsoft.windowsappsdk.foundation\1.8.260803002\lib\net6.0-windows10.0.17763.0\Microsoft.Windows.AppNotifications.Builder.Projection.dll
           C:\Users\tuoza\.nuget\packages\microsoft.windowsappsdk.foundation\1.8.260803002\lib\net6.0-windows10.0.17763.0\Microsoft.Windows.AppNotifications.Projection.dll
           C:\Users\tuoza\.nuget\packages\microsoft.windowsappsdk.foundation\1.8.260803002\lib\net6.0-windows10.0.17763.0\Microsoft.Windows.BadgeNotifications.Projection.dll
           C:\Users\tuoza\.nuget\packages\microsoft.windowsappsdk.foundation\1.8.260803002\lib\net6.0-windows10.0.17763.0\Microsoft.Windows.Foundation.Projection.dll
           C:\Users\tuoza\.nuget\packages\microsoft.windowsappsdk.foundation\1.8.260803002\lib\net6.0-windows10.0.17763.0\Microsoft.Windows.Management.Deployment.Projection.dll
           C:\Users\tuoza\.nuget\packages\microsoft.windowsappsdk.foundation\1.8.260803002\lib\net6.0-windows10.0.17763.0\Microsoft.Windows.Media.Capture.Projection.dll
           C:\Users\tuoza\.nuget\packages\microsoft.windowsappsdk.foundation\1.8.260803002\lib\net6.0-windows10.0.17763.0\Microsoft.Windows.PushNotifications.Projection.dll
           C:\Users\tuoza\.nuget\packages\microsoft.windows.sdk.net.ref\10.0.19041.57\lib\net8.0\Microsoft.Windows.SDK.NET.dll
           C:\Users\tuoza\.nuget\packages\microsoft.windowsappsdk.foundation\1.8.260803002\lib\net6.0-windows10.0.17763.0\Microsoft.Windows.Security.AccessControl.Projection.dll
           C:\Users\tuoza\.nuget\packages\microsoft.windowsappsdk.foundation\1.8.260803002\lib\net6.0-windows10.0.17763.0\Microsoft.Windows.Storage.Pickers.Projection.dll
           C:\Users\tuoza\.nuget\packages\microsoft.windowsappsdk.foundation\1.8.260803002\lib\net6.0-windows10.0.17763.0\Microsoft.Windows.Storage.Projection.dll
           C:\Users\tuoza\.nuget\packages\microsoft.windowsappsdk.foundation\1.8.260803002\lib\net6.0-windows10.0.17763.0\Microsoft.Windows.System.Power.Projection.dll
           C:\Users\tuoza\.nuget\packages\microsoft.windowsappsdk.foundation\1.8.260803002\lib\net6.0-windows10.0.17763.0\Microsoft.Windows.System.Projection.dll
           C:\Users\tuoza\.nuget\packages\microsoft.windowsappsdk.widgets\1.8.251231004\lib\net6.0-windows10.0.17763.0\Microsoft.Windows.Widgets.Projection.dll
           C:\Users\tuoza\.nuget\packages\microsoft-windowsapicodepack-core\1.1.5\lib\net7.0-windows7.0\Microsoft.WindowsAPICodePack.dll
           C:\Users\tuoza\.nuget\packages\microsoft-windowsapicodepack-shell\1.1.5\lib\net7.0-windows7.0\Microsoft.WindowsAPICodePack.Shell.dll
           C:\Users\tuoza\.nuget\packages\microsoft.windowsappsdk.foundation\1.8.260803002\lib\net6.0-windows10.0.17763.0\Microsoft.WindowsAppRuntime.Bootstrap.Net.dll
           C:\Users\tuoza\.nuget\packages\microsoft.windowsappsdk.winui\1.8.260803003\lib\net6.0-windows10.0.17763.0\Microsoft.WinUI.dll
           C:\Program Files\dotnet\packs\Microsoft.NETCore.App.Ref\10.0.9\ref\net10.0\mscorlib.dll
           C:\Program Files\dotnet\packs\Microsoft.NETCore.App.Ref\10.0.9\ref\net10.0\netstandard.dll
           C:\Program Files\dotnet\packs\Microsoft.WindowsDesktop.App.Ref\10.0.9\ref\net10.0\PresentationCore.dll
           C:\Program Files\dotnet\packs\Microsoft.WindowsDesktop.App.Ref\10.0.9\ref\net10.0\PresentationFramework.Aero.dll
           C:\Program Files\dotnet\packs\Microsoft.WindowsDesktop.App.Ref\10.0.9\ref\net10.0\PresentationFramework.Aero2.dll
           C:\Program Files\dotnet\packs\Microsoft.WindowsDesktop.App.Ref\10.0.9\ref\net10.0\PresentationFramework.AeroLite.dll
           C:\Program Files\dotnet\packs\Microsoft.WindowsDesktop.App.Ref\10.0.9\ref\net10.0\PresentationFramework.Classic.dll
           C:\Program Files\dotnet\packs\Microsoft.WindowsDesktop.App.Ref\10.0.9\ref\net10.0\PresentationFramework.dll
           C:\Program Files\dotnet\packs\Microsoft.WindowsDesktop.App.Ref\10.0.9\ref\net10.0\PresentationFramework.Luna.dll
           C:\Program Files\dotnet\packs\Microsoft.WindowsDesktop.App.Ref\10.0.9\ref\net10.0\PresentationFramework.Royale.dll
           C:\Program Files\dotnet\packs\Microsoft.WindowsDesktop.App.Ref\10.0.9\ref\net10.0\PresentationUI.dll
           C:\Program Files\dotnet\packs\Microsoft.WindowsDesktop.App.Ref\10.0.9\ref\net10.0\ReachFramework.dll
           C:\Program Files\dotnet\packs\Microsoft.NETCore.App.Ref\10.0.9\ref\net10.0\System.AppContext.dll
           C:\Program Files\dotnet\packs\Microsoft.NETCore.App.Ref\10.0.9\ref\net10.0\System.Buffers.dll
           C:\Program Files\dotnet\packs\Microsoft.WindowsDesktop.App.Ref\10.0.9\ref\net10.0\System.CodeDom.dll
           C:\Program Files\dotnet\packs\Microsoft.NETCore.App.Ref\10.0.9\ref\net10.0\System.Collections.Concurrent.dll
           C:\Program Files\dotnet\packs\Microsoft.NETCore.App.Ref\10.0.9\ref\net10.0\System.Collections.dll
           C:\Program Files\dotnet\packs\Microsoft.NETCore.App.Ref\10.0.9\ref\net10.0\System.Collections.Immutable.dll
           C:\Program Files\dotnet\packs\Microsoft.NETCore.App.Ref\10.0.9\ref\net10.0\System.Collections.NonGeneric.dll
           C:\Program Files\dotnet\packs\Microsoft.NETCore.App.Ref\10.0.9\ref\net10.0\System.Collections.Specialized.dll
           C:\Program Files\dotnet\packs\Microsoft.NETCore.App.Ref\10.0.9\ref\net10.0\System.ComponentModel.Annotations.dll
           C:\Program Files\dotnet\packs\Microsoft.NETCore.App.Ref\10.0.9\ref\net10.0\System.ComponentModel.DataAnnotations.dll
           C:\Program Files\dotnet\packs\Microsoft.NETCore.App.Ref\10.0.9\ref\net10.0\System.ComponentModel.dll
           C:\Program Files\dotnet\packs\Microsoft.NETCore.App.Ref\10.0.9\ref\net10.0\System.ComponentModel.EventBasedAsync.dll
           C:\Program Files\dotnet\packs\Microsoft.NETCore.App.Ref\10.0.9\ref\net10.0\System.ComponentModel.Primitives.dll
           C:\Program Files\dotnet\packs\Microsoft.NETCore.App.Ref\10.0.9\ref\net10.0\System.ComponentModel.TypeConverter.dll
           C:\Program Files\dotnet\packs\Microsoft.WindowsDesktop.App.Ref\10.0.9\ref\net10.0\System.Configuration.ConfigurationManager.dll
           C:\Program Files\dotnet\packs\Microsoft.NETCore.App.Ref\10.0.9\ref\net10.0\System.Configuration.dll
           C:\Program Files\dotnet\packs\Microsoft.NETCore.App.Ref\10.0.9\ref\net10.0\System.Console.dll
           C:\Program Files\dotnet\packs\Microsoft.NETCore.App.Ref\10.0.9\ref\net10.0\System.Core.dll
           C:\Program Files\dotnet\packs\Microsoft.NETCore.App.Ref\10.0.9\ref\net10.0\System.Data.Common.dll
           C:\Program Files\dotnet\packs\Microsoft.NETCore.App.Ref\10.0.9\ref\net10.0\System.Data.DataSetExtensions.dll
           C:\Program Files\dotnet\packs\Microsoft.NETCore.App.Ref\10.0.9\ref\net10.0\System.Data.dll
           C:\Program Files\dotnet\packs\Microsoft.WindowsDesktop.App.Ref\10.0.9\ref\net10.0\System.Design.dll
           C:\Program Files\dotnet\packs\Microsoft.NETCore.App.Ref\10.0.9\ref\net10.0\System.Diagnostics.Contracts.dll
           C:\Program Files\dotnet\packs\Microsoft.NETCore.App.Ref\10.0.9\ref\net10.0\System.Diagnostics.Debug.dll
           C:\Program Files\dotnet\packs\Microsoft.NETCore.App.Ref\10.0.9\ref\net10.0\System.Diagnostics.DiagnosticSource.dll
           C:\Program Files\dotnet\packs\Microsoft.WindowsDesktop.App.Ref\10.0.9\ref\net10.0\System.Diagnostics.EventLog.dll
           C:\Program Files\dotnet\packs\Microsoft.NETCore.App.Ref\10.0.9\ref\net10.0\System.Diagnostics.FileVersionInfo.dll
           C:\Program Files\dotnet\packs\Microsoft.WindowsDesktop.App.Ref\10.0.9\ref\net10.0\System.Diagnostics.PerformanceCounter.dll
           C:\Program Files\dotnet\packs\Microsoft.NETCore.App.Ref\10.0.9\ref\net10.0\System.Diagnostics.Process.dll
           C:\Program Files\dotnet\packs\Microsoft.NETCore.App.Ref\10.0.9\ref\net10.0\System.Diagnostics.StackTrace.dll
           C:\Program Files\dotnet\packs\Microsoft.NETCore.App.Ref\10.0.9\ref\net10.0\System.Diagnostics.TextWriterTraceListener.dll
           C:\Program Files\dotnet\packs\Microsoft.NETCore.App.Ref\10.0.9\ref\net10.0\System.Diagnostics.Tools.dll
           C:\Program Files\dotnet\packs\Microsoft.NETCore.App.Ref\10.0.9\ref\net10.0\System.Diagnostics.TraceSource.dll
           C:\Program Files\dotnet\packs\Microsoft.NETCore.App.Ref\10.0.9\ref\net10.0\System.Diagnostics.Tracing.dll
           C:\Program Files\dotnet\packs\Microsoft.WindowsDesktop.App.Ref\10.0.9\ref\net10.0\System.DirectoryServices.dll
           C:\Program Files\dotnet\packs\Microsoft.NETCore.App.Ref\10.0.9\ref\net10.0\System.dll
           C:\Program Files\dotnet\packs\Microsoft.WindowsDesktop.App.Ref\10.0.9\ref\net10.0\System.Drawing.Common.dll
           C:\Program Files\dotnet\packs\Microsoft.WindowsDesktop.App.Ref\10.0.9\ref\net10.0\System.Drawing.Design.dll
           C:\Program Files\dotnet\packs\Microsoft.WindowsDesktop.App.Ref\10.0.9\ref\net10.0\System.Drawing.dll
           C:\Program Files\dotnet\packs\Microsoft.NETCore.App.Ref\10.0.9\ref\net10.0\System.Drawing.Primitives.dll
           C:\Program Files\dotnet\packs\Microsoft.NETCore.App.Ref\10.0.9\ref\net10.0\System.Dynamic.Runtime.dll
           C:\Program Files\dotnet\packs\Microsoft.NETCore.App.Ref\10.0.9\ref\net10.0\System.Formats.Asn1.dll
           C:\Program Files\dotnet\packs\Microsoft.WindowsDesktop.App.Ref\10.0.9\ref\net10.0\System.Formats.Nrbf.dll
           C:\Program Files\dotnet\packs\Microsoft.NETCore.App.Ref\10.0.9\ref\net10.0\System.Formats.Tar.dll
           C:\Program Files\dotnet\packs\Microsoft.NETCore.App.Ref\10.0.9\ref\net10.0\System.Globalization.Calendars.dll
           C:\Program Files\dotnet\packs\Microsoft.NETCore.App.Ref\10.0.9\ref\net10.0\System.Globalization.dll
           C:\Program Files\dotnet\packs\Microsoft.NETCore.App.Ref\10.0.9\ref\net10.0\System.Globalization.Extensions.dll
           C:\Program Files\dotnet\packs\Microsoft.NETCore.App.Ref\10.0.9\ref\net10.0\System.IO.Compression.Brotli.dll
           C:\Program Files\dotnet\packs\Microsoft.NETCore.App.Ref\10.0.9\ref\net10.0\System.IO.Compression.dll
           C:\Program Files\dotnet\packs\Microsoft.NETCore.App.Ref\10.0.9\ref\net10.0\System.IO.Compression.FileSystem.dll
           C:\Program Files\dotnet\packs\Microsoft.NETCore.App.Ref\10.0.9\ref\net10.0\System.IO.Compression.ZipFile.dll
           C:\Program Files\dotnet\packs\Microsoft.NETCore.App.Ref\10.0.9\ref\net10.0\System.IO.dll
           C:\Program Files\dotnet\packs\Microsoft.NETCore.App.Ref\10.0.9\ref\net10.0\System.IO.FileSystem.AccessControl.dll
           C:\Program Files\dotnet\packs\Microsoft.NETCore.App.Ref\10.0.9\ref\net10.0\System.IO.FileSystem.dll
           C:\Program Files\dotnet\packs\Microsoft.NETCore.App.Ref\10.0.9\ref\net10.0\System.IO.FileSystem.DriveInfo.dll
           C:\Program Files\dotnet\packs\Microsoft.NETCore.App.Ref\10.0.9\ref\net10.0\System.IO.FileSystem.Primitives.dll
           C:\Program Files\dotnet\packs\Microsoft.NETCore.App.Ref\10.0.9\ref\net10.0\System.IO.FileSystem.Watcher.dll
           C:\Program Files\dotnet\packs\Microsoft.NETCore.App.Ref\10.0.9\ref\net10.0\System.IO.IsolatedStorage.dll
           C:\Program Files\dotnet\packs\Microsoft.NETCore.App.Ref\10.0.9\ref\net10.0\System.IO.MemoryMappedFiles.dll
           C:\Program Files\dotnet\packs\Microsoft.WindowsDesktop.App.Ref\10.0.9\ref\net10.0\System.IO.Packaging.dll
           C:\Program Files\dotnet\packs\Microsoft.NETCore.App.Ref\10.0.9\ref\net10.0\System.IO.Pipelines.dll
           C:\Program Files\dotnet\packs\Microsoft.NETCore.App.Ref\10.0.9\ref\net10.0\System.IO.Pipes.AccessControl.dll
           C:\Program Files\dotnet\packs\Microsoft.NETCore.App.Ref\10.0.9\ref\net10.0\System.IO.Pipes.dll
           C:\Program Files\dotnet\packs\Microsoft.NETCore.App.Ref\10.0.9\ref\net10.0\System.IO.UnmanagedMemoryStream.dll
           C:\Program Files\dotnet\packs\Microsoft.NETCore.App.Ref\10.0.9\ref\net10.0\System.Linq.AsyncEnumerable.dll
           C:\Program Files\dotnet\packs\Microsoft.NETCore.App.Ref\10.0.9\ref\net10.0\System.Linq.dll
           C:\Program Files\dotnet\packs\Microsoft.NETCore.App.Ref\10.0.9\ref\net10.0\System.Linq.Expressions.dll
           C:\Program Files\dotnet\packs\Microsoft.NETCore.App.Ref\10.0.9\ref\net10.0\System.Linq.Parallel.dll
           C:\Program Files\dotnet\packs\Microsoft.NETCore.App.Ref\10.0.9\ref\net10.0\System.Linq.Queryable.dll
           C:\Program Files\dotnet\packs\Microsoft.NETCore.App.Ref\10.0.9\ref\net10.0\System.Memory.dll
           C:\Program Files\dotnet\packs\Microsoft.NETCore.App.Ref\10.0.9\ref\net10.0\System.Net.dll
           C:\Program Files\dotnet\packs\Microsoft.NETCore.App.Ref\10.0.9\ref\net10.0\System.Net.Http.dll
           C:\Program Files\dotnet\packs\Microsoft.NETCore.App.Ref\10.0.9\ref\net10.0\System.Net.Http.Json.dll
           C:\Program Files\dotnet\packs\Microsoft.NETCore.App.Ref\10.0.9\ref\net10.0\System.Net.HttpListener.dll
           C:\Program Files\dotnet\packs\Microsoft.NETCore.App.Ref\10.0.9\ref\net10.0\System.Net.Mail.dll
           C:\Program Files\dotnet\packs\Microsoft.NETCore.App.Ref\10.0.9\ref\net10.0\System.Net.NameResolution.dll
           C:\Program Files\dotnet\packs\Microsoft.NETCore.App.Ref\10.0.9\ref\net10.0\System.Net.NetworkInformation.dll
           C:\Program Files\dotnet\packs\Microsoft.NETCore.App.Ref\10.0.9\ref\net10.0\System.Net.Ping.dll
           C:\Program Files\dotnet\packs\Microsoft.NETCore.App.Ref\10.0.9\ref\net10.0\System.Net.Primitives.dll
           C:\Program Files\dotnet\packs\Microsoft.NETCore.App.Ref\10.0.9\ref\net10.0\System.Net.Quic.dll
           C:\Program Files\dotnet\packs\Microsoft.NETCore.App.Ref\10.0.9\ref\net10.0\System.Net.Requests.dll
           C:\Program Files\dotnet\packs\Microsoft.NETCore.App.Ref\10.0.9\ref\net10.0\System.Net.Security.dll
           C:\Program Files\dotnet\packs\Microsoft.NETCore.App.Ref\10.0.9\ref\net10.0\System.Net.ServerSentEvents.dll
           C:\Program Files\dotnet\packs\Microsoft.NETCore.App.Ref\10.0.9\ref\net10.0\System.Net.ServicePoint.dll
           C:\Program Files\dotnet\packs\Microsoft.NETCore.App.Ref\10.0.9\ref\net10.0\System.Net.Sockets.dll
           C:\Program Files\dotnet\packs\Microsoft.NETCore.App.Ref\10.0.9\ref\net10.0\System.Net.WebClient.dll
           C:\Program Files\dotnet\packs\Microsoft.NETCore.App.Ref\10.0.9\ref\net10.0\System.Net.WebHeaderCollection.dll
           C:\Program Files\dotnet\packs\Microsoft.NETCore.App.Ref\10.0.9\ref\net10.0\System.Net.WebProxy.dll
           C:\Program Files\dotnet\packs\Microsoft.NETCore.App.Ref\10.0.9\ref\net10.0\System.Net.WebSockets.Client.dll
           C:\Program Files\dotnet\packs\Microsoft.NETCore.App.Ref\10.0.9\ref\net10.0\System.Net.WebSockets.dll
           C:\Program Files\dotnet\packs\Microsoft.NETCore.App.Ref\10.0.9\ref\net10.0\System.Numerics.dll
           C:\Users\tuoza\.nuget\packages\system.numerics.tensors\9.0.0\lib\net9.0\System.Numerics.Tensors.dll
           C:\Program Files\dotnet\packs\Microsoft.NETCore.App.Ref\10.0.9\ref\net10.0\System.Numerics.Vectors.dll
           C:\Program Files\dotnet\packs\Microsoft.NETCore.App.Ref\10.0.9\ref\net10.0\System.ObjectModel.dll
           C:\Program Files\dotnet\packs\Microsoft.WindowsDesktop.App.Ref\10.0.9\ref\net10.0\System.Printing.dll
           C:\Program Files\dotnet\packs\Microsoft.WindowsDesktop.App.Ref\10.0.9\ref\net10.0\System.Private.Windows.Core.dll
           C:\Program Files\dotnet\packs\Microsoft.WindowsDesktop.App.Ref\10.0.9\ref\net10.0\System.Private.Windows.GdiPlus.dll
           C:\Program Files\dotnet\packs\Microsoft.NETCore.App.Ref\10.0.9\ref\net10.0\System.Reflection.DispatchProxy.dll
           C:\Program Files\dotnet\packs\Microsoft.NETCore.App.Ref\10.0.9\ref\net10.0\System.Reflection.dll
           C:\Program Files\dotnet\packs\Microsoft.NETCore.App.Ref\10.0.9\ref\net10.0\System.Reflection.Emit.dll
           C:\Program Files\dotnet\packs\Microsoft.NETCore.App.Ref\10.0.9\ref\net10.0\System.Reflection.Emit.ILGeneration.dll
           C:\Program Files\dotnet\packs\Microsoft.NETCore.App.Ref\10.0.9\ref\net10.0\System.Reflection.Emit.Lightweight.dll
           C:\Program Files\dotnet\packs\Microsoft.NETCore.App.Ref\10.0.9\ref\net10.0\System.Reflection.Extensions.dll
           C:\Program Files\dotnet\packs\Microsoft.NETCore.App.Ref\10.0.9\ref\net10.0\System.Reflection.Metadata.dll
           C:\Program Files\dotnet\packs\Microsoft.NETCore.App.Ref\10.0.9\ref\net10.0\System.Reflection.Primitives.dll
           C:\Program Files\dotnet\packs\Microsoft.NETCore.App.Ref\10.0.9\ref\net10.0\System.Reflection.TypeExtensions.dll
           C:\Program Files\dotnet\packs\Microsoft.WindowsDesktop.App.Ref\10.0.9\ref\net10.0\System.Resources.Extensions.dll
           C:\Program Files\dotnet\packs\Microsoft.NETCore.App.Ref\10.0.9\ref\net10.0\System.Resources.Reader.dll
           C:\Program Files\dotnet\packs\Microsoft.NETCore.App.Ref\10.0.9\ref\net10.0\System.Resources.ResourceManager.dll
           C:\Program Files\dotnet\packs\Microsoft.NETCore.App.Ref\10.0.9\ref\net10.0\System.Resources.Writer.dll
           C:\Program Files\dotnet\packs\Microsoft.NETCore.App.Ref\10.0.9\ref\net10.0\System.Runtime.CompilerServices.Unsafe.dll
           C:\Program Files\dotnet\packs\Microsoft.NETCore.App.Ref\10.0.9\ref\net10.0\System.Runtime.CompilerServices.VisualC.dll
           C:\Program Files\dotnet\packs\Microsoft.NETCore.App.Ref\10.0.9\ref\net10.0\System.Runtime.dll
           C:\Program Files\dotnet\packs\Microsoft.NETCore.App.Ref\10.0.9\ref\net10.0\System.Runtime.Extensions.dll
           C:\Program Files\dotnet\packs\Microsoft.NETCore.App.Ref\10.0.9\ref\net10.0\System.Runtime.Handles.dll
           C:\Program Files\dotnet\packs\Microsoft.NETCore.App.Ref\10.0.9\ref\net10.0\System.Runtime.InteropServices.dll
           C:\Program Files\dotnet\packs\Microsoft.NETCore.App.Ref\10.0.9\ref\net10.0\System.Runtime.InteropServices.JavaScript.dll
           C:\Program Files\dotnet\packs\Microsoft.NETCore.App.Ref\10.0.9\ref\net10.0\System.Runtime.InteropServices.RuntimeInformation.dll
           C:\Program Files\dotnet\packs\Microsoft.NETCore.App.Ref\10.0.9\ref\net10.0\System.Runtime.Intrinsics.dll
           C:\Program Files\dotnet\packs\Microsoft.NETCore.App.Ref\10.0.9\ref\net10.0\System.Runtime.Loader.dll
           C:\Program Files\dotnet\packs\Microsoft.NETCore.App.Ref\10.0.9\ref\net10.0\System.Runtime.Numerics.dll
           C:\Program Files\dotnet\packs\Microsoft.NETCore.App.Ref\10.0.9\ref\net10.0\System.Runtime.Serialization.dll
           C:\Program Files\dotnet\packs\Microsoft.NETCore.App.Ref\10.0.9\ref\net10.0\System.Runtime.Serialization.Formatters.dll
           C:\Program Files\dotnet\packs\Microsoft.NETCore.App.Ref\10.0.9\ref\net10.0\System.Runtime.Serialization.Json.dll
           C:\Program Files\dotnet\packs\Microsoft.NETCore.App.Ref\10.0.9\ref\net10.0\System.Runtime.Serialization.Primitives.dll
           C:\Program Files\dotnet\packs\Microsoft.NETCore.App.Ref\10.0.9\ref\net10.0\System.Runtime.Serialization.Xml.dll
           C:\Program Files\dotnet\packs\Microsoft.NETCore.App.Ref\10.0.9\ref\net10.0\System.Security.AccessControl.dll
           C:\Program Files\dotnet\packs\Microsoft.NETCore.App.Ref\10.0.9\ref\net10.0\System.Security.Claims.dll
           C:\Program Files\dotnet\packs\Microsoft.NETCore.App.Ref\10.0.9\ref\net10.0\System.Security.Cryptography.Algorithms.dll
           C:\Program Files\dotnet\packs\Microsoft.NETCore.App.Ref\10.0.9\ref\net10.0\System.Security.Cryptography.Cng.dll
           C:\Program Files\dotnet\packs\Microsoft.NETCore.App.Ref\10.0.9\ref\net10.0\System.Security.Cryptography.Csp.dll
           C:\Program Files\dotnet\packs\Microsoft.NETCore.App.Ref\10.0.9\ref\net10.0\System.Security.Cryptography.dll
           C:\Program Files\dotnet\packs\Microsoft.NETCore.App.Ref\10.0.9\ref\net10.0\System.Security.Cryptography.Encoding.dll
           C:\Program Files\dotnet\packs\Microsoft.NETCore.App.Ref\10.0.9\ref\net10.0\System.Security.Cryptography.OpenSsl.dll
           C:\Program Files\dotnet\packs\Microsoft.WindowsDesktop.App.Ref\10.0.9\ref\net10.0\System.Security.Cryptography.Pkcs.dll
           C:\Program Files\dotnet\packs\Microsoft.NETCore.App.Ref\10.0.9\ref\net10.0\System.Security.Cryptography.Primitives.dll
           C:\Program Files\dotnet\packs\Microsoft.WindowsDesktop.App.Ref\10.0.9\ref\net10.0\System.Security.Cryptography.ProtectedData.dll
           C:\Program Files\dotnet\packs\Microsoft.NETCore.App.Ref\10.0.9\ref\net10.0\System.Security.Cryptography.X509Certificates.dll
           C:\Program Files\dotnet\packs\Microsoft.WindowsDesktop.App.Ref\10.0.9\ref\net10.0\System.Security.Cryptography.Xml.dll
           C:\Program Files\dotnet\packs\Microsoft.NETCore.App.Ref\10.0.9\ref\net10.0\System.Security.dll
           C:\Program Files\dotnet\packs\Microsoft.WindowsDesktop.App.Ref\10.0.9\ref\net10.0\System.Security.Permissions.dll
           C:\Program Files\dotnet\packs\Microsoft.NETCore.App.Ref\10.0.9\ref\net10.0\System.Security.Principal.dll
           C:\Program Files\dotnet\packs\Microsoft.NETCore.App.Ref\10.0.9\ref\net10.0\System.Security.Principal.Windows.dll
           C:\Program Files\dotnet\packs\Microsoft.NETCore.App.Ref\10.0.9\ref\net10.0\System.Security.SecureString.dll
           C:\Program Files\dotnet\packs\Microsoft.NETCore.App.Ref\10.0.9\ref\net10.0\System.ServiceModel.Web.dll
           C:\Program Files\dotnet\packs\Microsoft.NETCore.App.Ref\10.0.9\ref\net10.0\System.ServiceProcess.dll
           C:\Program Files\dotnet\packs\Microsoft.NETCore.App.Ref\10.0.9\ref\net10.0\System.Text.Encoding.CodePages.dll
           C:\Program Files\dotnet\packs\Microsoft.NETCore.App.Ref\10.0.9\ref\net10.0\System.Text.Encoding.dll
           C:\Program Files\dotnet\packs\Microsoft.NETCore.App.Ref\10.0.9\ref\net10.0\System.Text.Encoding.Extensions.dll
           C:\Program Files\dotnet\packs\Microsoft.NETCore.App.Ref\10.0.9\ref\net10.0\System.Text.Encodings.Web.dll
           C:\Program Files\dotnet\packs\Microsoft.NETCore.App.Ref\10.0.9\ref\net10.0\System.Text.Json.dll
           C:\Program Files\dotnet\packs\Microsoft.NETCore.App.Ref\10.0.9\ref\net10.0\System.Text.RegularExpressions.dll
           C:\Program Files\dotnet\packs\Microsoft.NETCore.App.Ref\10.0.9\ref\net10.0\System.Threading.AccessControl.dll
           C:\Program Files\dotnet\packs\Microsoft.NETCore.App.Ref\10.0.9\ref\net10.0\System.Threading.Channels.dll
           C:\Program Files\dotnet\packs\Microsoft.NETCore.App.Ref\10.0.9\ref\net10.0\System.Threading.dll
           C:\Program Files\dotnet\packs\Microsoft.NETCore.App.Ref\10.0.9\ref\net10.0\System.Threading.Overlapped.dll
           C:\Program Files\dotnet\packs\Microsoft.NETCore.App.Ref\10.0.9\ref\net10.0\System.Threading.Tasks.Dataflow.dll
           C:\Program Files\dotnet\packs\Microsoft.NETCore.App.Ref\10.0.9\ref\net10.0\System.Threading.Tasks.dll
           C:\Program Files\dotnet\packs\Microsoft.NETCore.App.Ref\10.0.9\ref\net10.0\System.Threading.Tasks.Extensions.dll
           C:\Program Files\dotnet\packs\Microsoft.NETCore.App.Ref\10.0.9\ref\net10.0\System.Threading.Tasks.Parallel.dll
           C:\Program Files\dotnet\packs\Microsoft.NETCore.App.Ref\10.0.9\ref\net10.0\System.Threading.Thread.dll
           C:\Program Files\dotnet\packs\Microsoft.NETCore.App.Ref\10.0.9\ref\net10.0\System.Threading.ThreadPool.dll
           C:\Program Files\dotnet\packs\Microsoft.NETCore.App.Ref\10.0.9\ref\net10.0\System.Threading.Timer.dll
           C:\Program Files\dotnet\packs\Microsoft.NETCore.App.Ref\10.0.9\ref\net10.0\System.Transactions.dll
           C:\Program Files\dotnet\packs\Microsoft.NETCore.App.Ref\10.0.9\ref\net10.0\System.Transactions.Local.dll
           C:\Program Files\dotnet\packs\Microsoft.NETCore.App.Ref\10.0.9\ref\net10.0\System.ValueTuple.dll
           C:\Program Files\dotnet\packs\Microsoft.NETCore.App.Ref\10.0.9\ref\net10.0\System.Web.dll
           C:\Program Files\dotnet\packs\Microsoft.NETCore.App.Ref\10.0.9\ref\net10.0\System.Web.HttpUtility.dll
           C:\Program Files\dotnet\packs\Microsoft.WindowsDesktop.App.Ref\10.0.9\ref\net10.0\System.Windows.Controls.Ribbon.dll
           C:\Program Files\dotnet\packs\Microsoft.NETCore.App.Ref\10.0.9\ref\net10.0\System.Windows.dll
           C:\Program Files\dotnet\packs\Microsoft.WindowsDesktop.App.Ref\10.0.9\ref\net10.0\System.Windows.Extensions.dll
           C:\Program Files\dotnet\packs\Microsoft.WindowsDesktop.App.Ref\10.0.9\ref\net10.0\System.Windows.Forms.Design.dll
           C:\Program Files\dotnet\packs\Microsoft.WindowsDesktop.App.Ref\10.0.9\ref\net10.0\System.Windows.Forms.Design.Editors.dll
           C:\Program Files\dotnet\packs\Microsoft.WindowsDesktop.App.Ref\10.0.9\ref\net10.0\System.Windows.Forms.dll
           C:\Program Files\dotnet\packs\Microsoft.WindowsDesktop.App.Ref\10.0.9\ref\net10.0\System.Windows.Forms.Primitives.dll
           C:\Program Files\dotnet\packs\Microsoft.WindowsDesktop.App.Ref\10.0.9\ref\net10.0\System.Windows.Input.Manipulations.dll
           C:\Program Files\dotnet\packs\Microsoft.WindowsDesktop.App.Ref\10.0.9\ref\net10.0\System.Windows.Presentation.dll
           C:\Program Files\dotnet\packs\Microsoft.WindowsDesktop.App.Ref\10.0.9\ref\net10.0\System.Windows.Primitives.dll
           C:\Program Files\dotnet\packs\Microsoft.WindowsDesktop.App.Ref\10.0.9\ref\net10.0\System.Xaml.dll
           C:\Program Files\dotnet\packs\Microsoft.NETCore.App.Ref\10.0.9\ref\net10.0\System.Xml.dll
           C:\Program Files\dotnet\packs\Microsoft.NETCore.App.Ref\10.0.9\ref\net10.0\System.Xml.Linq.dll
           C:\Program Files\dotnet\packs\Microsoft.NETCore.App.Ref\10.0.9\ref\net10.0\System.Xml.ReaderWriter.dll
           C:\Program Files\dotnet\packs\Microsoft.NETCore.App.Ref\10.0.9\ref\net10.0\System.Xml.Serialization.dll
           C:\Program Files\dotnet\packs\Microsoft.NETCore.App.Ref\10.0.9\ref\net10.0\System.Xml.XDocument.dll
           C:\Program Files\dotnet\packs\Microsoft.NETCore.App.Ref\10.0.9\ref\net10.0\System.Xml.XmlDocument.dll
           C:\Program Files\dotnet\packs\Microsoft.NETCore.App.Ref\10.0.9\ref\net10.0\System.Xml.XmlSerializer.dll
           C:\Program Files\dotnet\packs\Microsoft.NETCore.App.Ref\10.0.9\ref\net10.0\System.Xml.XPath.dll
           C:\Program Files\dotnet\packs\Microsoft.NETCore.App.Ref\10.0.9\ref\net10.0\System.Xml.XPath.XDocument.dll
           C:\Users\tuoza\.nuget\packages\taglibsharp\2.3.0\lib\netstandard2.0\TagLibSharp.dll
           C:\Program Files\dotnet\packs\Microsoft.WindowsDesktop.App.Ref\10.0.9\ref\net10.0\UIAutomationClient.dll
           C:\Program Files\dotnet\packs\Microsoft.WindowsDesktop.App.Ref\10.0.9\ref\net10.0\UIAutomationClientSideProviders.dll
           C:\Program Files\dotnet\packs\Microsoft.WindowsDesktop.App.Ref\10.0.9\ref\net10.0\UIAutomationProvider.dll
           C:\Program Files\dotnet\packs\Microsoft.WindowsDesktop.App.Ref\10.0.9\ref\net10.0\UIAutomationTypes.dll
           C:\Program Files\dotnet\packs\Microsoft.WindowsDesktop.App.Ref\10.0.9\ref\net10.0\WindowsBase.dll
           C:\Program Files\dotnet\packs\Microsoft.WindowsDesktop.App.Ref\10.0.9\ref\net10.0\WindowsFormsIntegration.dll
           C:\Users\tuoza\.nuget\packages\microsoft.windows.sdk.net.ref\10.0.19041.57\lib\net8.0\WinRT.Runtime.dll
           Views\MainPage.xaml
           obj\x64\Debug\net10.0-windows10.0.19041.0\win-x64\Archivio.csproj.CoreCompileInputs.cache
           C:\Program Files\dotnet\sdk\10.0.301\Sdks\Microsoft.NET.Sdk\targets\..\analyzers\Microsoft.CodeAnalysis.CSharp.NetAnalyzers.dll
           C:\Program Files\dotnet\sdk\10.0.301\Sdks\Microsoft.NET.Sdk\targets\..\analyzers\Microsoft.CodeAnalysis.NetAnalyzers.dll
           C:\Program Files\dotnet\packs\Microsoft.NETCore.App.Ref\10.0.9\analyzers/dotnet/cs/Microsoft.Interop.ComInterfaceGenerator.dll
           C:\Program Files\dotnet\packs\Microsoft.NETCore.App.Ref\10.0.9\analyzers/dotnet/cs/Microsoft.Interop.JavaScript.JSImportGenerator.dll
           C:\Program Files\dotnet\packs\Microsoft.NETCore.App.Ref\10.0.9\analyzers/dotnet/cs/Microsoft.Interop.LibraryImportGenerator.dll
           C:\Program Files\dotnet\packs\Microsoft.NETCore.App.Ref\10.0.9\analyzers/dotnet/cs/Microsoft.Interop.SourceGeneration.dll
           C:\Program Files\dotnet\packs\Microsoft.NETCore.App.Ref\10.0.9\analyzers/dotnet/cs/System.Text.Json.SourceGeneration.dll
           C:\Program Files\dotnet\packs\Microsoft.NETCore.App.Ref\10.0.9\analyzers/dotnet/cs/System.Text.RegularExpressions.Generator.dll
           C:\Users\tuoza\.nuget\packages\microsoft.windows.sdk.net.ref\10.0.19041.57\analyzers/dotnet/cs/WinRT.SourceGenerator.dll
           C:\Program Files\dotnet\packs\Microsoft.WindowsDesktop.App.Ref\10.0.9\analyzers/dotnet/System.Windows.Forms.Analyzers.dll
           C:\Program Files\dotnet\packs\Microsoft.WindowsDesktop.App.Ref\10.0.9\analyzers/dotnet/cs/System.Windows.Forms.Analyzers.CSharp.dll
           C:\Program Files\dotnet\packs\Microsoft.WindowsDesktop.App.Ref\10.0.9\analyzers/dotnet/cs/System.Windows.Forms.Analyzers.CodeFixes.CSharp.dll
           obj\x64\Debug\net10.0-windows10.0.19041.0\win-x64\Archivio.GeneratedMSBuildEditorConfig.editorconfig
           C:\Program Files\dotnet\sdk\10.0.301\Sdks\Microsoft.NET.Sdk\analyzers\build\config\analysislevel_10_default.globalconfig
           C:\Users\tuoza\source\repos\Archivio\Archivio\Archivio.csproj
           C:\Program Files\dotnet\sdk\10.0.301\Current\Microsoft.Common.targets\ImportAfter\Microsoft.TestPlatform.ImportAfter.targets
           C:\Users\tuoza\.nuget\packages\microsoft.windows.sdk.buildtools.msix\1.7.20250829.1\build\Microsoft.Windows.SDK.BuildTools.MSIX.Packaging.targets
           Assets\Archivio.ico
           app.manifest
           obj\x64\Debug\net10.0-windows10.0.19041.0\win-x64\Archivio.sourcelink.json
       出力ファイル: 
           obj\x64\Debug\net10.0-windows10.0.19041.0\win-x64\Archivio.dll
           obj\x64\Debug\net10.0-windows10.0.19041.0\win-x64\refint\Archivio.dll
           obj\x64\Debug\net10.0-windows10.0.19041.0\win-x64\Archivio.pdb
       C:\Program Files\dotnet\sdk\10.0.301\Roslyn\Microsoft.CSharp.Core.targets(74,7): message : プロパティの再代入: $(NoWarn)="1701;1702;NU1701;1701;1702;1701;1702" (以前の値: "1701;1702;NU1701;1701;1702") C:\Program Files\dotnet\sdk\10.0.301\Roslyn\Microsoft.CSharp.Core.targets (74,7) [C:\Users\tuoza\source\repos\Archivio\Archivio\Archivio.csproj]
       C:\Program Files\dotnet\sdk\10.0.301\Roslyn\Microsoft.CSharp.Core.targets(84,7): message : プロパティの再代入: $(NoWarn)="1701;1702;NU1701;1701;1702;1701;1702;8002" (以前の値: "1701;1702;NU1701;1701;1702") C:\Program Files\dotnet\sdk\10.0.301\Roslyn\Microsoft.CSharp.Core.targets (84,7) [C:\Users\tuoza\source\repos\Archivio\Archivio\Archivio.csproj]
   1:7>プロジェクト "Archivio.csproj" 内のターゲット "CoreCompile" のビルドが終了しました。
   1:7>ファイル "C:\Program Files\dotnet\sdk\10.0.301\Microsoft.Common.CurrentVersion.targets" 内にある、プロジェクト "C:\Users\tuoza\source\repos\Archivio\Archivio\Archivio.csproj" からのターゲット "AfterCompile" (ターゲット "Compile" は依存):
   1:7>プロジェクト "Archivio.csproj" 内のターゲット "AfterCompile" のビルドが終了しました。
       ターゲット "_GetAppHostPaths" を省略しました。以前に正しくビルドされていました。
       ターゲット "_GetAppHostCreationConfiguration" を省略しました。以前に正しくビルドされていました。
       ターゲット "CoreCompile" を省略しました。以前に正しくビルドされていました。
   1:7>ファイル "C:\Program Files\dotnet\sdk\10.0.301\Sdks\Microsoft.NET.Sdk\targets\Microsoft.NET.Sdk.targets" 内にある、プロジェクト "C:\Users\tuoza\source\repos\Archivio\Archivio\Archivio.csproj" からのターゲット "_CreateAppHost" (ターゲット "Compile" は依存):
       すべての出力ファイルが入力ファイルに対して最新なので、ターゲット "_CreateAppHost" を省略します。
       入力ファイル: 
           obj\x64\Debug\net10.0-windows10.0.19041.0\win-x64\Archivio.dll
           C:\Program Files\dotnet\packs\Microsoft.NETCore.App.Host.win-x64\10.0.9\runtimes\win-x64\native\apphost.exe
       出力ファイル: C:\Users\tuoza\source\repos\Archivio\Archivio\obj\x64\Debug\net10.0-windows10.0.19041.0\win-x64\apphost.exe
   1:7>プロジェクト "Archivio.csproj" 内のターゲット "_CreateAppHost" のビルドが終了しました。
   1:7>ファイル "C:\Program Files\dotnet\sdk\10.0.301\Microsoft.Common.CurrentVersion.targets" 内にある、プロジェクト "C:\Users\tuoza\source\repos\Archivio\Archivio\Archivio.csproj" からのターゲット "Compile" (ターゲット "CoreBuild" は依存):
   1:7>プロジェクト "Archivio.csproj" 内のターゲット "Compile" のビルドが終了しました。
   1:7>ファイル "C:\Program Files\dotnet\sdk\10.0.301\Microsoft.Common.CurrentVersion.targets" 内にある、プロジェクト "C:\Users\tuoza\source\repos\Archivio\Archivio\Archivio.csproj" からのターゲット "_GenerateSatelliteAssemblyInputs" (ターゲット "CreateSatelliteAssemblies" は依存):
   1:7>プロジェクト "Archivio.csproj" 内のターゲット "_GenerateSatelliteAssemblyInputs" のビルドが終了しました。
   1:7>ファイル "C:\Program Files\dotnet\sdk\10.0.301\Microsoft.Common.CurrentVersion.targets" 内にある、プロジェクト "C:\Users\tuoza\source\repos\Archivio\Archivio\Archivio.csproj" からのターゲット "CreateSatelliteAssemblies" (ターゲット "CoreBuild" は依存):
   1:7>プロジェクト "Archivio.csproj" 内のターゲット "CreateSatelliteAssemblies" のビルドが終了しました。
   1:7>ファイル "C:\Program Files\dotnet\sdk\10.0.301\Microsoft.Common.CurrentVersion.targets" 内にある、プロジェクト "C:\Users\tuoza\source\repos\Archivio\Archivio\Archivio.csproj" からのターゲット "GetTargetPathWithTargetPlatformMoniker" (ターゲット "GetTargetPath" は依存):
   1:7>プロジェクト "Archivio.csproj" 内のターゲット "GetTargetPathWithTargetPlatformMoniker" のビルドが終了しました。
   1:7>ファイル "C:\Program Files\dotnet\sdk\10.0.301\Microsoft.Common.CurrentVersion.targets" 内にある、プロジェクト "C:\Users\tuoza\source\repos\Archivio\Archivio\Archivio.csproj" からのターゲット "GetTargetPath" (ターゲット "CoreBuild" は依存):
   1:7>プロジェクト "Archivio.csproj" 内のターゲット "GetTargetPath" のビルドが終了しました。
   1:7>ファイル "C:\Program Files\dotnet\sdk\10.0.301\Microsoft.Common.CurrentVersion.targets" 内にある、プロジェクト "C:\Users\tuoza\source\repos\Archivio\Archivio\Archivio.csproj" からのターゲット "_CopyFilesMarkedCopyLocal" (ターゲット "CopyFilesToOutputDirectory" は依存):
       "Copy" タスクをアセンブリ "Microsoft.Build.Tasks.Core, Version=15.1.0.0, Culture=neutral, PublicKeyToken=b03f5f7f11d50a3a" から使用しています。
       タスク "Copy"
         "SkipUnchangedFiles" パラメーターがプロジェクトで "true" に設定されているため、またファイルのサイズとタイムスタンプが一致するため、ファイル "C:\Users\tuoza\.nuget\packages\microsoft.web.webview2\1.0.4129.50\buildTransitive\..\\runtimes\win-x64\native_uap\Microsoft.Web.WebView2.Core.dll" からファイル "bin\x64\Debug\net10.0-windows10.0.19041.0\win-x64\Microsoft.Web.WebView2.Core.dll" にコピーしませんでした。
         "SkipUnchangedFiles" パラメーターがプロジェクトで "true" に設定されているため、またファイルのサイズとタイムスタンプが一致するため、ファイル "C:\Users\tuoza\.nuget\packages\communitytoolkit.common\7.1.2\lib\net5.0\CommunityToolkit.Common.dll" からファイル "bin\x64\Debug\net10.0-windows10.0.19041.0\win-x64\CommunityToolkit.Common.dll" にコピーしませんでした。
         "SkipUnchangedFiles" パラメーターがプロジェクトで "true" に設定されているため、またファイルのサイズとタイムスタンプが一致するため、ファイル "C:\Users\tuoza\.nuget\packages\colorcode.core\2.0.13\lib\netstandard1.4\ColorCode.Core.dll" からファイル "bin\x64\Debug\net10.0-windows10.0.19041.0\win-x64\ColorCode.Core.dll" にコピーしませんでした。
         "SkipUnchangedFiles" パラメーターがプロジェクトで "true" に設定されているため、またファイルのサイズとタイムスタンプが一致するため、ファイル "C:\Users\tuoza\.nuget\packages\colorcode.winui\2.0.13\lib\net5.0-windows10.0.18362\ColorCode.WinUI.dll" からファイル "bin\x64\Debug\net10.0-windows10.0.19041.0\win-x64\ColorCode.WinUI.dll" にコピーしませんでした。
         "SkipUnchangedFiles" パラメーターがプロジェクトで "true" に設定されているため、またファイルのサイズとタイムスタンプが一致するため、ファイル "C:\Users\tuoza\.nuget\packages\communitytoolkit.winui.ui\7.1.2\lib\net5.0-windows10.0.18362\CommunityToolkit.WinUI.UI.dll" からファイル "bin\x64\Debug\net10.0-windows10.0.19041.0\win-x64\CommunityToolkit.WinUI.UI.dll" にコピーしませんでした。
         "SkipUnchangedFiles" パラメーターがプロジェクトで "true" に設定されているため、またファイルのサイズとタイムスタンプが一致するため、ファイル "C:\Users\tuoza\.nuget\packages\communitytoolkit.winui.ui.controls.datagrid\7.1.2\lib\net5.0-windows10.0.18362\CommunityToolkit.WinUI.UI.Controls.DataGrid.dll" からファイル "bin\x64\Debug\net10.0-windows10.0.19041.0\win-x64\CommunityToolkit.WinUI.UI.Controls.DataGrid.dll" にコピーしませんでした。
         "SkipUnchangedFiles" パラメーターがプロジェクトで "true" に設定されているため、またファイルのサイズとタイムスタンプが一致するため、ファイル "C:\Users\tuoza\.nuget\packages\communitytoolkit.winui\7.1.2\lib\net5.0-windows10.0.18362\CommunityToolkit.WinUI.dll" からファイル "bin\x64\Debug\net10.0-windows10.0.19041.0\win-x64\CommunityToolkit.WinUI.dll" にコピーしませんでした。
         "SkipUnchangedFiles" パラメーターがプロジェクトで "true" に設定されているため、またファイルのサイズとタイムスタンプが一致するため、ファイル "C:\Users\tuoza\.nuget\packages\communitytoolkit.winui.ui.controls.core\7.1.2\lib\net5.0-windows10.0.18362\CommunityToolkit.WinUI.UI.Controls.Core.dll" からファイル "bin\x64\Debug\net10.0-windows10.0.19041.0\win-x64\CommunityToolkit.WinUI.UI.Controls.Core.dll" にコピーしませんでした。
         "SkipUnchangedFiles" パラメーターがプロジェクトで "true" に設定されているため、またファイルのサイズとタイムスタンプが一致するため、ファイル "C:\Users\tuoza\.nuget\packages\communitytoolkit.winui.ui.controls.markdown\7.1.2\lib\net5.0-windows10.0.18362\CommunityToolkit.WinUI.UI.Controls.Markdown.dll" からファイル "bin\x64\Debug\net10.0-windows10.0.19041.0\win-x64\CommunityToolkit.WinUI.UI.Controls.Markdown.dll" にコピーしませんでした。
         "SkipUnchangedFiles" パラメーターがプロジェクトで "true" に設定されているため、またファイルのサイズとタイムスタンプが一致するため、ファイル "C:\Users\tuoza\.nuget\packages\communitytoolkit.winui.ui.controls.layout\7.1.2\lib\net5.0-windows10.0.18362\CommunityToolkit.WinUI.UI.Controls.Layout.dll" からファイル "bin\x64\Debug\net10.0-windows10.0.19041.0\win-x64\CommunityToolkit.WinUI.UI.Controls.Layout.dll" にコピーしませんでした。
         "SkipUnchangedFiles" パラメーターがプロジェクトで "true" に設定されているため、またファイルのサイズとタイムスタンプが一致するため、ファイル "C:\Users\tuoza\.nuget\packages\communitytoolkit.winui.ui.controls.input\7.1.2\lib\net5.0-windows10.0.18362\CommunityToolkit.WinUI.UI.Controls.Input.dll" からファイル "bin\x64\Debug\net10.0-windows10.0.19041.0\win-x64\CommunityToolkit.WinUI.UI.Controls.Input.dll" にコピーしませんでした。
         "SkipUnchangedFiles" パラメーターがプロジェクトで "true" に設定されているため、またファイルのサイズとタイムスタンプが一致するため、ファイル "C:\Users\tuoza\.nuget\packages\communitytoolkit.winui.ui.controls.primitives\7.1.2\lib\net5.0-windows10.0.18362\CommunityToolkit.WinUI.UI.Controls.Primitives.dll" からファイル "bin\x64\Debug\net10.0-windows10.0.19041.0\win-x64\CommunityToolkit.WinUI.UI.Controls.Primitives.dll" にコピーしませんでした。
         "SkipUnchangedFiles" パラメーターがプロジェクトで "true" に設定されているため、またファイルのサイズとタイムスタンプが一致するため、ファイル "C:\Users\tuoza\.nuget\packages\microsoft.graphics.win2d\1.0.0.30\lib\net5.0-windows10.0.18362.0\Microsoft.Graphics.Canvas.Interop.dll" からファイル "bin\x64\Debug\net10.0-windows10.0.19041.0\win-x64\Microsoft.Graphics.Canvas.Interop.dll" にコピーしませんでした。
         "SkipUnchangedFiles" パラメーターがプロジェクトで "true" に設定されているため、またファイルのサイズとタイムスタンプが一致するため、ファイル "C:\Users\tuoza\.nuget\packages\microsoft-windowsapicodepack-core\1.1.5\lib\net7.0-windows7.0\Microsoft.WindowsAPICodePack.dll" からファイル "bin\x64\Debug\net10.0-windows10.0.19041.0\win-x64\Microsoft.WindowsAPICodePack.dll" にコピーしませんでした。
         "SkipUnchangedFiles" パラメーターがプロジェクトで "true" に設定されているため、またファイルのサイズとタイムスタンプが一致するため、ファイル "C:\Users\tuoza\.nuget\packages\microsoft-windowsapicodepack-shell\1.1.5\lib\net7.0-windows7.0\Microsoft.WindowsAPICodePack.Shell.dll" からファイル "bin\x64\Debug\net10.0-windows10.0.19041.0\win-x64\Microsoft.WindowsAPICodePack.Shell.dll" にコピーしませんでした。
         "SkipUnchangedFiles" パラメーターがプロジェクトで "true" に設定されているため、またファイルのサイズとタイムスタンプが一致するため、ファイル "C:\Users\tuoza\.nuget\packages\communitytoolkit.winui.ui.controls.media\7.1.2\lib\net5.0-windows10.0.18362\CommunityToolkit.WinUI.UI.Controls.Media.dll" からファイル "bin\x64\Debug\net10.0-windows10.0.19041.0\win-x64\CommunityToolkit.WinUI.UI.Controls.Media.dll" にコピーしませんでした。
         "SkipUnchangedFiles" パラメーターがプロジェクトで "true" に設定されているため、またファイルのサイズとタイムスタンプが一致するため、ファイル "C:\Users\tuoza\.nuget\packages\microsoft.windowsappsdk.ai\1.8.79\lib\net6.0-windows10.0.17763.0\Microsoft.Windows.AI.Imaging.Projection.dll" からファイル "bin\x64\Debug\net10.0-windows10.0.19041.0\win-x64\Microsoft.Windows.AI.Imaging.Projection.dll" にコピーしませんでした。
         "SkipUnchangedFiles" パラメーターがプロジェクトで "true" に設定されているため、またファイルのサイズとタイムスタンプが一致するため、ファイル "C:\Users\tuoza\.nuget\packages\microsoft.windowsappsdk.ai\1.8.79\lib\net6.0-windows10.0.17763.0\Microsoft.Graphics.Imaging.Projection.dll" からファイル "bin\x64\Debug\net10.0-windows10.0.19041.0\win-x64\Microsoft.Graphics.Imaging.Projection.dll" にコピーしませんでした。
         "SkipUnchangedFiles" パラメーターがプロジェクトで "true" に設定されているため、またファイルのサイズとタイムスタンプが一致するため、ファイル "C:\Users\tuoza\.nuget\packages\microsoft.windowsappsdk.ai\1.8.79\lib\net6.0-windows10.0.17763.0\Microsoft.Windows.AI.Foundation.Projection.dll" からファイル "bin\x64\Debug\net10.0-windows10.0.19041.0\win-x64\Microsoft.Windows.AI.Foundation.Projection.dll" にコピーしませんでした。
         "SkipUnchangedFiles" パラメーターがプロジェクトで "true" に設定されているため、またファイルのサイズとタイムスタンプが一致するため、ファイル "C:\Users\tuoza\.nuget\packages\microsoft.windowsappsdk.foundation\1.8.260803002\lib\net6.0-windows10.0.17763.0\Microsoft.Security.Authentication.OAuth.Projection.dll" からファイル "bin\x64\Debug\net10.0-windows10.0.19041.0\win-x64\Microsoft.Security.Authentication.OAuth.Projection.dll" にコピーしませんでした。
         "SkipUnchangedFiles" パラメーターがプロジェクトで "true" に設定されているため、またファイルのサイズとタイムスタンプが一致するため、ファイル "C:\Users\tuoza\.nuget\packages\microsoft.windowsappsdk.ai\1.8.79\lib\net6.0-windows10.0.17763.0\Microsoft.Windows.AI.ContentSafety.Projection.dll" からファイル "bin\x64\Debug\net10.0-windows10.0.19041.0\win-x64\Microsoft.Windows.AI.ContentSafety.Projection.dll" にコピーしませんでした。
         "SkipUnchangedFiles" パラメーターがプロジェクトで "true" に設定されているため、またファイルのサイズとタイムスタンプが一致するため、ファイル "C:\Users\tuoza\.nuget\packages\microsoft.windowsappsdk.ai\1.8.79\lib\net6.0-windows10.0.17763.0\Microsoft.Windows.AI.Text.Projection.dll" からファイル "bin\x64\Debug\net10.0-windows10.0.19041.0\win-x64\Microsoft.Windows.AI.Text.Projection.dll" にコピーしませんでした。
         "SkipUnchangedFiles" パラメーターがプロジェクトで "true" に設定されているため、またファイルのサイズとタイムスタンプが一致するため、ファイル "C:\Users\tuoza\.nuget\packages\microsoft.windowsappsdk.foundation\1.8.260803002\lib\net6.0-windows10.0.17763.0\Microsoft.Windows.AppLifecycle.Projection.dll" からファイル "bin\x64\Debug\net10.0-windows10.0.19041.0\win-x64\Microsoft.Windows.AppLifecycle.Projection.dll" にコピーしませんでした。
         "SkipUnchangedFiles" パラメーターがプロジェクトで "true" に設定されているため、またファイルのサイズとタイムスタンプが一致するため、ファイル "C:\Users\tuoza\.nuget\packages\microsoft.windowsappsdk.ai\1.8.79\lib\net6.0-windows10.0.17763.0\Microsoft.Windows.AI.Projection.dll" からファイル "bin\x64\Debug\net10.0-windows10.0.19041.0\win-x64\Microsoft.Windows.AI.Projection.dll" にコピーしませんでした。
         "SkipUnchangedFiles" パラメーターがプロジェクトで "true" に設定されているため、またファイルのサイズとタイムスタンプが一致するため、ファイル "C:\Users\tuoza\.nuget\packages\microsoft.windowsappsdk.foundation\1.8.260803002\lib\net6.0-windows10.0.17763.0\Microsoft.Windows.AppNotifications.Builder.Projection.dll" からファイル "bin\x64\Debug\net10.0-windows10.0.19041.0\win-x64\Microsoft.Windows.AppNotifications.Builder.Projection.dll" にコピーしませんでした。
         "SkipUnchangedFiles" パラメーターがプロジェクトで "true" に設定されているため、またファイルのサイズとタイムスタンプが一致するため、ファイル "C:\Users\tuoza\.nuget\packages\microsoft.windowsappsdk.foundation\1.8.260803002\lib\net6.0-windows10.0.17763.0\Microsoft.Windows.AppNotifications.Projection.dll" からファイル "bin\x64\Debug\net10.0-windows10.0.19041.0\win-x64\Microsoft.Windows.AppNotifications.Projection.dll" にコピーしませんでした。
         "SkipUnchangedFiles" パラメーターがプロジェクトで "true" に設定されているため、またファイルのサイズとタイムスタンプが一致するため、ファイル "C:\Users\tuoza\.nuget\packages\microsoft.windowsappsdk.foundation\1.8.260803002\lib\net6.0-windows10.0.17763.0\Microsoft.Windows.ApplicationModel.Background.Projection.dll" からファイル "bin\x64\Debug\net10.0-windows10.0.19041.0\win-x64\Microsoft.Windows.ApplicationModel.Background.Projection.dll" にコピーしませんでした。
         "SkipUnchangedFiles" パラメーターがプロジェクトで "true" に設定されているため、またファイルのサイズとタイムスタンプが一致するため、ファイル "C:\Users\tuoza\.nuget\packages\microsoft.windowsappsdk.foundation\1.8.260803002\lib\net6.0-windows10.0.17763.0\Microsoft.Windows.ApplicationModel.DynamicDependency.Projection.dll" からファイル "bin\x64\Debug\net10.0-windows10.0.19041.0\win-x64\Microsoft.Windows.ApplicationModel.DynamicDependency.Projection.dll" にコピーしませんでした。
         "SkipUnchangedFiles" パラメーターがプロジェクトで "true" に設定されているため、またファイルのサイズとタイムスタンプが一致するため、ファイル "C:\Users\tuoza\.nuget\packages\microsoft.windowsappsdk.foundation\1.8.260803002\lib\net6.0-windows10.0.17763.0\Microsoft.Windows.ApplicationModel.Resources.Projection.dll" からファイル "bin\x64\Debug\net10.0-windows10.0.19041.0\win-x64\Microsoft.Windows.ApplicationModel.Resources.Projection.dll" にコピーしませんでした。
         "SkipUnchangedFiles" パラメーターがプロジェクトで "true" に設定されているため、またファイルのサイズとタイムスタンプが一致するため、ファイル "C:\Users\tuoza\.nuget\packages\microsoft.windowsappsdk.foundation\1.8.260803002\lib\net6.0-windows10.0.17763.0\Microsoft.Windows.BadgeNotifications.Projection.dll" からファイル "bin\x64\Debug\net10.0-windows10.0.19041.0\win-x64\Microsoft.Windows.BadgeNotifications.Projection.dll" にコピーしませんでした。
         "SkipUnchangedFiles" パラメーターがプロジェクトで "true" に設定されているため、またファイルのサイズとタイムスタンプが一致するため、ファイル "C:\Users\tuoza\.nuget\packages\microsoft.windowsappsdk.foundation\1.8.260803002\lib\net6.0-windows10.0.17763.0\Microsoft.Windows.Foundation.Projection.dll" からファイル "bin\x64\Debug\net10.0-windows10.0.19041.0\win-x64\Microsoft.Windows.Foundation.Projection.dll" にコピーしませんでした。
         "SkipUnchangedFiles" パラメーターがプロジェクトで "true" に設定されているため、またファイルのサイズとタイムスタンプが一致するため、ファイル "C:\Users\tuoza\.nuget\packages\microsoft.windowsappsdk.foundation\1.8.260803002\lib\net6.0-windows10.0.17763.0\Microsoft.Windows.ApplicationModel.WindowsAppRuntime.Projection.dll" からファイル "bin\x64\Debug\net10.0-windows10.0.19041.0\win-x64\Microsoft.Windows.ApplicationModel.WindowsAppRuntime.Projection.dll" にコピーしませんでした。
         "SkipUnchangedFiles" パラメーターがプロジェクトで "true" に設定されているため、またファイルのサイズとタイムスタンプが一致するため、ファイル "C:\Users\tuoza\.nuget\packages\microsoft.windowsappsdk.foundation\1.8.260803002\lib\net6.0-windows10.0.17763.0\Microsoft.Windows.Management.Deployment.Projection.dll" からファイル "bin\x64\Debug\net10.0-windows10.0.19041.0\win-x64\Microsoft.Windows.Management.Deployment.Projection.dll" にコピーしませんでした。
         "SkipUnchangedFiles" パラメーターがプロジェクトで "true" に設定されているため、またファイルのサイズとタイムスタンプが一致するため、ファイル "C:\Users\tuoza\.nuget\packages\microsoft.windowsappsdk.foundation\1.8.260803002\lib\net6.0-windows10.0.17763.0\Microsoft.Windows.PushNotifications.Projection.dll" からファイル "bin\x64\Debug\net10.0-windows10.0.19041.0\win-x64\Microsoft.Windows.PushNotifications.Projection.dll" にコピーしませんでした。
         "SkipUnchangedFiles" パラメーターがプロジェクトで "true" に設定されているため、またファイルのサイズとタイムスタンプが一致するため、ファイル "C:\Users\tuoza\.nuget\packages\microsoft.windowsappsdk.foundation\1.8.260803002\lib\net6.0-windows10.0.17763.0\Microsoft.Windows.Media.Capture.Projection.dll" からファイル "bin\x64\Debug\net10.0-windows10.0.19041.0\win-x64\Microsoft.Windows.Media.Capture.Projection.dll" にコピーしませんでした。
         "SkipUnchangedFiles" パラメーターがプロジェクトで "true" に設定されているため、またファイルのサイズとタイムスタンプが一致するため、ファイル "C:\Users\tuoza\.nuget\packages\microsoft.windowsappsdk.foundation\1.8.260803002\lib\net6.0-windows10.0.17763.0\Microsoft.Windows.Security.AccessControl.Projection.dll" からファイル "bin\x64\Debug\net10.0-windows10.0.19041.0\win-x64\Microsoft.Windows.Security.AccessControl.Projection.dll" にコピーしませんでした。
         "SkipUnchangedFiles" パラメーターがプロジェクトで "true" に設定されているため、またファイルのサイズとタイムスタンプが一致するため、ファイル "C:\Users\tuoza\.nuget\packages\microsoft.windowsappsdk.foundation\1.8.260803002\lib\net6.0-windows10.0.17763.0\Microsoft.Windows.Storage.Projection.dll" からファイル "bin\x64\Debug\net10.0-windows10.0.19041.0\win-x64\Microsoft.Windows.Storage.Projection.dll" にコピーしませんでした。
         "SkipUnchangedFiles" パラメーターがプロジェクトで "true" に設定されているため、またファイルのサイズとタイムスタンプが一致するため、ファイル "C:\Users\tuoza\.nuget\packages\microsoft.windowsappsdk.foundation\1.8.260803002\lib\net6.0-windows10.0.17763.0\Microsoft.Windows.System.Power.Projection.dll" からファイル "bin\x64\Debug\net10.0-windows10.0.19041.0\win-x64\Microsoft.Windows.System.Power.Projection.dll" にコピーしませんでした。
         "SkipUnchangedFiles" パラメーターがプロジェクトで "true" に設定されているため、またファイルのサイズとタイムスタンプが一致するため、ファイル "C:\Users\tuoza\.nuget\packages\microsoft.windowsappsdk.foundation\1.8.260803002\lib\net6.0-windows10.0.17763.0\Microsoft.Windows.Storage.Pickers.Projection.dll" からファイル "bin\x64\Debug\net10.0-windows10.0.19041.0\win-x64\Microsoft.Windows.Storage.Pickers.Projection.dll" にコピーしませんでした。
         "SkipUnchangedFiles" パラメーターがプロジェクトで "true" に設定されているため、またファイルのサイズとタイムスタンプが一致するため、ファイル "C:\Users\tuoza\.nuget\packages\microsoft.windowsappsdk.foundation\1.8.260803002\lib\net6.0-windows10.0.17763.0\Microsoft.WindowsAppRuntime.Bootstrap.Net.dll" からファイル "bin\x64\Debug\net10.0-windows10.0.19041.0\win-x64\Microsoft.WindowsAppRuntime.Bootstrap.Net.dll" にコピーしませんでした。
         "SkipUnchangedFiles" パラメーターがプロジェクトで "true" に設定されているため、またファイルのサイズとタイムスタンプが一致するため、ファイル "C:\Users\tuoza\.nuget\packages\microsoft.windowsappsdk.foundation\1.8.260803002\lib\net6.0-windows10.0.17763.0\Microsoft.Windows.System.Projection.dll" からファイル "bin\x64\Debug\net10.0-windows10.0.19041.0\win-x64\Microsoft.Windows.System.Projection.dll" にコピーしませんでした。
         "SkipUnchangedFiles" パラメーターがプロジェクトで "true" に設定されているため、またファイルのサイズとタイムスタンプが一致するため、ファイル "C:\Users\tuoza\.nuget\packages\microsoft.windowsappsdk.interactiveexperiences\1.8.260708001\lib\net6.0-windows10.0.18362.0\Microsoft.InteractiveExperiences.Projection.dll" からファイル "bin\x64\Debug\net10.0-windows10.0.19041.0\win-x64\Microsoft.InteractiveExperiences.Projection.dll" にコピーしませんでした。
         "SkipUnchangedFiles" パラメーターがプロジェクトで "true" に設定されているため、またファイルのサイズとタイムスタンプが一致するため、ファイル "C:\Users\tuoza\.nuget\packages\microsoft.windowsappsdk.ml\1.8.2197\lib\net8.0-windows10.0.17763.0\Microsoft.Windows.AI.MachineLearning.Projection.dll" からファイル "bin\x64\Debug\net10.0-windows10.0.19041.0\win-x64\Microsoft.Windows.AI.MachineLearning.Projection.dll" にコピーしませんでした。
         "SkipUnchangedFiles" パラメーターがプロジェクトで "true" に設定されているため、またファイルのサイズとタイムスタンプが一致するため、ファイル "C:\Users\tuoza\.nuget\packages\microsoft.windowsappsdk.ml\1.8.2197\lib\net8.0-windows10.0.17763.0\Microsoft.ML.OnnxRuntime.dll" からファイル "bin\x64\Debug\net10.0-windows10.0.19041.0\win-x64\Microsoft.ML.OnnxRuntime.dll" にコピーしませんでした。
         "SkipUnchangedFiles" パラメーターがプロジェクトで "true" に設定されているため、またファイルのサイズとタイムスタンプが一致するため、ファイル "C:\Users\tuoza\.nuget\packages\microsoft.windowsappsdk.winui\1.8.260803003\lib\net6.0-windows10.0.17763.0\Microsoft.WinUI.dll" からファイル "bin\x64\Debug\net10.0-windows10.0.19041.0\win-x64\Microsoft.WinUI.dll" にコピーしませんでした。
         "SkipUnchangedFiles" パラメーターがプロジェクトで "true" に設定されているため、またファイルのサイズとタイムスタンプが一致するため、ファイル "C:\Users\tuoza\.nuget\packages\microsoft.windowsappsdk.widgets\1.8.251231004\lib\net6.0-windows10.0.17763.0\Microsoft.Windows.Widgets.Projection.dll" からファイル "bin\x64\Debug\net10.0-windows10.0.19041.0\win-x64\Microsoft.Windows.Widgets.Projection.dll" にコピーしませんでした。
         "SkipUnchangedFiles" パラメーターがプロジェクトで "true" に設定されているため、またファイルのサイズとタイムスタンプが一致するため、ファイル "C:\Users\tuoza\.nuget\packages\system.numerics.tensors\9.0.0\lib\net9.0\System.Numerics.Tensors.dll" からファイル "bin\x64\Debug\net10.0-windows10.0.19041.0\win-x64\System.Numerics.Tensors.dll" にコピーしませんでした。
         "SkipUnchangedFiles" パラメーターがプロジェクトで "true" に設定されているため、またファイルのサイズとタイムスタンプが一致するため、ファイル "C:\Users\tuoza\.nuget\packages\taglibsharp\2.3.0\lib\netstandard2.0\TagLibSharp.dll" からファイル "bin\x64\Debug\net10.0-windows10.0.19041.0\win-x64\TagLibSharp.dll" にコピーしませんでした。
         "SkipUnchangedFiles" パラメーターがプロジェクトで "true" に設定されているため、またファイルのサイズとタイムスタンプが一致するため、ファイル "C:\Users\tuoza\.nuget\packages\microsoft.windowsappsdk.foundation\1.8.260803002\runtimes\win-x64\native\Microsoft.Windows.ApplicationModel.Background.UniversalBGTask.dll" からファイル "bin\x64\Debug\net10.0-windows10.0.19041.0\win-x64\Microsoft.Windows.ApplicationModel.Background.UniversalBGTask.dll" にコピーしませんでした。
         "SkipUnchangedFiles" パラメーターがプロジェクトで "true" に設定されているため、またファイルのサイズとタイムスタンプが一致するため、ファイル "C:\Users\tuoza\.nuget\packages\microsoft.windows.sdk.net.ref\10.0.19041.57\lib\net8.0\WinRT.Runtime.dll" からファイル "bin\x64\Debug\net10.0-windows10.0.19041.0\win-x64\WinRT.Runtime.dll" にコピーしませんでした。
         "SkipUnchangedFiles" パラメーターがプロジェクトで "true" に設定されているため、またファイルのサイズとタイムスタンプが一致するため、ファイル "C:\Users\tuoza\.nuget\packages\microsoft.windows.sdk.net.ref\10.0.19041.57\lib\net8.0\Microsoft.Windows.SDK.NET.dll" からファイル "bin\x64\Debug\net10.0-windows10.0.19041.0\win-x64\Microsoft.Windows.SDK.NET.dll" にコピーしませんでした。
         "SkipUnchangedFiles" パラメーターがプロジェクトで "true" に設定されているため、またファイルのサイズとタイムスタンプが一致するため、ファイル "C:\Users\tuoza\.nuget\packages\microsoft.windowsappsdk.foundation\1.8.260803002\runtimes\win-x64\native\Microsoft.WindowsAppRuntime.Bootstrap.dll" からファイル "bin\x64\Debug\net10.0-windows10.0.19041.0\win-x64\Microsoft.WindowsAppRuntime.Bootstrap.dll" にコピーしませんでした。
         "SkipUnchangedFiles" パラメーターがプロジェクトで "true" に設定されているため、またファイルのサイズとタイムスタンプが一致するため、ファイル "C:\Users\tuoza\.nuget\packages\microsoft.web.webview2\1.0.4129.50\runtimes\win-x64\native\WebView2Loader.dll" からファイル "bin\x64\Debug\net10.0-windows10.0.19041.0\win-x64\WebView2Loader.dll" にコピーしませんでした。
         "SkipUnchangedFiles" パラメーターがプロジェクトで "true" に設定されているため、またファイルのサイズとタイムスタンプが一致するため、ファイル "C:\Users\tuoza\.nuget\packages\microsoft.web.webview2\1.0.4129.50\lib_manual\net8.0-windows10.0.17763.0\Microsoft.Web.WebView2.Core.Projection.dll" からファイル "bin\x64\Debug\net10.0-windows10.0.19041.0\win-x64\Microsoft.Web.WebView2.Core.Projection.dll" にコピーしませんでした。
       タスク "Copy" の実行が終了しました。
   1:7>プロジェクト "Archivio.csproj" 内のターゲット "_CopyFilesMarkedCopyLocal" のビルドが終了しました。
       ターゲット "ResolveProjectReferences" を省略しました。以前に正しくビルドされていました。
   1:7>ファイル "C:\Users\tuoza\.nuget\packages\microsoft.windows.sdk.buildtools.msix\1.7.20250829.1\build\Microsoft.Windows.SDK.BuildTools.MSIX.Pri.targets" 内にある、プロジェクト "C:\Users\tuoza\source\repos\Archivio\Archivio\Archivio.csproj" からのターゲット "_CalculateXbfSupport" (ターゲット "GetPriOutputs" は依存):
   1:7>プロジェクト "Archivio.csproj" 内のターゲット "_CalculateXbfSupport" のビルドが終了しました。
   1:7>ファイル "C:\Users\tuoza\.nuget\packages\microsoft.windows.sdk.buildtools.msix\1.7.20250829.1\build\Microsoft.Windows.SDK.BuildTools.MSIX.Pri.targets" 内にある、プロジェクト "C:\Users\tuoza\source\repos\Archivio\Archivio\Archivio.csproj" からのターゲット "GetPriOutputs" (ターゲット "GetCopyToOutputDirectoryItems" は依存):
       "CallTarget" タスクをアセンブリ "Microsoft.Build.Tasks.Core, Version=15.1.0.0, Culture=neutral, PublicKeyToken=b03f5f7f11d50a3a" から使用しています。
       タスク "CallTarget"
       ターゲット "BuildOnlySettings" を省略しました。以前に正しくビルドされていました。
       ターゲット "PrepareForBuild" を省略しました。以前に正しくビルドされていました。
       ターゲット "AssignTargetPaths" を省略しました。以前に正しくビルドされていました。
       ターゲット "ResolveReferences" を省略しました。以前に正しくビルドされていました。
   1:7>ファイル "C:\Program Files\dotnet\sdk\10.0.301\Microsoft.Common.CurrentVersion.targets" 内にある、プロジェクト "C:\Users\tuoza\source\repos\Archivio\Archivio\Archivio.csproj" からのターゲット "PriFilesOutputGroup" (ターゲット "GetPriOutputs" は依存):
   1:7>プロジェクト "Archivio.csproj" 内のターゲット "PriFilesOutputGroup" のビルドが終了しました。
       タスク "CallTarget" の実行が終了しました。
       タスク "CallTarget"
       ターゲット "BuildOnlySettings" を省略しました。以前に正しくビルドされていました。
       ターゲット "PrepareForBuild" を省略しました。以前に正しくビルドされていました。
       ターゲット "AssignTargetPaths" を省略しました。以前に正しくビルドされていました。
       ターゲット "ResolveReferences" を省略しました。以前に正しくビルドされていました。
   1:7>ファイル "C:\Users\tuoza\.nuget\packages\microsoft.windows.sdk.buildtools.msix\1.7.20250829.1\build\Microsoft.Windows.SDK.BuildTools.MSIX.Packaging.targets" 内にある、プロジェクト "C:\Users\tuoza\source\repos\Archivio\Archivio\Archivio.csproj" からのターゲット "CopyLocalFilesOutputGroup" (ターゲット "GetPriOutputs" は依存):
   1:7>プロジェクト "Archivio.csproj" 内のターゲット "CopyLocalFilesOutputGroup" のビルドが終了しました。
       タスク "CallTarget" の実行が終了しました。
       タスク "CallTarget"
       ターゲット "PrepareForBuild" を省略しました。以前に正しくビルドされていました。
       ターゲット "AssignTargetPaths" を省略しました。以前に正しくビルドされていました。
   1:7>ファイル "C:\Program Files\dotnet\sdk\10.0.301\Microsoft.Common.CurrentVersion.targets" 内にある、プロジェクト "C:\Users\tuoza\source\repos\Archivio\Archivio\Archivio.csproj" からのターゲット "ContentFilesProjectOutputGroup" (ターゲット "GetPriOutputs" は依存):
   1:7>プロジェクト "Archivio.csproj" 内のターゲット "ContentFilesProjectOutputGroup" のビルドが終了しました。
       タスク "CallTarget" の実行が終了しました。
       タスク "CallTarget"
       ターゲット "GetVCInstallPath" を省略しました。以前に正しくビルドされていました。
   1:7>ファイル "C:\Users\tuoza\.nuget\packages\microsoft.windowsappsdk.winui\1.8.260803003\buildTransitive\Microsoft.UI.Xaml.Markup.Compiler.interop.targets" 内にある、プロジェクト "C:\Users\tuoza\source\repos\Archivio\Archivio\Archivio.csproj" からのターゲット "Prep_ComputeProcessXamlFiles" (ターゲット "ComputeProcessXamlFiles" は依存):
       タスク "Message"
         (Out) Prep_GeneratedXamlSrc == obj\x64\Debug\net10.0-windows10.0.19041.0\win-x64\App.xbf;obj\x64\Debug\net10.0-windows10.0.19041.0\win-x64\Views\MainPage.xbf
       タスク "Message" の実行が終了しました。
       タスク "Message"
         (Out) Prep_GeneratedXamlDest == bin\x64\Debug\net10.0-windows10.0.19041.0\win-x64\App.xbf;bin\x64\Debug\net10.0-windows10.0.19041.0\win-x64\Views\MainPage.xbf
       タスク "Message" の実行が終了しました。
   1:7>プロジェクト "Archivio.csproj" 内のターゲット "Prep_ComputeProcessXamlFiles" のビルドが終了しました。
   1:7>ファイル "C:\Users\tuoza\.nuget\packages\microsoft.windowsappsdk.winui\1.8.260803003\buildTransitive\Microsoft.UI.Xaml.Markup.Compiler.interop.targets" 内にある、プロジェクト "C:\Users\tuoza\source\repos\Archivio\Archivio\Archivio.csproj" からのターゲット "ComputeProcessXamlFiles" (ターゲット "CustomOutputGroupForPackaging" は依存):
       タスク "Message"
         (Out) GeneratedXamlDest == bin\x64\Debug\net10.0-windows10.0.19041.0\win-x64\App.xbf;bin\x64\Debug\net10.0-windows10.0.19041.0\win-x64\Views\MainPage.xbf
       タスク "Message" の実行が終了しました。
       タスク "Message"
         (Out) GeneratedXamlSrc == obj\x64\Debug\net10.0-windows10.0.19041.0\win-x64\App.xbf;obj\x64\Debug\net10.0-windows10.0.19041.0\win-x64\Views\MainPage.xbf
       タスク "Message" の実行が終了しました。
       タスク "Message"
         (Out) ProcessedXamlFiles == bin\x64\Debug\net10.0-windows10.0.19041.0\win-x64\App.xbf;bin\x64\Debug\net10.0-windows10.0.19041.0\win-x64\Views\MainPage.xbf
       タスク "Message" の実行が終了しました。
   1:7>プロジェクト "Archivio.csproj" 内のターゲット "ComputeProcessXamlFiles" のビルドが終了しました。
   1:7>ファイル "C:\Users\tuoza\.nuget\packages\microsoft.windowsappsdk.winui\1.8.260803003\buildTransitive\Microsoft.UI.Xaml.Markup.Compiler.interop.targets" 内にある、プロジェクト "C:\Users\tuoza\source\repos\Archivio\Archivio\Archivio.csproj" からのターゲット "CustomOutputGroupForPackaging" (ターゲット "GetPriOutputs" は依存):
       タスク "AssignTargetPath"
       タスク "AssignTargetPath" の実行が終了しました。
       タスク "Message"
         (Out) Project='Archivio' ProcessedXamlFiles == bin\x64\Debug\net10.0-windows10.0.19041.0\win-x64\App.xbf;bin\x64\Debug\net10.0-windows10.0.19041.0\win-x64\Views\MainPage.xbf
       タスク "Message" の実行が終了しました。
       タスク "Message"
         (Out) XamlPackagingRootFolder == bin\x64\Debug\net10.0-windows10.0.19041.0\win-x64\\
       タスク "Message" の実行が終了しました。
       タスク "Message"
         (Out) ProcessedXamlFilesFullPath == C:\Users\tuoza\source\repos\Archivio\Archivio\bin\x64\Debug\net10.0-windows10.0.19041.0\win-x64\App.xbf;C:\Users\tuoza\source\repos\Archivio\Archivio\bin\x64\Debug\net10.0-windows10.0.19041.0\win-x64\Views\MainPage.xbf
       タスク "Message" の実行が終了しました。
       タスク "Message"
         (Out) Project='Archivio' CustomOutputGroupForPackagingOutput == C:\Users\tuoza\source\repos\Archivio\Archivio\bin\x64\Debug\net10.0-windows10.0.19041.0\win-x64\App.xbf;C:\Users\tuoza\source\repos\Archivio\Archivio\bin\x64\Debug\net10.0-windows10.0.19041.0\win-x64\Views\MainPage.xbf
       タスク "Message" の実行が終了しました。
   1:7>プロジェクト "Archivio.csproj" 内のターゲット "CustomOutputGroupForPackaging" のビルドが終了しました。
       タスク "CallTarget" の実行が終了しました。
       TaskRun 中にアセンブリが読み込まれました: Microsoft.Windows.SDK.BuildTools.MSIX, Version=1.7.2508.291, Culture=neutral, PublicKeyToken=null (場所: C:\Users\tuoza\.nuget\packages\microsoft.windows.sdk.buildtools.msix\1.7.20250829.1\tools\net6.0\Microsoft.Windows.SDK.BuildTools.MSIX.dll、MVID: 539855ac-e8ac-4a95-bf9c-7a17b74cd3ca、AssemblyLoadContext: MSBuild plugin C:\Users\tuoza\.nuget\packages\microsoft.windows.sdk.buildtools.msix\1.7.20250829.1\tools\net6.0\Microsoft.Windows.SDK.BuildTools.MSIX.dll)
       TaskRun 中にアセンブリが読み込まれました: Microsoft.VisualStudio.Telemetry, Version=16.0.0.0, Culture=neutral, PublicKeyToken=b03f5f7f11d50a3a (場所: C:\Users\tuoza\.nuget\packages\microsoft.windows.sdk.buildtools.msix\1.7.20250829.1\tools\net6.0\Microsoft.VisualStudio.Telemetry.dll、MVID: 71172298-e1fd-48e8-be3c-4264ad7e4844、AssemblyLoadContext: MSBuild plugin C:\Users\tuoza\.nuget\packages\microsoft.windows.sdk.buildtools.msix\1.7.20250829.1\tools\net6.0\Microsoft.Windows.SDK.BuildTools.MSIX.dll)
       "WinAppSdkExpandPayloadDirectories" タスクをアセンブリ "C:\Users\tuoza\.nuget\packages\microsoft.windows.sdk.buildtools.msix\1.7.20250829.1\build\..\tools\net6.0\Microsoft.Windows.SDK.BuildTools.MSIX.dll" から使用しています。
       タスク "WinAppSdkExpandPayloadDirectories"
         Adding 'C:\Users\tuoza\.nuget\packages\colorcode.winui\2.0.13\lib\net5.0-windows10.0.18362\ColorCode.WinUI.pri'
         Adding 'C:\Users\tuoza\.nuget\packages\communitytoolkit.winui\7.1.2\lib\net5.0-windows10.0.18362\CommunityToolkit.WinUI.pri'
         Adding 'C:\Users\tuoza\.nuget\packages\communitytoolkit.winui.ui\7.1.2\lib\net5.0-windows10.0.18362\CommunityToolkit.WinUI.UI.pri'
         Adding 'C:\Users\tuoza\.nuget\packages\communitytoolkit.winui.ui.controls.core\7.1.2\lib\net5.0-windows10.0.18362\CommunityToolkit.WinUI.UI.Controls.Core.pri'
         Adding 'C:\Users\tuoza\.nuget\packages\communitytoolkit.winui.ui.controls.datagrid\7.1.2\lib\net5.0-windows10.0.18362\CommunityToolkit.WinUI.UI.Controls.DataGrid.pri'
         Adding 'C:\Users\tuoza\.nuget\packages\communitytoolkit.winui.ui.controls.input\7.1.2\lib\net5.0-windows10.0.18362\CommunityToolkit.WinUI.UI.Controls.Input.pri'
         Adding 'C:\Users\tuoza\.nuget\packages\communitytoolkit.winui.ui.controls.layout\7.1.2\lib\net5.0-windows10.0.18362\CommunityToolkit.WinUI.UI.Controls.Layout.pri'
         Adding 'C:\Users\tuoza\.nuget\packages\communitytoolkit.winui.ui.controls.markdown\7.1.2\lib\net5.0-windows10.0.18362\CommunityToolkit.WinUI.UI.Controls.Markdown.pri'
         Adding 'C:\Users\tuoza\.nuget\packages\communitytoolkit.winui.ui.controls.media\7.1.2\lib\net5.0-windows10.0.18362\CommunityToolkit.WinUI.UI.Controls.Media.pri'
         Adding 'C:\Users\tuoza\.nuget\packages\communitytoolkit.winui.ui.controls.primitives\7.1.2\lib\net5.0-windows10.0.18362\CommunityToolkit.WinUI.UI.Controls.Primitives.pri'
         Adding 'C:\Users\tuoza\source\repos\Archivio\Archivio\Assets\Archivio.ico'
         Adding 'C:\Users\tuoza\source\repos\Archivio\Archivio\Assets\Archivio.ico'
         Adding 'C:\Users\tuoza\source\repos\Archivio\Archivio\Assets\Locale\en.json'
         Adding 'C:\Users\tuoza\source\repos\Archivio\Archivio\Assets\Locale\en.json'
         Adding 'C:\Users\tuoza\source\repos\Archivio\Archivio\Assets\Locale\ja.json'
         Adding 'C:\Users\tuoza\source\repos\Archivio\Archivio\Assets\Locale\ja.json'
         Adding 'C:\Users\tuoza\source\repos\Archivio\Archivio\Assets\LockScreenLogo.scale-200.png'
         Adding 'C:\Users\tuoza\source\repos\Archivio\Archivio\Assets\LockScreenLogo.scale-200.png'
         Adding 'C:\Users\tuoza\source\repos\Archivio\Archivio\Assets\SplashScreen.scale-200.png'
         Adding 'C:\Users\tuoza\source\repos\Archivio\Archivio\Assets\SplashScreen.scale-200.png'
         Adding 'C:\Users\tuoza\source\repos\Archivio\Archivio\Assets\Square150x150Logo.scale-200.png'
         Adding 'C:\Users\tuoza\source\repos\Archivio\Archivio\Assets\Square150x150Logo.scale-200.png'
         Adding 'C:\Users\tuoza\source\repos\Archivio\Archivio\Assets\Square44x44Logo.scale-200.png'
         Adding 'C:\Users\tuoza\source\repos\Archivio\Archivio\Assets\Square44x44Logo.scale-200.png'
         Adding 'C:\Users\tuoza\source\repos\Archivio\Archivio\Assets\Square44x44Logo.targetsize-24_altform-unplated.png'
         Adding 'C:\Users\tuoza\source\repos\Archivio\Archivio\Assets\Square44x44Logo.targetsize-24_altform-unplated.png'
         Adding 'C:\Users\tuoza\source\repos\Archivio\Archivio\Assets\StoreLogo.png'
         Adding 'C:\Users\tuoza\source\repos\Archivio\Archivio\Assets\StoreLogo.png'
         Adding 'C:\Users\tuoza\source\repos\Archivio\Archivio\Assets\Wide310x150Logo.scale-200.png'
         Adding 'C:\Users\tuoza\source\repos\Archivio\Archivio\Assets\Wide310x150Logo.scale-200.png'
         Adding 'C:\Users\tuoza\source\repos\Archivio\Archivio\bin\x64\Debug\net10.0-windows10.0.19041.0\win-x64\App.xbf'
         Adding 'C:\Users\tuoza\source\repos\Archivio\Archivio\bin\x64\Debug\net10.0-windows10.0.19041.0\win-x64\Views\MainPage.xbf'
       タスク "WinAppSdkExpandPayloadDirectories" の実行が終了しました。
       タスク "Message"
         Archivio : Archivio.PriFilesOutputGroup : C:\Users\tuoza\.nuget\packages\colorcode.winui\2.0.13\lib\net5.0-windows10.0.18362\ColorCode.WinUI.pri -> ColorCode.WinUI.pri
       タスク "Message" の実行が終了しました。
       タスク "Message"
         Archivio : Archivio.PriFilesOutputGroup : C:\Users\tuoza\.nuget\packages\communitytoolkit.winui\7.1.2\lib\net5.0-windows10.0.18362\CommunityToolkit.WinUI.pri -> CommunityToolkit.WinUI.pri
       タスク "Message" の実行が終了しました。
       タスク "Message"
         Archivio : Archivio.PriFilesOutputGroup : C:\Users\tuoza\.nuget\packages\communitytoolkit.winui.ui\7.1.2\lib\net5.0-windows10.0.18362\CommunityToolkit.WinUI.UI.pri -> CommunityToolkit.WinUI.UI.pri
       タスク "Message" の実行が終了しました。
       タスク "Message"
         Archivio : Archivio.PriFilesOutputGroup : C:\Users\tuoza\.nuget\packages\communitytoolkit.winui.ui.controls.core\7.1.2\lib\net5.0-windows10.0.18362\CommunityToolkit.WinUI.UI.Controls.Core.pri -> CommunityToolkit.WinUI.UI.Controls.Core.pri
       タスク "Message" の実行が終了しました。
       タスク "Message"
         Archivio : Archivio.PriFilesOutputGroup : C:\Users\tuoza\.nuget\packages\communitytoolkit.winui.ui.controls.datagrid\7.1.2\lib\net5.0-windows10.0.18362\CommunityToolkit.WinUI.UI.Controls.DataGrid.pri -> CommunityToolkit.WinUI.UI.Controls.DataGrid.pri
       タスク "Message" の実行が終了しました。
       タスク "Message"
         Archivio : Archivio.PriFilesOutputGroup : C:\Users\tuoza\.nuget\packages\communitytoolkit.winui.ui.controls.input\7.1.2\lib\net5.0-windows10.0.18362\CommunityToolkit.WinUI.UI.Controls.Input.pri -> CommunityToolkit.WinUI.UI.Controls.Input.pri
       タスク "Message" の実行が終了しました。
       タスク "Message"
         Archivio : Archivio.PriFilesOutputGroup : C:\Users\tuoza\.nuget\packages\communitytoolkit.winui.ui.controls.layout\7.1.2\lib\net5.0-windows10.0.18362\CommunityToolkit.WinUI.UI.Controls.Layout.pri -> CommunityToolkit.WinUI.UI.Controls.Layout.pri
       タスク "Message" の実行が終了しました。
       タスク "Message"
         Archivio : Archivio.PriFilesOutputGroup : C:\Users\tuoza\.nuget\packages\communitytoolkit.winui.ui.controls.markdown\7.1.2\lib\net5.0-windows10.0.18362\CommunityToolkit.WinUI.UI.Controls.Markdown.pri -> CommunityToolkit.WinUI.UI.Controls.Markdown.pri
       タスク "Message" の実行が終了しました。
       タスク "Message"
         Archivio : Archivio.PriFilesOutputGroup : C:\Users\tuoza\.nuget\packages\communitytoolkit.winui.ui.controls.media\7.1.2\lib\net5.0-windows10.0.18362\CommunityToolkit.WinUI.UI.Controls.Media.pri -> CommunityToolkit.WinUI.UI.Controls.Media.pri
       タスク "Message" の実行が終了しました。
       タスク "Message"
         Archivio : Archivio.PriFilesOutputGroup : C:\Users\tuoza\.nuget\packages\communitytoolkit.winui.ui.controls.primitives\7.1.2\lib\net5.0-windows10.0.18362\CommunityToolkit.WinUI.UI.Controls.Primitives.pri -> CommunityToolkit.WinUI.UI.Controls.Primitives.pri
       タスク "Message" の実行が終了しました。
       タスク "Message"
         Archivio : Archivio.ContentFilesProjectOutputGroup : C:\Users\tuoza\source\repos\Archivio\Archivio\Assets\Archivio.ico -> Assets\Archivio.ico
       タスク "Message" の実行が終了しました。
       タスク "Message"
         Archivio : Archivio.ContentFilesProjectOutputGroup : C:\Users\tuoza\source\repos\Archivio\Archivio\Assets\Locale\en.json -> Assets\Locale\en.json
       タスク "Message" の実行が終了しました。
       タスク "Message"
         Archivio : Archivio.ContentFilesProjectOutputGroup : C:\Users\tuoza\source\repos\Archivio\Archivio\Assets\Locale\ja.json -> Assets\Locale\ja.json
       タスク "Message" の実行が終了しました。
       タスク "Message"
         Archivio : Archivio.ContentFilesProjectOutputGroup : C:\Users\tuoza\source\repos\Archivio\Archivio\Assets\LockScreenLogo.scale-200.png -> Assets\LockScreenLogo.scale-200.png
       タスク "Message" の実行が終了しました。
       タスク "Message"
         Archivio : Archivio.ContentFilesProjectOutputGroup : C:\Users\tuoza\source\repos\Archivio\Archivio\Assets\SplashScreen.scale-200.png -> Assets\SplashScreen.scale-200.png
       タスク "Message" の実行が終了しました。
       タスク "Message"
         Archivio : Archivio.ContentFilesProjectOutputGroup : C:\Users\tuoza\source\repos\Archivio\Archivio\Assets\Square150x150Logo.scale-200.png -> Assets\Square150x150Logo.scale-200.png
       タスク "Message" の実行が終了しました。
       タスク "Message"
         Archivio : Archivio.ContentFilesProjectOutputGroup : C:\Users\tuoza\source\repos\Archivio\Archivio\Assets\Square44x44Logo.scale-200.png -> Assets\Square44x44Logo.scale-200.png
       タスク "Message" の実行が終了しました。
       タスク "Message"
         Archivio : Archivio.ContentFilesProjectOutputGroup : C:\Users\tuoza\source\repos\Archivio\Archivio\Assets\Square44x44Logo.targetsize-24_altform-unplated.png -> Assets\Square44x44Logo.targetsize-24_altform-unplated.png
       タスク "Message" の実行が終了しました。
       タスク "Message"
         Archivio : Archivio.ContentFilesProjectOutputGroup : C:\Users\tuoza\source\repos\Archivio\Archivio\Assets\StoreLogo.png -> Assets\StoreLogo.png
       タスク "Message" の実行が終了しました。
       タスク "Message"
         Archivio : Archivio.ContentFilesProjectOutputGroup : C:\Users\tuoza\source\repos\Archivio\Archivio\Assets\Wide310x150Logo.scale-200.png -> Assets\Wide310x150Logo.scale-200.png
       タスク "Message" の実行が終了しました。
       タスク "Message"
         Archivio : Archivio.EmbedOutputGroupForPackaging : C:\Users\tuoza\source\repos\Archivio\Archivio\bin\x64\Debug\net10.0-windows10.0.19041.0\win-x64\App.xbf -> App.xbf
       タスク "Message" の実行が終了しました。
       タスク "Message"
         Archivio : Archivio.EmbedOutputGroupForPackaging : C:\Users\tuoza\source\repos\Archivio\Archivio\bin\x64\Debug\net10.0-windows10.0.19041.0\win-x64\Views\MainPage.xbf -> Views\MainPage.xbf
       タスク "Message" の実行が終了しました。
   1:7>プロジェクト "Archivio.csproj" 内のターゲット "GetPriOutputs" のビルドが終了しました。
       ターゲット "AssignTargetPaths" を省略しました。以前に正しくビルドされていました。
       ターゲット "_SplitProjectReferencesByFileExistence" を省略しました。以前に正しくビルドされていました。
       ターゲット "_GetProjectReferenceTargetFrameworkProperties" を省略しました。以前に正しくビルドされていました。
   1:7>ファイル "C:\Program Files\dotnet\sdk\10.0.301\Microsoft.Common.CurrentVersion.targets" 内にある、プロジェクト "C:\Users\tuoza\source\repos\Archivio\Archivio\Archivio.csproj" からのターゲット "_PopulateCommonStateForGetCopyToOutputDirectoryItems" (ターゲット "GetCopyToOutputDirectoryItems" は依存):
   1:7>プロジェクト "Archivio.csproj" 内のターゲット "_PopulateCommonStateForGetCopyToOutputDirectoryItems" のビルドが終了しました。
       ターゲット "BuildOnlySettings" を省略しました。以前に正しくビルドされていました。
       ターゲット "PrepareForBuild" を省略しました。以前に正しくビルドされていました。
       ターゲット "AssignTargetPaths" を省略しました。以前に正しくビルドされていました。
       ターゲット "ResolveReferences" を省略しました。以前に正しくビルドされていました。
   1:7>ファイル "C:\Users\tuoza\.nuget\packages\microsoft.windows.sdk.buildtools.msix\1.7.20250829.1\build\Microsoft.Windows.SDK.BuildTools.MSIX.MrtCore.PriExpansion.targets" 内にある、プロジェクト "C:\Users\tuoza\source\repos\Archivio\Archivio\Archivio.csproj" からのターゲット "AddPriPayloadFilesToCopyToOutputDirectoryItems" (ターゲット "GetCopyToOutputDirectoryItems" は依存):
       "WinAppSdkExpandPriContent" タスクをアセンブリ "C:\Users\tuoza\.nuget\packages\microsoft.windows.sdk.buildtools.msix\1.7.20250829.1\build\..\tools\net6.0\Microsoft.Windows.SDK.BuildTools.MSIX.dll" から使用しています。
       タスク "WinAppSdkExpandPriContent"
         C:\Users\tuoza\.nuget\packages\microsoft.windows.sdk.buildtools\10.0.28000.2526\bin\10.0.28000.0\x64\makepri.exe Dump -IndexFile C:\Users\tuoza\.nuget\packages\colorcode.winui\2.0.13\lib\net5.0-windows10.0.18362\ColorCode.WinUI.pri -OutputFile obj\x64\Debug\net10.0-windows10.0.19041.0\win-x64\ColorCode.WinUI.pri.xml -Verbose -Overwrite  
         Option Verbose specified
         Option Overwrite specified
         Output File at obj\x64\Debug\net10.0-windows10.0.19041.0\win-x64\ColorCode.WinUI.pri.xml
         Successfully Completed
         C:\Users\tuoza\.nuget\packages\microsoft.windows.sdk.buildtools\10.0.28000.2526\bin\10.0.28000.0\x64\makepri.exe Dump -IndexFile C:\Users\tuoza\.nuget\packages\communitytoolkit.winui\7.1.2\lib\net5.0-windows10.0.18362\CommunityToolkit.WinUI.pri -OutputFile obj\x64\Debug\net10.0-windows10.0.19041.0\win-x64\CommunityToolkit.WinUI.pri.xml -Verbose -Overwrite  
         Option Verbose specified
         Option Overwrite specified
         Output File at obj\x64\Debug\net10.0-windows10.0.19041.0\win-x64\CommunityToolkit.WinUI.pri.xml
         Successfully Completed
         C:\Users\tuoza\.nuget\packages\microsoft.windows.sdk.buildtools\10.0.28000.2526\bin\10.0.28000.0\x64\makepri.exe Dump -IndexFile C:\Users\tuoza\.nuget\packages\communitytoolkit.winui.ui\7.1.2\lib\net5.0-windows10.0.18362\CommunityToolkit.WinUI.UI.pri -OutputFile obj\x64\Debug\net10.0-windows10.0.19041.0\win-x64\CommunityToolkit.WinUI.UI.pri.xml -Verbose -Overwrite  
         Option Verbose specified
         Option Overwrite specified
         Output File at obj\x64\Debug\net10.0-windows10.0.19041.0\win-x64\CommunityToolkit.WinUI.UI.pri.xml
         Successfully Completed
         C:\Users\tuoza\.nuget\packages\microsoft.windows.sdk.buildtools\10.0.28000.2526\bin\10.0.28000.0\x64\makepri.exe Dump -IndexFile C:\Users\tuoza\.nuget\packages\communitytoolkit.winui.ui.controls.core\7.1.2\lib\net5.0-windows10.0.18362\CommunityToolkit.WinUI.UI.Controls.Core.pri -OutputFile obj\x64\Debug\net10.0-windows10.0.19041.0\win-x64\CommunityToolkit.WinUI.UI.Controls.Core.pri.xml -Verbose -Overwrite  
         Option Verbose specified
         Option Overwrite specified
         Output File at obj\x64\Debug\net10.0-windows10.0.19041.0\win-x64\CommunityToolkit.WinUI.UI.Controls.Core.pri.xml
         Successfully Completed
         C:\Users\tuoza\.nuget\packages\microsoft.windows.sdk.buildtools\10.0.28000.2526\bin\10.0.28000.0\x64\makepri.exe Dump -IndexFile C:\Users\tuoza\.nuget\packages\communitytoolkit.winui.ui.controls.datagrid\7.1.2\lib\net5.0-windows10.0.18362\CommunityToolkit.WinUI.UI.Controls.DataGrid.pri -OutputFile obj\x64\Debug\net10.0-windows10.0.19041.0\win-x64\CommunityToolkit.WinUI.UI.Controls.DataGrid.pri.xml -Verbose -Overwrite  
         Option Verbose specified
         Option Overwrite specified
         Output File at obj\x64\Debug\net10.0-windows10.0.19041.0\win-x64\CommunityToolkit.WinUI.UI.Controls.DataGrid.pri.xml
         Successfully Completed
         C:\Users\tuoza\.nuget\packages\microsoft.windows.sdk.buildtools\10.0.28000.2526\bin\10.0.28000.0\x64\makepri.exe Dump -IndexFile C:\Users\tuoza\.nuget\packages\communitytoolkit.winui.ui.controls.input\7.1.2\lib\net5.0-windows10.0.18362\CommunityToolkit.WinUI.UI.Controls.Input.pri -OutputFile obj\x64\Debug\net10.0-windows10.0.19041.0\win-x64\CommunityToolkit.WinUI.UI.Controls.Input.pri.xml -Verbose -Overwrite  
         Option Verbose specified
         Option Overwrite specified
         Output File at obj\x64\Debug\net10.0-windows10.0.19041.0\win-x64\CommunityToolkit.WinUI.UI.Controls.Input.pri.xml
         Successfully Completed
         C:\Users\tuoza\.nuget\packages\microsoft.windows.sdk.buildtools\10.0.28000.2526\bin\10.0.28000.0\x64\makepri.exe Dump -IndexFile C:\Users\tuoza\.nuget\packages\communitytoolkit.winui.ui.controls.layout\7.1.2\lib\net5.0-windows10.0.18362\CommunityToolkit.WinUI.UI.Controls.Layout.pri -OutputFile obj\x64\Debug\net10.0-windows10.0.19041.0\win-x64\CommunityToolkit.WinUI.UI.Controls.Layout.pri.xml -Verbose -Overwrite  
         Option Verbose specified
         Option Overwrite specified
         Output File at obj\x64\Debug\net10.0-windows10.0.19041.0\win-x64\CommunityToolkit.WinUI.UI.Controls.Layout.pri.xml
         Successfully Completed
         C:\Users\tuoza\.nuget\packages\microsoft.windows.sdk.buildtools\10.0.28000.2526\bin\10.0.28000.0\x64\makepri.exe Dump -IndexFile C:\Users\tuoza\.nuget\packages\communitytoolkit.winui.ui.controls.markdown\7.1.2\lib\net5.0-windows10.0.18362\CommunityToolkit.WinUI.UI.Controls.Markdown.pri -OutputFile obj\x64\Debug\net10.0-windows10.0.19041.0\win-x64\CommunityToolkit.WinUI.UI.Controls.Markdown.pri.xml -Verbose -Overwrite  
         Option Verbose specified
         Option Overwrite specified
         Output File at obj\x64\Debug\net10.0-windows10.0.19041.0\win-x64\CommunityToolkit.WinUI.UI.Controls.Markdown.pri.xml
         Successfully Completed
         C:\Users\tuoza\.nuget\packages\microsoft.windows.sdk.buildtools\10.0.28000.2526\bin\10.0.28000.0\x64\makepri.exe Dump -IndexFile C:\Users\tuoza\.nuget\packages\communitytoolkit.winui.ui.controls.media\7.1.2\lib\net5.0-windows10.0.18362\CommunityToolkit.WinUI.UI.Controls.Media.pri -OutputFile obj\x64\Debug\net10.0-windows10.0.19041.0\win-x64\CommunityToolkit.WinUI.UI.Controls.Media.pri.xml -Verbose -Overwrite  
         Option Verbose specified
         Option Overwrite specified
         Output File at obj\x64\Debug\net10.0-windows10.0.19041.0\win-x64\CommunityToolkit.WinUI.UI.Controls.Media.pri.xml
         Successfully Completed
         C:\Users\tuoza\.nuget\packages\microsoft.windows.sdk.buildtools\10.0.28000.2526\bin\10.0.28000.0\x64\makepri.exe Dump -IndexFile C:\Users\tuoza\.nuget\packages\communitytoolkit.winui.ui.controls.primitives\7.1.2\lib\net5.0-windows10.0.18362\CommunityToolkit.WinUI.UI.Controls.Primitives.pri -OutputFile obj\x64\Debug\net10.0-windows10.0.19041.0\win-x64\CommunityToolkit.WinUI.UI.Controls.Primitives.pri.xml -Verbose -Overwrite  
         Option Verbose specified
         Option Overwrite specified
         Output File at obj\x64\Debug\net10.0-windows10.0.19041.0\win-x64\CommunityToolkit.WinUI.UI.Controls.Primitives.pri.xml
         Successfully Completed
       タスク "WinAppSdkExpandPriContent" の実行が終了しました。
   1:7>プロジェクト "Archivio.csproj" 内のターゲット "AddPriPayloadFilesToCopyToOutputDirectoryItems" のビルドが終了しました。
       ターゲット "ContentFilesProjectOutputGroup" を省略しました。以前に正しくビルドされていました。
       ターゲット "Prep_ComputeProcessXamlFiles" を省略しました。以前に正しくビルドされていました。
   1:7>ファイル "C:\Users\tuoza\.nuget\packages\microsoft.windowsappsdk.winui\1.8.260803003\buildTransitive\Microsoft.WinUI.NET.Markup.Compiler.targets" 内にある、プロジェクト "C:\Users\tuoza\source\repos\Archivio\Archivio\Archivio.csproj" からのターゲット "AddProcessedXamlFilesToCopyLocal" (ターゲット "GetCopyToOutputDirectoryItems" は依存):
       タスク "AssignTargetPath"
       タスク "AssignTargetPath" の実行が終了しました。
       タスク "Message"
         (Out) _ProcessedXamlFilesToCopyLocal == C:\Users\tuoza\source\repos\Archivio\Archivio\obj\x64\Debug\net10.0-windows10.0.19041.0\win-x64\App.xbf;C:\Users\tuoza\source\repos\Archivio\Archivio\obj\x64\Debug\net10.0-windows10.0.19041.0\win-x64\Views\MainPage.xbf
       タスク "Message" の実行が終了しました。
       タスク "Message"
         (Out) _XamlFilesToCopyLocal == 
       タスク "Message" の実行が終了しました。
   1:7>プロジェクト "Archivio.csproj" 内のターゲット "AddProcessedXamlFilesToCopyLocal" のビルドが終了しました。
   1:7>ファイル "C:\Program Files\dotnet\sdk\10.0.301\Sdks\Microsoft.NET.Sdk\targets\Microsoft.NET.Sdk.targets" 内にある、プロジェクト "C:\Users\tuoza\source\repos\Archivio\Archivio\Archivio.csproj" からのターゲット "AddDepsJsonAndRuntimeConfigToCopyItemsForReferencingProjects" (ターゲット "GetCopyToOutputDirectoryItems" は依存):
   1:7>プロジェクト "Archivio.csproj" 内のターゲット "AddDepsJsonAndRuntimeConfigToCopyItemsForReferencingProjects" のビルドが終了しました。
   1:7>ファイル "C:\Program Files\dotnet\sdk\10.0.301\Microsoft.Common.CurrentVersion.targets" 内にある、プロジェクト "C:\Users\tuoza\source\repos\Archivio\Archivio\Archivio.csproj" からのターゲット "GetCopyToOutputDirectoryItems" (ターゲット "_CopySourceItemsToOutputDirectory" は依存):
       タスク "CallTarget"
       ターゲット "_PopulateCommonStateForGetCopyToOutputDirectoryItems" を省略しました。以前に正しくビルドされていました。
       ターゲット "_AddOutputPathToGlobalPropertiesToRemove" を省略しました。以前に正しくビルドされていました。
   1:7>ファイル "C:\Program Files\dotnet\sdk\10.0.301\Microsoft.Common.CurrentVersion.targets" 内にある、プロジェクト "C:\Users\tuoza\source\repos\Archivio\Archivio\Archivio.csproj" からのターゲット "_GetCopyToOutputDirectoryItemsFromTransitiveProjectReferences" (ターゲット "GetCopyToOutputDirectoryItems" は依存):
       タスク "AssignTargetPath"
       タスク "AssignTargetPath" の実行が終了しました。
   1:7>プロジェクト "Archivio.csproj" 内のターゲット "_GetCopyToOutputDirectoryItemsFromTransitiveProjectReferences" のビルドが終了しました。
       タスク "CallTarget" の実行が終了しました。
       タスク "CallTarget"
       ターゲット "AssignTargetPaths" を省略しました。以前に正しくビルドされていました。
       ターゲット "_PopulateCommonStateForGetCopyToOutputDirectoryItems" を省略しました。以前に正しくビルドされていました。
   1:7>ファイル "C:\Program Files\dotnet\sdk\10.0.301\Microsoft.Common.CurrentVersion.targets" 内にある、プロジェクト "C:\Users\tuoza\source\repos\Archivio\Archivio\Archivio.csproj" からのターゲット "_GetCopyToOutputDirectoryItemsFromThisProject" (ターゲット "GetCopyToOutputDirectoryItems" は依存):
       タスク "AssignTargetPath"
       タスク "AssignTargetPath" の実行が終了しました。
   1:7>プロジェクト "Archivio.csproj" 内のターゲット "_GetCopyToOutputDirectoryItemsFromThisProject" のビルドが終了しました。
       タスク "CallTarget" の実行が終了しました。
   1:7>プロジェクト "Archivio.csproj" 内のターゲット "GetCopyToOutputDirectoryItems" のビルドが終了しました。
   1:7>ファイル "C:\Users\tuoza\.nuget\packages\microsoft.windows.sdk.buildtools.msix\1.7.20250829.1\build\Microsoft.Windows.SDK.BuildTools.MSIX.Pri.targets" 内にある、プロジェクト "C:\Users\tuoza\source\repos\Archivio\Archivio\Archivio.csproj" からのターゲット "UpdateTargetPathForPriItems" (ターゲット "_CopySourceItemsToOutputDirectory" は依存):
   1:7>プロジェクト "Archivio.csproj" 内のターゲット "UpdateTargetPathForPriItems" のビルドが終了しました。
   1:7>ファイル "C:\Program Files\dotnet\sdk\10.0.301\Microsoft.Common.CurrentVersion.targets" 内にある、プロジェクト "C:\Users\tuoza\source\repos\Archivio\Archivio\Archivio.csproj" からのターゲット "_CopyOutOfDateSourceItemsToOutputDirectory" (ターゲット "_CopySourceItemsToOutputDirectory" は依存):
       すべての出力ファイルが入力ファイルに対して最新なので、ターゲット "_CopyOutOfDateSourceItemsToOutputDirectory" を省略します。
       入力ファイル: 
           C:\Users\tuoza\source\repos\Archivio\Archivio\Assets\Archivio.ico
           C:\Users\tuoza\source\repos\Archivio\Archivio\Assets\Locale\en.json
           C:\Users\tuoza\source\repos\Archivio\Archivio\Assets\Locale\ja.json
           C:\Users\tuoza\source\repos\Archivio\Archivio\Assets\LockScreenLogo.scale-200.png
           C:\Users\tuoza\source\repos\Archivio\Archivio\Assets\SplashScreen.scale-200.png
           C:\Users\tuoza\source\repos\Archivio\Archivio\Assets\Square150x150Logo.scale-200.png
           C:\Users\tuoza\source\repos\Archivio\Archivio\Assets\Square44x44Logo.scale-200.png
           C:\Users\tuoza\source\repos\Archivio\Archivio\Assets\Square44x44Logo.targetsize-24_altform-unplated.png
           C:\Users\tuoza\source\repos\Archivio\Archivio\Assets\StoreLogo.png
           C:\Users\tuoza\source\repos\Archivio\Archivio\Assets\Wide310x150Logo.scale-200.png
           C:\Users\tuoza\source\repos\Archivio\Archivio\obj\x64\Debug\net10.0-windows10.0.19041.0\win-x64\apphost.exe
       出力ファイル: 
           bin\x64\Debug\net10.0-windows10.0.19041.0\win-x64\Assets\Archivio.ico
           bin\x64\Debug\net10.0-windows10.0.19041.0\win-x64\Assets\Locale\en.json
           bin\x64\Debug\net10.0-windows10.0.19041.0\win-x64\Assets\Locale\ja.json
           bin\x64\Debug\net10.0-windows10.0.19041.0\win-x64\Assets\LockScreenLogo.scale-200.png
           bin\x64\Debug\net10.0-windows10.0.19041.0\win-x64\Assets\SplashScreen.scale-200.png
           bin\x64\Debug\net10.0-windows10.0.19041.0\win-x64\Assets\Square150x150Logo.scale-200.png
           bin\x64\Debug\net10.0-windows10.0.19041.0\win-x64\Assets\Square44x44Logo.scale-200.png
           bin\x64\Debug\net10.0-windows10.0.19041.0\win-x64\Assets\Square44x44Logo.targetsize-24_altform-unplated.png
           bin\x64\Debug\net10.0-windows10.0.19041.0\win-x64\Assets\StoreLogo.png
           bin\x64\Debug\net10.0-windows10.0.19041.0\win-x64\Assets\Wide310x150Logo.scale-200.png
           bin\x64\Debug\net10.0-windows10.0.19041.0\win-x64\Archivio.exe
   1:7>プロジェクト "Archivio.csproj" 内のターゲット "_CopyOutOfDateSourceItemsToOutputDirectory" のビルドが終了しました。
   1:7>ファイル "C:\Program Files\dotnet\sdk\10.0.301\Microsoft.Common.CurrentVersion.targets" 内にある、プロジェクト "C:\Users\tuoza\source\repos\Archivio\Archivio\Archivio.csproj" からのターゲット "_CopySourceItemsToOutputDirectory" (ターゲット "CopyFilesToOutputDirectory" は依存):
   1:7>プロジェクト "Archivio.csproj" 内のターゲット "_CopySourceItemsToOutputDirectory" のビルドが終了しました。
   1:7>ファイル "C:\Program Files\dotnet\sdk\10.0.301\Microsoft.Common.CurrentVersion.targets" 内にある、プロジェクト "C:\Users\tuoza\source\repos\Archivio\Archivio\Archivio.csproj" からのターゲット "_CheckForCompileOutputs" (ターゲット "CopyFilesToOutputDirectory" は依存):
   1:7>プロジェクト "Archivio.csproj" 内のターゲット "_CheckForCompileOutputs" のビルドが終了しました。
       ターゲット "Prep_ComputeProcessXamlFiles" を省略しました。以前に正しくビルドされていました。
   1:7>ファイル "C:\Users\tuoza\.nuget\packages\microsoft.windowsappsdk.winui\1.8.260803003\buildTransitive\Microsoft.UI.Xaml.Markup.Compiler.interop.targets" 内にある、プロジェクト "C:\Users\tuoza\source\repos\Archivio\Archivio\Archivio.csproj" からのターゲット "CopyGeneratedXaml" (ターゲット "CopyFilesToOutputDirectory" は依存):
       タスク "Copy"
         "SkipUnchangedFiles" パラメーターがプロジェクトで "true" に設定されているため、またファイルのサイズとタイムスタンプが一致するため、ファイル "obj\x64\Debug\net10.0-windows10.0.19041.0\win-x64\Views\MainPage.xbf" からファイル "bin\x64\Debug\net10.0-windows10.0.19041.0\win-x64\Views\MainPage.xbf" にコピーしませんでした。
         "SkipUnchangedFiles" パラメーターがプロジェクトで "true" に設定されているため、またファイルのサイズとタイムスタンプが一致するため、ファイル "obj\x64\Debug\net10.0-windows10.0.19041.0\win-x64\App.xbf" からファイル "bin\x64\Debug\net10.0-windows10.0.19041.0\win-x64\App.xbf" にコピーしませんでした。
       タスク "Copy" の実行が終了しました。
   1:7>プロジェクト "Archivio.csproj" 内のターゲット "CopyGeneratedXaml" のビルドが終了しました。
       ターゲット "_DefaultMicrosoftNETPlatformLibrary" を省略しました。以前に正しくビルドされていました。
       ターゲット "_HandlePackageFileConflicts" を省略しました。以前に正しくビルドされていました。
       ターゲット "ResolveAssemblyReferences" を省略しました。以前に正しくビルドされていました。
   1:7>ファイル "C:\Program Files\dotnet\sdk\10.0.301\Sdks\Microsoft.NET.Sdk\targets\Microsoft.NET.Sdk.targets" 内にある、プロジェクト "C:\Users\tuoza\source\repos\Archivio\Archivio\Archivio.csproj" からのターゲット "_ComputeReferenceAssemblies" (ターゲット "GenerateBuildDependencyFile" は依存):
   1:7>プロジェクト "Archivio.csproj" 内のターゲット "_ComputeReferenceAssemblies" のビルドが終了しました。
   1:7>ファイル "C:\Program Files\dotnet\sdk\10.0.301\Sdks\Microsoft.NET.Sdk\targets\Microsoft.NET.Sdk.targets" 内にある、プロジェクト "C:\Users\tuoza\source\repos\Archivio\Archivio\Archivio.csproj" からのターゲット "_ComputeUserRuntimeAssemblies" (ターゲット "GenerateBuildDependencyFile" は依存):
   1:7>プロジェクト "Archivio.csproj" 内のターゲット "_ComputeUserRuntimeAssemblies" のビルドが終了しました。
       ターゲット "ResolveRuntimePackAssets" を省略しました。以前に正しくビルドされていました。
       ターゲット "_ComputePackageReferencePublish" を省略しました。以前に正しくビルドされていました。
   1:7>ファイル "C:\Program Files\dotnet\sdk\10.0.301\Sdks\Microsoft.NET.Sdk\targets\Microsoft.NET.Sdk.targets" 内にある、プロジェクト "C:\Users\tuoza\source\repos\Archivio\Archivio\Archivio.csproj" からのターゲット "GenerateBuildDependencyFile" (ターゲット "CopyFilesToOutputDirectory" は依存):
       すべての出力ファイルが入力ファイルに対して最新なので、ターゲット "GenerateBuildDependencyFile" を省略します。
       入力ファイル: 
           C:\Users\tuoza\source\repos\Archivio\Archivio\obj\project.assets.json
           C:\Users\tuoza\source\repos\Archivio\Archivio\obj\x64\Debug\net10.0-windows10.0.19041.0\win-x64\Archivio.assets.cache
           C:\Users\tuoza\source\repos\Archivio\Archivio\Archivio.csproj
           C:\Program Files\dotnet\sdk\10.0.301\Current\Microsoft.Common.targets\ImportAfter\Microsoft.TestPlatform.ImportAfter.targets
           C:\Users\tuoza\.nuget\packages\microsoft.windows.sdk.buildtools.msix\1.7.20250829.1\build\Microsoft.Windows.SDK.BuildTools.MSIX.Packaging.targets
       出力ファイル: C:\Users\tuoza\source\repos\Archivio\Archivio\bin\x64\Debug\net10.0-windows10.0.19041.0\win-x64\Archivio.deps.json
   1:7>プロジェクト "Archivio.csproj" 内のターゲット "GenerateBuildDependencyFile" のビルドが終了しました。
       ターゲット "_DefaultMicrosoftNETPlatformLibrary" を省略しました。以前に正しくビルドされていました。
   1:7>ファイル "C:\Program Files\dotnet\sdk\10.0.301\Sdks\Microsoft.NET.Sdk\targets\Microsoft.NET.Sdk.targets" 内にある、プロジェクト "C:\Users\tuoza\source\repos\Archivio\Archivio\Archivio.csproj" からのターゲット "_GenerateRuntimeConfigurationFilesInputCache" (ターゲット "GenerateBuildRuntimeConfigurationFiles" は依存):
       タスク "Hash"
       タスク "Hash" の実行が終了しました。
       タスク "WriteLinesToFile"
         コンテンツが変更されていないため、ファイル "C:\Users\tuoza\source\repos\Archivio\Archivio\obj\x64\Debug\net10.0-windows10.0.19041.0\win-x64\Archivio.genruntimeconfig.cache" への書き込みをスキップします。
       タスク "WriteLinesToFile" の実行が終了しました。
   1:7>プロジェクト "Archivio.csproj" 内のターゲット "_GenerateRuntimeConfigurationFilesInputCache" のビルドが終了しました。
   1:7>ファイル "C:\Program Files\dotnet\sdk\10.0.301\Sdks\Microsoft.NET.Sdk\targets\Microsoft.NET.Sdk.targets" 内にある、プロジェクト "C:\Users\tuoza\source\repos\Archivio\Archivio\Archivio.csproj" からのターゲット "GenerateBuildRuntimeConfigurationFiles" (ターゲット "CopyFilesToOutputDirectory" は依存):
       すべての出力ファイルが入力ファイルに対して最新なので、ターゲット "GenerateBuildRuntimeConfigurationFiles" を省略します。
       入力ファイル: 
           C:\Users\tuoza\source\repos\Archivio\Archivio\obj\project.assets.json
           C:\Users\tuoza\source\repos\Archivio\Archivio\obj\x64\Debug\net10.0-windows10.0.19041.0\win-x64\Archivio.assets.cache
           C:\Users\tuoza\source\repos\Archivio\Archivio\obj\x64\Debug\net10.0-windows10.0.19041.0\win-x64\Archivio.genruntimeconfig.cache
       出力ファイル: C:\Users\tuoza\source\repos\Archivio\Archivio\bin\x64\Debug\net10.0-windows10.0.19041.0\win-x64\Archivio.runtimeconfig.json
   1:7>プロジェクト "Archivio.csproj" 内のターゲット "GenerateBuildRuntimeConfigurationFiles" のビルドが終了しました。
   1:7>ファイル "C:\Program Files\dotnet\sdk\10.0.301\Microsoft.Common.CurrentVersion.targets" 内にある、プロジェクト "C:\Users\tuoza\source\repos\Archivio\Archivio\Archivio.csproj" からのターゲット "CopyFilesToOutputDirectory" (ターゲット "GenerateProjectPriFile" は依存):
       タスク "Copy"
         "SkipUnchangedFiles" パラメーターがプロジェクトで "true" に設定されているため、またファイルのサイズとタイムスタンプが一致するため、ファイル "obj\x64\Debug\net10.0-windows10.0.19041.0\win-x64\Archivio.dll" からファイル "bin\x64\Debug\net10.0-windows10.0.19041.0\win-x64\Archivio.dll" にコピーしませんでした。
       タスク "Copy" の実行が終了しました。
       "CopyRefAssembly" タスクをアセンブリ "C:\Program Files\dotnet\sdk\10.0.301\Sdks\Microsoft.NET.Sdk\targets\..\..\..\Roslyn\Microsoft.Build.Tasks.CodeAnalysis.dll" から使用しています。
       タスク "CopyRefAssembly"
         TaskRun (Microsoft.CodeAnalysis.BuildTasks.CopyRefAssembly) 中にアセンブリが読み込まれました: Microsoft.Build.Tasks.CodeAnalysis.resources, Version=5.6.14.27133, Culture=ja, PublicKeyToken=31bf3856ad364e35 (場所: C:\Program Files\dotnet\sdk\10.0.301\Roslyn\ja\Microsoft.Build.Tasks.CodeAnalysis.resources.dll、MVID: c318df91-78f5-4330-b6ef-6386fb99dfb3、AssemblyLoadContext: MSBuild plugin C:\Program Files\dotnet\sdk\10.0.301\Roslyn\Microsoft.Build.Tasks.CodeAnalysis.dll)
         参照アセンブリ "C:\Users\tuoza\source\repos\Archivio\Archivio\obj\x64\Debug\net10.0-windows10.0.19041.0\win-x64\ref\Archivio.dll" には既に最新の情報が設定されています。このままの状態にします。
       タスク "CopyRefAssembly" の実行が終了しました。
       タスク "Message"
         Archivio -> C:\Users\tuoza\source\repos\Archivio\Archivio\bin\x64\Debug\net10.0-windows10.0.19041.0\win-x64\Archivio.dll
       タスク "Message" の実行が終了しました。
       タスク "Copy"
         "SkipUnchangedFiles" パラメーターがプロジェクトで "true" に設定されているため、またファイルのサイズとタイムスタンプが一致するため、ファイル "obj\x64\Debug\net10.0-windows10.0.19041.0\win-x64\Archivio.pdb" からファイル "bin\x64\Debug\net10.0-windows10.0.19041.0\win-x64\Archivio.pdb" にコピーしませんでした。
       タスク "Copy" の実行が終了しました。
   1:7>プロジェクト "Archivio.csproj" 内のターゲット "CopyFilesToOutputDirectory" のビルドが終了しました。
   1:7>ファイル "C:\Users\tuoza\.nuget\packages\microsoft.windows.sdk.buildtools.msix\1.7.20250829.1\build\Microsoft.Windows.SDK.BuildTools.MSIX.Pri.targets" 内にある、プロジェクト "C:\Users\tuoza\source\repos\Archivio\Archivio\Archivio.csproj" からのターゲット "BeforeGenerateProjectPriFile" (ターゲット "GenerateProjectPriFile" は依存):
   1:7>プロジェクト "Archivio.csproj" 内のターゲット "BeforeGenerateProjectPriFile" のビルドが終了しました。
       ターゲット "GetPriOutputs" を省略しました。以前に正しくビルドされていました。
   1:7>ファイル "C:\Users\tuoza\.nuget\packages\microsoft.windows.sdk.buildtools.msix\1.7.20250829.1\build\Microsoft.Windows.SDK.BuildTools.MSIX.Pri.targets" 内にある、プロジェクト "C:\Users\tuoza\source\repos\Archivio\Archivio\Archivio.csproj" からのターゲット "_GetPriFilesFromPayload" (ターゲット "GenerateProjectPriFile" は依存):
       "WinAppSdkRemoveDuplicatePriFiles" タスクをアセンブリ "C:\Users\tuoza\.nuget\packages\microsoft.windows.sdk.buildtools.msix\1.7.20250829.1\build\..\tools\net6.0\Microsoft.Windows.SDK.BuildTools.MSIX.dll" から使用しています。
       タスク "WinAppSdkRemoveDuplicatePriFiles"
       タスク "WinAppSdkRemoveDuplicatePriFiles" の実行が終了しました。
   1:7>プロジェクト "Archivio.csproj" 内のターゲット "_GetPriFilesFromPayload" のビルドが終了しました。
   1:7>ファイル "C:\Users\tuoza\.nuget\packages\microsoft.windows.sdk.buildtools.msix\1.7.20250829.1\build\Microsoft.Windows.SDK.BuildTools.MSIX.Pri.targets" 内にある、プロジェクト "C:\Users\tuoza\source\repos\Archivio\Archivio\Archivio.csproj" からのターゲット "_ComputeInputPriFiles" (ターゲット "GenerateProjectPriFile" は依存):
   1:7>プロジェクト "Archivio.csproj" 内のターゲット "_ComputeInputPriFiles" のビルドが終了しました。
   1:7>ファイル "C:\Users\tuoza\.nuget\packages\microsoft.windows.sdk.buildtools.msix\1.7.20250829.1\build\Microsoft.Windows.SDK.BuildTools.MSIX.Pri.targets" 内にある、プロジェクト "C:\Users\tuoza\source\repos\Archivio\Archivio\Archivio.csproj" からのターゲット "_GetDefaultResourceLanguage" (ターゲット "_GenerateProjectPriConfigurationFiles" は依存):
       "WinAppSdkGetDefaultResourceLanguage" タスクをアセンブリ "C:\Users\tuoza\.nuget\packages\microsoft.windows.sdk.buildtools.msix\1.7.20250829.1\build\..\tools\net6.0\Microsoft.Windows.SDK.BuildTools.MSIX.dll" から使用しています。
       タスク "WinAppSdkGetDefaultResourceLanguage"
       タスク "WinAppSdkGetDefaultResourceLanguage" の実行が終了しました。
   1:7>プロジェクト "Archivio.csproj" 内のターゲット "_GetDefaultResourceLanguage" のビルドが終了しました。
       ターゲット "_CopyOutOfDateSourceItemsToOutputDirectory" を省略しました。以前に正しくビルドされていました。
   1:7>ファイル "C:\Users\tuoza\.nuget\packages\microsoft.windows.sdk.buildtools.msix\1.7.20250829.1\build\Microsoft.Windows.SDK.BuildTools.MSIX.Pri.targets" 内にある、プロジェクト "C:\Users\tuoza\source\repos\Archivio\Archivio\Archivio.csproj" からのターゲット "_GenerateProjectPriConfigurationFiles" (ターゲット "GenerateProjectPriFile" は依存):
       ターゲット "_GenerateProjectPriConfigurationFiles" を完全にビルドしています。
       入力ファイル "C:\Users\tuoza\source\repos\Archivio\Archivio\Assets\Locale\en.json" は出力ファイル "obj\x64\Debug\net10.0-windows10.0.19041.0\win-x64\excluded.layout.resfiles" よりも新しいです。
       "WinAppSdkGeneratePriConfigurationFiles" タスクをアセンブリ "C:\Users\tuoza\.nuget\packages\microsoft.windows.sdk.buildtools.msix\1.7.20250829.1\build\..\tools\net6.0\Microsoft.Windows.SDK.BuildTools.MSIX.dll" から使用しています。
       タスク "WinAppSdkGeneratePriConfigurationFiles"
       タスク "WinAppSdkGeneratePriConfigurationFiles" の実行が終了しました。
       "WinAppSdkCreatePriConfigXmlForFullIndex" タスクをアセンブリ "C:\Users\tuoza\.nuget\packages\microsoft.windows.sdk.buildtools.msix\1.7.20250829.1\build\..\tools\net6.0\Microsoft.Windows.SDK.BuildTools.MSIX.dll" から使用しています。
       タスク "WinAppSdkCreatePriConfigXmlForFullIndex"
       タスク "WinAppSdkCreatePriConfigXmlForFullIndex" の実行が終了しました。
       タスク "MakeDir"
       タスク "MakeDir" の実行が終了しました。
       タスク "Copy"
         "SkipUnchangedFiles" パラメーターがプロジェクトで "true" に設定されているため、またファイルのサイズとタイムスタンプが一致するため、ファイル "C:\Users\tuoza\source\repos\Archivio\Archivio\bin\x64\Debug\net10.0-windows10.0.19041.0\win-x64\App.xbf" からファイル "obj\x64\Debug\net10.0-windows10.0.19041.0\win-x64\embed\App.xbf" にコピーしませんでした。
         "SkipUnchangedFiles" パラメーターがプロジェクトで "true" に設定されているため、またファイルのサイズとタイムスタンプが一致するため、ファイル "C:\Users\tuoza\source\repos\Archivio\Archivio\bin\x64\Debug\net10.0-windows10.0.19041.0\win-x64\Views\MainPage.xbf" からファイル "obj\x64\Debug\net10.0-windows10.0.19041.0\win-x64\embed\Views\MainPage.xbf" にコピーしませんでした。
       タスク "Copy" の実行が終了しました。
       タスク "Message"
         Archivio -> obj\x64\Debug\net10.0-windows10.0.19041.0\win-x64\priconfig.xml
       タスク "Message" の実行が終了しました。
       タスク "Message"
         Archivio -> obj\x64\Debug\net10.0-windows10.0.19041.0\win-x64\unfiltered.layout.resfiles
       タスク "Message" の実行が終了しました。
       タスク "Message"
         Archivio -> obj\x64\Debug\net10.0-windows10.0.19041.0\win-x64\filtered.layout.resfiles
       タスク "Message" の実行が終了しました。
       タスク "Message"
         Archivio -> obj\x64\Debug\net10.0-windows10.0.19041.0\win-x64\excluded.layout.resfiles
       タスク "Message" の実行が終了しました。
       タスク "Message"
         Archivio -> obj\x64\Debug\net10.0-windows10.0.19041.0\win-x64\resources.resfiles
       タスク "Message" の実行が終了しました。
       タスク "Message"
         Archivio -> obj\x64\Debug\net10.0-windows10.0.19041.0\win-x64\pri.resfiles
       タスク "Message" の実行が終了しました。
       タスク "Message"
         Archivio -> 
       タスク "Message" の実行が終了しました。
       タスク "Message"
         Archivio -> obj\x64\Debug\net10.0-windows10.0.19041.0\win-x64\embed\embed.resfiles
       タスク "Message" の実行が終了しました。
   1:7>プロジェクト "Archivio.csproj" 内のターゲット "_GenerateProjectPriConfigurationFiles" のビルドが終了しました。
   1:7>ファイル "C:\Users\tuoza\.nuget\packages\microsoft.windows.sdk.buildtools.msix\1.7.20250829.1\build\Microsoft.Windows.SDK.BuildTools.MSIX.Pri.targets" 内にある、プロジェクト "C:\Users\tuoza\source\repos\Archivio\Archivio\Archivio.csproj" からのターゲット "_CalculateInputsForGenerateProjectPriFileCore" (ターゲット "_GenerateProjectPriFileCore" は依存):
   1:7>プロジェクト "Archivio.csproj" 内のターゲット "_CalculateInputsForGenerateProjectPriFileCore" のビルドが終了しました。
   1:7>ファイル "C:\Users\tuoza\.nuget\packages\microsoft.windows.sdk.buildtools.msix\1.7.20250829.1\build\Microsoft.Windows.SDK.BuildTools.MSIX.Pri.targets" 内にある、プロジェクト "C:\Users\tuoza\source\repos\Archivio\Archivio\Archivio.csproj" からのターゲット "_GenerateProjectPriFileCore" (ターゲット "GenerateProjectPriFile" は依存):
       すべての出力ファイルが入力ファイルに対して最新なので、ターゲット "_GenerateProjectPriFileCore" を省略します。
       入力ファイル: 
           obj\x64\Debug\net10.0-windows10.0.19041.0\win-x64\priconfig.xml
           obj\x64\Debug\net10.0-windows10.0.19041.0\win-x64\filtered.layout.resfiles
           obj\x64\Debug\net10.0-windows10.0.19041.0\win-x64\resources.resfiles
           obj\x64\Debug\net10.0-windows10.0.19041.0\win-x64\pri.resfiles
           C:\Users\tuoza\.nuget\packages\colorcode.winui\2.0.13\lib\net5.0-windows10.0.18362\ColorCode.WinUI.pri
           C:\Users\tuoza\.nuget\packages\communitytoolkit.winui\7.1.2\lib\net5.0-windows10.0.18362\CommunityToolkit.WinUI.pri
           C:\Users\tuoza\.nuget\packages\communitytoolkit.winui.ui\7.1.2\lib\net5.0-windows10.0.18362\CommunityToolkit.WinUI.UI.pri
           C:\Users\tuoza\.nuget\packages\communitytoolkit.winui.ui.controls.core\7.1.2\lib\net5.0-windows10.0.18362\CommunityToolkit.WinUI.UI.Controls.Core.pri
           C:\Users\tuoza\.nuget\packages\communitytoolkit.winui.ui.controls.datagrid\7.1.2\lib\net5.0-windows10.0.18362\CommunityToolkit.WinUI.UI.Controls.DataGrid.pri
           C:\Users\tuoza\.nuget\packages\communitytoolkit.winui.ui.controls.input\7.1.2\lib\net5.0-windows10.0.18362\CommunityToolkit.WinUI.UI.Controls.Input.pri
           C:\Users\tuoza\.nuget\packages\communitytoolkit.winui.ui.controls.layout\7.1.2\lib\net5.0-windows10.0.18362\CommunityToolkit.WinUI.UI.Controls.Layout.pri
           C:\Users\tuoza\.nuget\packages\communitytoolkit.winui.ui.controls.markdown\7.1.2\lib\net5.0-windows10.0.18362\CommunityToolkit.WinUI.UI.Controls.Markdown.pri
           C:\Users\tuoza\.nuget\packages\communitytoolkit.winui.ui.controls.media\7.1.2\lib\net5.0-windows10.0.18362\CommunityToolkit.WinUI.UI.Controls.Media.pri
           C:\Users\tuoza\.nuget\packages\communitytoolkit.winui.ui.controls.primitives\7.1.2\lib\net5.0-windows10.0.18362\CommunityToolkit.WinUI.UI.Controls.Primitives.pri
           obj\x64\Debug\net10.0-windows10.0.19041.0\win-x64\embed\embed.resfiles
           C:\Users\tuoza\source\repos\Archivio\Archivio\bin\x64\Debug\net10.0-windows10.0.19041.0\win-x64\App.xbf
           C:\Users\tuoza\source\repos\Archivio\Archivio\bin\x64\Debug\net10.0-windows10.0.19041.0\win-x64\Views\MainPage.xbf
           C:\Users\tuoza\source\repos\Archivio\Archivio\Archivio.csproj
           C:\Program Files\dotnet\sdk\10.0.301\Current\Microsoft.Common.targets\ImportAfter\Microsoft.TestPlatform.ImportAfter.targets
           C:\Users\tuoza\.nuget\packages\microsoft.windows.sdk.buildtools.msix\1.7.20250829.1\build\Microsoft.Windows.SDK.BuildTools.MSIX.Packaging.targets
       出力ファイル: C:\Users\tuoza\source\repos\Archivio\Archivio\bin\x64\Debug\net10.0-windows10.0.19041.0\win-x64\Archivio.pri
   1:7>プロジェクト "Archivio.csproj" 内のターゲット "_GenerateProjectPriFileCore" のビルドが終了しました。
   1:7>ファイル "C:\Users\tuoza\.nuget\packages\microsoft.windows.sdk.buildtools.msix\1.7.20250829.1\build\Microsoft.Windows.SDK.BuildTools.MSIX.Pri.targets" 内にある、プロジェクト "C:\Users\tuoza\source\repos\Archivio\Archivio\Archivio.csproj" からのターゲット "_AddFileReadsAndFileWritesForProjectPri" (ターゲット "GenerateProjectPriFile" は依存):
   1:7>プロジェクト "Archivio.csproj" 内のターゲット "_AddFileReadsAndFileWritesForProjectPri" のビルドが終了しました。
   1:7>ファイル "C:\Users\tuoza\.nuget\packages\microsoft.windows.sdk.buildtools.msix\1.7.20250829.1\build\Microsoft.Windows.SDK.BuildTools.MSIX.Pri.targets" 内にある、プロジェクト "C:\Users\tuoza\source\repos\Archivio\Archivio\Archivio.csproj" からのターゲット "_CalculateUseResourceIndexerApi" (ターゲット "GenerateProjectPriFile" は依存):
       タスク "Message"
         AppxUseResourceIndexerApi=true
       タスク "Message" の実行が終了しました。
   1:7>プロジェクト "Archivio.csproj" 内のターゲット "_CalculateUseResourceIndexerApi" のビルドが終了しました。
   1:7>ファイル "C:\Users\tuoza\.nuget\packages\microsoft.windows.sdk.buildtools.msix\1.7.20250829.1\build\Microsoft.Windows.SDK.BuildTools.MSIX.Pri.targets" 内にある、プロジェクト "C:\Users\tuoza\source\repos\Archivio\Archivio\Archivio.csproj" からのターゲット "AfterGenerateProjectPriFile" (ターゲット "GenerateProjectPriFile" は依存):
   1:7>プロジェクト "Archivio.csproj" 内のターゲット "AfterGenerateProjectPriFile" のビルドが終了しました。
   1:7>ファイル "C:\Users\tuoza\.nuget\packages\microsoft.windows.sdk.buildtools.msix\1.7.20250829.1\build\Microsoft.Windows.SDK.BuildTools.MSIX.Pri.targets" 内にある、プロジェクト "C:\Users\tuoza\source\repos\Archivio\Archivio\Archivio.csproj" からのターゲット "GenerateProjectPriFile" (ターゲット "PrepareForRun" は依存):
   1:7>プロジェクト "Archivio.csproj" 内のターゲット "GenerateProjectPriFile" のビルドが終了しました。
   1:7>ファイル "C:\Users\tuoza\.nuget\packages\microsoft.windows.sdk.buildtools.msix\1.7.20250829.1\build\Microsoft.Windows.SDK.BuildTools.MSIX.Packaging.targets" 内にある、プロジェクト "C:\Users\tuoza\source\repos\Archivio\Archivio\Archivio.csproj" からのターゲット "_ValidateConfiguration" (ターゲット "PrepareForRun" は依存):
       "WinAppSdkValidateConfiguration" タスクをアセンブリ "C:\Users\tuoza\.nuget\packages\microsoft.windows.sdk.buildtools.msix\1.7.20250829.1\build\..\tools\net6.0\Microsoft.Windows.SDK.BuildTools.MSIX.dll" から使用しています。
       タスク "WinAppSdkValidateConfiguration"
         Running 'WinAppSdkValidateConfiguration' task.
         Task 'WinAppSdkValidateConfiguration' finished.
       タスク "WinAppSdkValidateConfiguration" の実行が終了しました。
   1:7>プロジェクト "Archivio.csproj" 内のターゲット "_ValidateConfiguration" のビルドが終了しました。
   1:7>ファイル "C:\Users\tuoza\.nuget\packages\microsoft.windows.sdk.buildtools.msix\1.7.20250829.1\build\Microsoft.Windows.SDK.BuildTools.MSIX.Packaging.targets" 内にある、プロジェクト "C:\Users\tuoza\source\repos\Archivio\Archivio\Archivio.csproj" からのターゲット "_ValidatePaths" (ターゲット "PrepareForRun" は依存):
       C:\Users\tuoza\.nuget\packages\microsoft.windows.sdk.buildtools.msix\1.7.20250829.1\build\Microsoft.Windows.SDK.BuildTools.MSIX.Packaging.targets(1568,7): message : プロパティの再代入: $(AppxUploadLayoutDir)="obj\x64\Debug\net10.0-windows10.0.19041.0\win-x64\PackageUploadLayout\" (以前の値: "obj\x64\Debug\net10.0-windows10.0.19041.0\win-x64\PackageUploadLayout") C:\Users\tuoza\.nuget\packages\microsoft.windows.sdk.buildtools.msix\1.7.20250829.1\build\Microsoft.Windows.SDK.BuildTools.MSIX.Packaging.targets (1568,7) [C:\Users\tuoza\source\repos\Archivio\Archivio\Archivio.csproj]
   1:7>プロジェクト "Archivio.csproj" 内のターゲット "_ValidatePaths" のビルドが終了しました。
   1:7>ファイル "C:\Users\tuoza\.nuget\packages\microsoft.windows.sdk.buildtools.msix\1.7.20250829.1\build\Microsoft.Windows.SDK.BuildTools.MSIX.Packaging.targets" 内にある、プロジェクト "C:\Users\tuoza\source\repos\Archivio\Archivio\Archivio.csproj" からのターゲット "_GetAppxManifestSchemaItems" (ターゲット "PrepareForRun" は依存):
   1:7>プロジェクト "Archivio.csproj" 内のターゲット "_GetAppxManifestSchemaItems" のビルドが終了しました。
   1:7>ファイル "C:\Users\tuoza\.nuget\packages\microsoft.windows.sdk.buildtools.msix\1.7.20250829.1\build\Microsoft.Windows.SDK.BuildTools.MSIX.Packaging.targets" 内にある、プロジェクト "C:\Users\tuoza\source\repos\Archivio\Archivio\Archivio.csproj" からのターゲット "_FindAndValidateBundleMappingFile" (ターゲット "PrepareForRun" は依存):
   1:7>プロジェクト "Archivio.csproj" 内のターゲット "_FindAndValidateBundleMappingFile" のビルドが終了しました。
   1:7>ファイル "C:\Users\tuoza\.nuget\packages\microsoft.windows.sdk.buildtools.msix\1.7.20250829.1\build\Microsoft.Windows.SDK.BuildTools.MSIX.Pri.targets" 内にある、プロジェクト "C:\Users\tuoza\source\repos\Archivio\Archivio\Archivio.csproj" からのターゲット "_GetPriConfigXmlSnippets" (ターゲット "PrepareForRun" は依存):
   1:7>プロジェクト "Archivio.csproj" 内のターゲット "_GetPriConfigXmlSnippets" のビルドが終了しました。
       ターゲット "CopyFilesToOutputDirectory" を省略しました。以前に正しくビルドされていました。
   1:7>ファイル "C:\Program Files\dotnet\sdk\10.0.301\Microsoft.Common.CurrentVersion.targets" 内にある、プロジェクト "C:\Users\tuoza\source\repos\Archivio\Archivio\Archivio.csproj" からのターゲット "PrepareForRun" (ターゲット "CoreBuild" は依存):
   1:7>プロジェクト "Archivio.csproj" 内のターゲット "PrepareForRun" のビルドが終了しました。
       ターゲット "_CheckForCompileOutputs" を省略しました。以前に正しくビルドされていました。
   1:7>ファイル "C:\Program Files\dotnet\sdk\10.0.301\Microsoft.Common.CurrentVersion.targets" 内にある、プロジェクト "C:\Users\tuoza\source\repos\Archivio\Archivio\Archivio.csproj" からのターゲット "_CleanGetCurrentAndPriorFileWrites" (ターゲット "IncrementalClean" は依存):
       "ReadLinesFromFile" タスクをアセンブリ "Microsoft.Build.Tasks.Core, Version=15.1.0.0, Culture=neutral, PublicKeyToken=b03f5f7f11d50a3a" から使用しています。
       タスク "ReadLinesFromFile"
       タスク "ReadLinesFromFile" の実行が終了しました。
       タスク "ConvertToAbsolutePath"
       タスク "ConvertToAbsolutePath" の実行が終了しました。
       "FindUnderPath" タスクをアセンブリ "Microsoft.Build.Tasks.Core, Version=15.1.0.0, Culture=neutral, PublicKeyToken=b03f5f7f11d50a3a" から使用しています。
       タスク "FindUnderPath"
         比較パスは "C:\Users\tuoza\source\repos\Archivio\Archivio" です。
       タスク "FindUnderPath" の実行が終了しました。
       タスク "FindUnderPath"
         比較パスは "bin\x64\Debug\net10.0-windows10.0.19041.0\win-x64\" です。
       タスク "FindUnderPath" の実行が終了しました。
       タスク "FindUnderPath"
         比較パスは "obj\x64\Debug\net10.0-windows10.0.19041.0\win-x64\" です。
       タスク "FindUnderPath" の実行が終了しました。
       タスク "RemoveDuplicates"
       タスク "RemoveDuplicates" の実行が終了しました。
   1:7>プロジェクト "Archivio.csproj" 内のターゲット "_CleanGetCurrentAndPriorFileWrites" のビルドが終了しました。
   1:7>ファイル "C:\Program Files\dotnet\sdk\10.0.301\Microsoft.Common.CurrentVersion.targets" 内にある、プロジェクト "C:\Users\tuoza\source\repos\Archivio\Archivio\Archivio.csproj" からのターゲット "IncrementalClean" (ターゲット "CoreBuild" は依存):
       タスク "FindUnderPath"
         比較パスは "bin\x64\Debug\net10.0-windows10.0.19041.0\win-x64\" です。
       タスク "FindUnderPath" の実行が終了しました。
       タスク "FindUnderPath"
         比較パスは "obj\x64\Debug\net10.0-windows10.0.19041.0\win-x64\" です。
       タスク "FindUnderPath" の実行が終了しました。
       "Delete" タスクをアセンブリ "Microsoft.Build.Tasks.Core, Version=15.1.0.0, Culture=neutral, PublicKeyToken=b03f5f7f11d50a3a" から使用しています。
       タスク "Delete"
       タスク "Delete" の実行が終了しました。
       タスク "RemoveDuplicates"
       タスク "RemoveDuplicates" の実行が終了しました。
   1:7>プロジェクト "Archivio.csproj" 内のターゲット "IncrementalClean" のビルドが終了しました。
       ターゲット "GenerateBuildDependencyFile" を省略しました。以前に正しくビルドされていました。
       ターゲット "GenerateBuildRuntimeConfigurationFiles" を省略しました。以前に正しくビルドされていました。
   1:7>ファイル "C:\Program Files\dotnet\sdk\10.0.301\Microsoft.Common.CurrentVersion.targets" 内にある、プロジェクト "C:\Users\tuoza\source\repos\Archivio\Archivio\Archivio.csproj" からのターゲット "CoreBuild" (ターゲット "Build" は依存):
   1:7>プロジェクト "Archivio.csproj" 内のターゲット "CoreBuild" のビルドが終了しました。
   1:7>ファイル "C:\Program Files\dotnet\sdk\10.0.301\Microsoft.Common.CurrentVersion.targets" 内にある、プロジェクト "C:\Users\tuoza\source\repos\Archivio\Archivio\Archivio.csproj" からのターゲット "AfterBuild" (ターゲット "Build" は依存):
   1:7>プロジェクト "Archivio.csproj" 内のターゲット "AfterBuild" のビルドが終了しました。
       ターゲット "_CheckForInvalidConfigurationAndPlatform" を省略しました。以前に正しくビルドされていました。
       ターゲット "_CheckForInvalidConfigurationAndPlatform" を省略しました。以前に正しくビルドされていました。
   1:7>ファイル "C:\Program Files\dotnet\sdk\10.0.301\Microsoft.Common.CurrentVersion.targets" 内にある、プロジェクト "C:\Users\tuoza\source\repos\Archivio\Archivio\Archivio.csproj" からのターゲット "Build" (エントリ ポイント):
   1:7>プロジェクト "Archivio.csproj" 内のターゲット "Build" のビルドが終了しました。
   1:7>ファイル "C:\Program Files\dotnet\sdk\10.0.301\Containers\build\Microsoft.NET.Build.Containers.targets" 内にある、プロジェクト "C:\Users\tuoza\source\repos\Archivio\Archivio\Archivio.csproj" からのターゲット "_CheckContainersPackage" (エントリ ポイント):
   1:7>プロジェクト "Archivio.csproj" 内のターゲット "_CheckContainersPackage" のビルドが終了しました。
   1:7>プロジェクト "C:\Users\tuoza\source\repos\Archivio\Archivio\Archivio.csproj" (既定のターゲット) のビルドが完了しました。

ビルドに成功しました。
    0 個の警告
    0 エラー

経過時間 00:00:02.10
